transfer_id,originator_address,beneficiary_address,originator_identity,beneficiary_identity,kyc_status,counterparty_vasp_status,approved_asset,approved_amount_limit_eth,approved_destination,approved_period_start,approved_period_end,requested_asset,requested_amount_eth,requested_destination,requested_at,transaction_identifier,tx_hash,execution_status,ethereum_block_number,ethereum_transaction_index,baseline_policy_decision
DA-V3-00001,0x14ffd5d4f0c48e3e79d8346b85917e092b0c52d2,0xda7afeed01fe625cf15d187a19f94b45f00b8c5f,VASPCUST-S-0000,VASPCUST-B-0000,FAILED,UNKNOWN,ETH,0.05,0xda7afeed01fe625cf15d187a19f94b45f00b8c5f,2026-01-01T00:00:00+00:00,2026-01-15T23:59:59+00:00,UNAPPROVED_TOKEN,7.0,0x000000000000000000000000000000000000dEaD,2026-09-07T00:01:59+00:00,0xd438e71938f41a806966da30ff354c350739863b9c1e2ab5d121f287edab9b22,0xd438e71938f41a806966da30ff354c350739863b9c1e2ab5d121f287edab9b22,UNKNOWN_STATUS_NOT_EXTRACTED,25921763,0,REVIEW
DA-V3-00002,0x21cb492117ba484303da6108c31c6c12f573a67e,0x0411f0ff4105fdc075e5e1bfdab47183c1b9df78,VASPCUST-S-0001,VASPCUST-B-0001,VERIFIED,VERIFIED,ETH,0.25,0x0411f0ff4105fdc075e5e1bfdab47183c1b9df78,2026-01-01T00:00:00+00:00,2026-12-31T23:59:59+00:00,ETH,0.021118945,0x0411f0ff4105fdc075e5e1bfdab47183c1b9df78,2026-09-07T00:02:59+00:00,0x3b3c856b917e8dc1c4e0a4a71774ffb59e5e73d19ced831b112362cfdff9e77d,0x3b3c856b917e8dc1c4e0a4a71774ffb59e5e73d19ced831b112362cfdff9e77d,UNKNOWN_STATUS_NOT_EXTRACTED,25921763,43,PASS
DA-V3-00003,0xac24cb76cd81570a8f4538fa49d6b22c8c10c7f0,0x4cd00e387622c35bddb9b4c962c136462338bc31,VASPCUST-S-0002,VASPCUST-B-0002,VERIFIED,VERIFIED,ETH,1.0,0x4cd00e387622c35bddb9b4c962c136462338bc31,2026-01-01T00:00:00+00:00,2026-12-31T23:59:59+00:00,ETH,0.004452047403323,0x4cd00e387622c35bddb9b4c962c136462338bc31,2026-09-07T00:03:59+00:00,0xf3504fc89187dc378255192d5d130ef64b5ae2510169eb4234537397f295ca9b,0xf3504fc89187dc378255192d5d130ef64b5ae2510169eb4234537397f295ca9b,UNKNOWN_STATUS_NOT_EXTRACTED,25921763,86,PASS
DA-V3-00004,0x06fd4ba7973a0d39a91734bbc35bc2bcaa99e3b0,0x25f8087ead173b73d6e8b84329989a8eea16cf73,VASPCUST-S-0003,VASPCUST-B-0003,VERIFIED,VERIFIED,ETH,5.0,0x25f8087ead173b73d6e8b84329989a8eea16cf73,2026-01-01T00:00:00+00:00,2026-12-31T23:59:59+00:00,ETH,1.012615e-05,0x25f8087ead173b73d6e8b84329989a8eea16cf73,2026-09-07T00:04:59+00:00,0x20ea73c42a8b932b28a44a924dffa225ce834b3300c92f85e537e3161f091e21,0x20ea73c42a8b932b28a44a924dffa225ce834b3300c92f85e537e3161f091e21,UNKNOWN_STATUS_NOT_EXTRACTED,25921763,129,PASS
DA-V3-00005,0x05a9efd416d3ffa79c645e161b6d5f32db1f2cfc,0xf97327a3b50d82b8d8c5de2eb2ef7f5278278b6d,VASPCUST-S-0004,VASPCUST-B-0004,VERIFIED,VERIFIED,ETH,20.0,0xf97327a3b50d82b8d8c5de2eb2ef7f5278278b6d,2026-01-01T00:00:00+00:00,2026-12-31T23:59:59+00:00,ETH,0.001968647,0xf97327a3b50d82b8d8c5de2eb2ef7f5278278b6d,2026-09-07T00:05:59+00:00,0x98a183c98a8be9a66a06b1bf3d2e6958299b4293574dfae04b548be21c4bf65c,0x98a183c98a8be9a66a06b1bf3d2e6958299b4293574dfae04b548be21c4bf65c,UNKNOWN_STATUS_NOT_EXTRACTED,25921763,172,PASS
DA-V3-00006,0xbe0b407782a7599380fa726db315340126d62229,0xdac17f958d2ee523a2206206994597c13d831ec7,VASPCUST-S-0005,VASPCUST-B-0005,VERIFIED,VERIFIED,ETH,0.05,0xdac17f958d2ee523a2206206994597c13d831ec7,2026-01-01T00:00:00+00:00,2026-12-31T23:59:59+00:00,ETH,0.0012,0xdac17f958d2ee523a2206206994597c13d831ec7,2026-09-07T00:06:59+00:00,0x6875c66246d79999fbda56c8984676e8511ef4c1371d2a87298d7517a964f726,0x6875c66246d79999fbda56c8984676e8511ef4c1371d2a87298d7517a964f726,UNKNOWN_STATUS_NOT_EXTRACTED,25921763,215,PASS
DA-V3-00007,0xf9b6a1eb0190bf76274b0876957ee9f4f508af41,0xdfaa75323fb721e5f29d43859390f62cc4b600b8,VASPCUST-S-0006,VASPCUST-B-0006,VERIFIED,VERIFIED,ETH,0.25,0xdfaa75323fb721e5f29d43859390f62cc4b600b8,2026-01-01T00:00:00+00:00,2026-12-31T23:59:59+00:00,ETH,0.00383,0xdfaa75323fb721e5f29d43859390f62cc4b600b8,2026-09-07T00:07:59+00:00,0xae699c6bbd49794ea8a0adf9e6d00371a4a3c1a6663c6853ef44db0d9c1c8185,0xae699c6bbd49794ea8a0adf9e6d00371a4a3c1a6663c6853ef44db0d9c1c8185,UNKNOWN_STATUS_NOT_EXTRACTED,25921762,38,PASS
DA-V3-00008,0xada5bb90d0de0bd1b6f3938708f49295a8d1f7cb,0xdac17f958d2ee523a2206206994597c13d831ec7,VASPCUST-S-0007,VASPCUST-B-0007,VERIFIED,VERIFIED,ETH,1.0,0xdac17f958d2ee523a2206206994597c13d831ec7,2026-01-01T00:00:00+00:00,2026-12-31T23:59:59+00:00,ETH,1.2376358043e-05,0xdac17f958d2ee523a2206206994597c13d831ec7,2026-09-07T00:08:59+00:00,0x5d1580e168ca40bbb66757c96878e8f90e2fbf60817a25bb26219c50a6852e1a,0x5d1580e168ca40bbb66757c96878e8f90e2fbf60817a25bb26219c50a6852e1a,UNKNOWN_STATUS_NOT_EXTRACTED,25921762,81,PASS
DA-V3-00009,0x74b0275a268958ac4eed54df34ed7fefef28e434,0xf31698ddad0d11160fe85c500397a470cd3d492e,VASPCUST-S-0008,VASPCUST-B-0008,PENDING,VERIFIED,ETH,5.0,0xf31698ddad0d11160fe85c500397a470cd3d492e,2026-01-01T00:00:00+00:00,2026-12-31T23:59:59+00:00,ETH,2.5921755e-11,0xf31698ddad0d11160fe85c500397a470cd3d492e,2026-09-07T00:09:47+00:00,0xf6ba9bfd0d467ef990deb4b599a8847ce812d53d6a3150cbf78dfd0aad7968d4,0xf6ba9bfd0d467ef990deb4b599a8847ce812d53d6a3150cbf78dfd0aad7968d4,UNKNOWN_STATUS_NOT_EXTRACTED,25921762,124,REVIEW
DA-V3-00010,0x1bdde64c1e7fcfcdce68edfe2414be52638251d0,0xdac17f958d2ee523a2206206994597c13d831ec7,VASPCUST-S-0009,VASPCUST-B-0009,VERIFIED,VERIFIED,ETH,20.0,0xdac17f958d2ee523a2206206994597c13d831ec7,2026-01-01T00:00:00+00:00,2026-12-31T23:59:59+00:00,ETH,0.07867364215025366,0xdac17f958d2ee523a2206206994597c13d831ec7,2026-09-07T00:10:47+00:00,0xc0da0c2b41324d52de58810ee14a49338753f382b59b3c78e983fdc2215da903,0xc0da0c2b41324d52de58810ee14a49338753f382b59b3c78e983fdc2215da903,UNKNOWN_STATUS_NOT_EXTRACTED,25921762,167,PASS
DA-V3-00011,0xf26f397fef9f338b7502c6fc42aa18ebd1af756d,0xc10fc8fa761285fa3fa25aafcc10a54456ee8919,VASPCUST-S-0010,VASPCUST-B-0010,VERIFIED,VERIFIED,ETH,0.05,0xc10fc8fa761285fa3fa25aafcc10a54456ee8919,2026-01-01T00:00:00+00:00,2026-12-31T23:59:59+00:00,ETH,0.001981160589232028,0xc10fc8fa761285fa3fa25aafcc10a54456ee8919,2026-09-07T00:11:47+00:00,0x9fccd6758694b75934216b0f18664303f998a1008d80d3ac92b1f4217aca7795,0x9fccd6758694b75934216b0f18664303f998a1008d80d3ac92b1f4217aca7795,UNKNOWN_STATUS_NOT_EXTRACTED,25921762,210,PASS
DA-V3-00012,0xd0817b529fce4f23df248d08f396ac147ebec5af,0xa9d1e08c7793af67e9d92fe308d5697fb81d3e43,VASPCUST-S-0011,VASPCUST-B-0011,VERIFIED,UNKNOWN,ETH,0.25,0xa9d1e08c7793af67e9d92fe308d5697fb81d3e43,2026-01-01T00:00:00+00:00,2026-12-31T23:59:59+00:00,ETH,0.004620423302158944,0xa9d1e08c7793af67e9d92fe308d5697fb81d3e43,2026-09-07T00:12:47+00:00,0x5079e3c920eec2e171340d5bd1f1f5bd8273b3d83a082805b592502951847def,0x5079e3c920eec2e171340d5bd1f1f5bd8273b3d83a082805b592502951847def,UNKNOWN_STATUS_NOT_EXTRACTED,25921762,253,REVIEW
DA-V3-00013,0x755f05491285ac10710daac05de86ae5f8ba3c9c,0x26d3681dfc9e4c8c79cfbf461adec8a21d5d73c5,VASPCUST-S-0012,VASPCUST-B-0012,VERIFIED,VERIFIED,ETH,1.0,0x26d3681dfc9e4c8c79cfbf461adec8a21d5d73c5,2026-01-01T00:00:00+00:00,2026-12-31T23:59:59+00:00,ETH,0.02312224,0x26d3681dfc9e4c8c79cfbf461adec8a21d5d73c5,2026-09-07T00:13:47+00:00,0xc60c3ba2152404f125dd13e2926a1295c7bad7524f2dbca711b2de79151518a0,0xc60c3ba2152404f125dd13e2926a1295c7bad7524f2dbca711b2de79151518a0,UNKNOWN_STATUS_NOT_EXTRACTED,25921762,296,PASS
DA-V3-00014,0x4337019d937ebcbd73dd750072d86c1ce664b350,0x7bc994c550319eafe43f6a97b3d3e2bf329bc536,VASPCUST-S-0013,VASPCUST-B-0013,VERIFIED,VERIFIED,ETH,5.0,0x7bc994c550319eafe43f6a97b3d3e2bf329bc536,2026-01-01T00:00:00+00:00,2026-12-31T23:59:59+00:00,ETH,0.006981307814499686,0x7bc994c550319eafe43f6a97b3d3e2bf329bc536,2026-09-07T00:14:47+00:00,0x2938178641fd2d79994b708b5c178334254971fcd64a52f9ce6cc01b58e6c325,0x2938178641fd2d79994b708b5c178334254971fcd64a52f9ce6cc01b58e6c325,UNKNOWN_STATUS_NOT_EXTRACTED,25921762,339,PASS
DA-V3-00015,0xf9bea130a2f82d25dfdfd09f566420c4eb722123,0x278d858f05b94576c1e6f73285886876ff6ef8d2,VASPCUST-S-0014,VASPCUST-B-0014,VERIFIED,VERIFIED,ETH,20.0,0x278d858f05b94576c1e6f73285886876ff6ef8d2,2026-01-01T00:00:00+00:00,2026-12-31T23:59:59+00:00,ETH,0.009993998637472,0x278d858f05b94576c1e6f73285886876ff6ef8d2,2026-09-07T00:15:47+00:00,0x2273499b8c92116194b5d20aedc4ab94952f7ece89a8d5d89d1b465ee73372c7,0x2273499b8c92116194b5d20aedc4ab94952f7ece89a8d5d89d1b465ee73372c7,UNKNOWN_STATUS_NOT_EXTRACTED,25921761,30,PASS
DA-V3-00016,0x1368487bccee27421c5b4a90a437dbb8e8ea11ce,0xf196f4abac4bdb6122d1361c29eccd4ce17356a4,VASPCUST-S-0015,VASPCUST-B-0015,VERIFIED,VERIFIED,ETH,0.05,0xf196f4abac4bdb6122d1361c29eccd4ce17356a4,2026-01-01T00:00:00+00:00,2026-12-31T23:59:59+00:00,ETH,4.0,0xf196f4abac4bdb6122d1361c29eccd4ce17356a4,2026-09-07T00:16:47+00:00,0xce2f7f7a6b6abcfa5c21d8949671d65cd2a9d59fe17225f04a33f7bd3d7ecf09,0xce2f7f7a6b6abcfa5c21d8949671d65cd2a9d59fe17225f04a33f7bd3d7ecf09,UNKNOWN_STATUS_NOT_EXTRACTED,25921761,73,BLOCK
DA-V3-00017,0xd0fd2869b155698cbdbb311b9893bc7510ae9456,0xdac17f958d2ee523a2206206994597c13d831ec7,VASPCUST-S-0016,VASPCUST-B-0016,FAILED,VERIFIED,ETH,0.25,0xdac17f958d2ee523a2206206994597c13d831ec7,2026-01-01T00:00:00+00:00,2026-12-31T23:59:59+00:00,ETH,0.09929,0xdac17f958d2ee523a2206206994597c13d831ec7,2026-09-07T00:17:47+00:00,0x3a18346e83a7593f9a41a8f7655c27b8d1064c3179d01e7b01f5e6c426c31e93,0x3a18346e83a7593f9a41a8f7655c27b8d1064c3179d01e7b01f5e6c426c31e93,UNKNOWN_STATUS_NOT_EXTRACTED,25921761,116,REVIEW
DA-V3-00018,0x8c8d7c46219d9205f056f28fee5950ad564d7465,0xdac17f958d2ee523a2206206994597c13d831ec7,VASPCUST-S-0017,VASPCUST-B-0017,VERIFIED,VERIFIED,ETH,1.0,0xdac17f958d2ee523a2206206994597c13d831ec7,2026-01-01T00:00:00+00:00,2026-12-31T23:59:59+00:00,UNAPPROVED_TOKEN,0.007839606143668474,0xdac17f958d2ee523a2206206994597c13d831ec7,2026-09-07T00:18:47+00:00,0x6ba6b08bb183ce7543229c915346423aec7eddc87552038dc758af5ba4a1443d,0x6ba6b08bb183ce7543229c915346423aec7eddc87552038dc758af5ba4a1443d,UNKNOWN_STATUS_NOT_EXTRACTED,25921761,159,BLOCK
DA-V3-00019,0x2953e0040007cd057446e2222fb84575c6f5d2b1,0x809c0a690763342515373f90866c98e8cdacf99a,VASPCUST-S-0018,VASPCUST-B-0018,VERIFIED,VERIFIED,ETH,5.0,0x809c0a690763342515373f90866c98e8cdacf99a,2026-01-01T00:00:00+00:00,2026-12-31T23:59:59+00:00,ETH,3.1742299606186e-05,0x809c0a690763342515373f90866c98e8cdacf99a,2026-09-07T00:19:47+00:00,0x082b859e7d902dd2b89acb5a0436b7d6a887f04fcf27dec8742bcb97d137bc7d,0x082b859e7d902dd2b89acb5a0436b7d6a887f04fcf27dec8742bcb97d137bc7d,UNKNOWN_STATUS_NOT_EXTRACTED,25921761,202,PASS
DA-V3-00020,0xced372d2dc756fdedf12b8b6bf4efa794af917a7,0xec2c96e75b09e29b66bf2ee5c37fa749ef9aa7c7,VASPCUST-S-0019,VASPCUST-B-0019,VERIFIED,VERIFIED,ETH,20.0,0xec2c96e75b09e29b66bf2ee5c37fa749ef9aa7c7,2026-01-01T00:00:00+00:00,2026-12-31T23:59:59+00:00,ETH,1.123122e-05,0x000000000000000000000000000000000000dEaD,2026-09-07T00:20:35+00:00,0x20c23b723dd361a4f57a713b00f138b9bf6a646893429cdfa1e65119209080ad,0x20c23b723dd361a4f57a713b00f138b9bf6a646893429cdfa1e65119209080ad,UNKNOWN_STATUS_NOT_EXTRACTED,25921761,245,BLOCK
DA-V3-00021,0x790ff44266b1900a4ae03d3c0fe9697e04be917e,0x93c30e6e09f698cfea99b09b5166ed90cfaedd17,VASPCUST-S-0020,VASPCUST-B-0020,VERIFIED,VERIFIED,ETH,0.05,0x93c30e6e09f698cfea99b09b5166ed90cfaedd17,2026-01-01T00:00:00+00:00,2026-12-31T23:59:59+00:00,ETH,0.0219517514655503,0x93c30e6e09f698cfea99b09b5166ed90cfaedd17,2026-09-07T00:21:35+00:00,0x703907b68ee228fffbc6c89ebb72ea8e26643e56745a0405aedb03ff168499b4,0x703907b68ee228fffbc6c89ebb72ea8e26643e56745a0405aedb03ff168499b4,UNKNOWN_STATUS_NOT_EXTRACTED,25921761,288,PASS
DA-V3-00022,0x0d0707963952f2fba59dd06f2b425ace40b492fe,0x4e81ab563a1f22e5964e51c0c29089c93135c01a,VASPCUST-S-0021,VASPCUST-B-0021,VERIFIED,VERIFIED,ETH,0.25,0x4e81ab563a1f22e5964e51c0c29089c93135c01a,2026-01-01T00:00:00+00:00,2026-12-31T23:59:59+00:00,ETH,0.01236113,0x4e81ab563a1f22e5964e51c0c29089c93135c01a,2026-09-07T00:22:35+00:00,0x3c3446075ef2b4e3c25fa3eff041b5416e6351ad1af6a5e078b13f2119cfb496,0x3c3446075ef2b4e3c25fa3eff041b5416e6351ad1af6a5e078b13f2119cfb496,UNKNOWN_STATUS_NOT_EXTRACTED,25921761,331,PASS
DA-V3-00023,0x81a5d0f919b372739a30b53269768aa1f042a59b,0x278d858f05b94576c1e6f73285886876ff6ef8d2,VASPCUST-S-0022,VASPCUST-B-0022,VERIFIED,UNKNOWN,ETH,1.0,0x278d858f05b94576c1e6f73285886876ff6ef8d2,2026-01-01T00:00:00+00:00,2026-12-31T23:59:59+00:00,ETH,1e-09,0x278d858f05b94576c1e6f73285886876ff6ef8d2,2026-09-07T00:23:35+00:00,0x0128f7de6c45896e3c8d1f673c7a9920f94531477a1433bb9242f915bd624375,0x0128f7de6c45896e3c8d1f673c7a9920f94531477a1433bb9242f915bd624375,UNKNOWN_STATUS_NOT_EXTRACTED,25921760,24,REVIEW
DA-V3-00024,0xe4e1b0134f92a32f6386c898ad6ca6b076c19e7a,0xf8a7010020a46dad2d346cb4b797c57a00000bda,VASPCUST-S-0023,VASPCUST-B-0023,VERIFIED,VERIFIED,ETH,5.0,0xf8a7010020a46dad2d346cb4b797c57a00000bda,2026-01-01T00:00:00+00:00,2026-01-15T23:59:59+00:00,ETH,0.1180003996,0xf8a7010020a46dad2d346cb4b797c57a00000bda,2026-09-07T00:24:35+00:00,0xea157cb2208ec375332db98e3c498fab0a12c97259b54772bf3cfa395feeb5a5,0xea157cb2208ec375332db98e3c498fab0a12c97259b54772bf3cfa395feeb5a5,UNKNOWN_STATUS_NOT_EXTRACTED,25921760,67,PASS
DA-V3-00025,0x3e10ab3b27129eebf0c06b7f8ed5c47119416977,0xdac17f958d2ee523a2206206994597c13d831ec7,VASPCUST-S-0024,VASPCUST-B-0024,PENDING,VERIFIED,ETH,20.0,0xdac17f958d2ee523a2206206994597c13d831ec7,2026-01-01T00:00:00+00:00,2026-12-31T23:59:59+00:00,ETH,0.01883137151661375,0xdac17f958d2ee523a2206206994597c13d831ec7,2026-09-07T00:25:35+00:00,0xa81f7beb982b89a7e7b46efaf011778ad2640763ce10e40c6d966fa1beeeb2b2,0xa81f7beb982b89a7e7b46efaf011778ad2640763ce10e40c6d966fa1beeeb2b2,UNKNOWN_STATUS_NOT_EXTRACTED,25921760,110,REVIEW
DA-V3-00026,0xca1ee6abeaa8d61c9d3e73c94d7bdb9fbc114138,0xcf5104d094e3864cfcbda43b82e1cefd26a016eb,VASPCUST-S-0025,VASPCUST-B-0025,VERIFIED,VERIFIED,ETH,0.05,0xcf5104d094e3864cfcbda43b82e1cefd26a016eb,2026-01-01T00:00:00+00:00,2026-12-31T23:59:59+00:00,ETH,1.0,0xcf5104d094e3864cfcbda43b82e1cefd26a016eb,2026-09-07T00:26:35+00:00,0x12b6bafe26dbe9dcc6028841564bc21a467be6f5fa0e7d0c4e2225036a2d0e8c,0x12b6bafe26dbe9dcc6028841564bc21a467be6f5fa0e7d0c4e2225036a2d0e8c,UNKNOWN_STATUS_NOT_EXTRACTED,25921760,153,BLOCK
DA-V3-00027,0x1368487bccee27421c5b4a90a437dbb8e8ea11ce,0xdac17f958d2ee523a2206206994597c13d831ec7,VASPCUST-S-0026,VASPCUST-B-0026,VERIFIED,VERIFIED,ETH,0.25,0xdac17f958d2ee523a2206206994597c13d831ec7,2026-01-01T00:00:00+00:00,2026-12-31T23:59:59+00:00,ETH,1e-05,0xdac17f958d2ee523a2206206994597c13d831ec7,2026-09-07T00:27:35+00:00,0x40740957338384cf86a7cab0031c90fd14213490cebe516be4d05717b3c19e68,0x40740957338384cf86a7cab0031c90fd14213490cebe516be4d05717b3c19e68,UNKNOWN_STATUS_NOT_EXTRACTED,25921759,30,PASS
DA-V3-00028,0x7e4a50a90eaf94e38ab4facd8dd87bc6aaacc413,0xfaba6f8e4a5e8ab82f62fe7c39859fa577269be3,VASPCUST-S-0027,VASPCUST-B-0027,VERIFIED,VERIFIED,ETH,1.0,0xfaba6f8e4a5e8ab82f62fe7c39859fa577269be3,2026-01-01T00:00:00+00:00,2026-12-31T23:59:59+00:00,ETH,0.0374924,0xfaba6f8e4a5e8ab82f62fe7c39859fa577269be3,2026-09-07T00:28:35+00:00,0x29b1091aab98e5c02dfc2d9eb9b0942ecd9eb59fbb959cfad7015fba90386413,0x29b1091aab98e5c02dfc2d9eb9b0942ecd9eb59fbb959cfad7015fba90386413,UNKNOWN_STATUS_NOT_EXTRACTED,25921759,73,PASS
DA-V3-00029,0xe2e20a25cb629b099276aaf0d693a59510bac2a0,0xdac17f958d2ee523a2206206994597c13d831ec7,VASPCUST-S-0028,VASPCUST-B-0028,VERIFIED,VERIFIED,ETH,5.0,0xdac17f958d2ee523a2206206994597c13d831ec7,2026-01-01T00:00:00+00:00,2026-12-31T23:59:59+00:00,ETH,0.05605462,0xdac17f958d2ee523a2206206994597c13d831ec7,2026-09-07T00:29:35+00:00,0x9305beb3ed37200e1ed1bc7751cc867b572d070fc8cc2cf9a7482e741f88f285,0x9305beb3ed37200e1ed1bc7751cc867b572d070fc8cc2cf9a7482e741f88f285,UNKNOWN_STATUS_NOT_EXTRACTED,25921759,116,PASS
DA-V3-00030,0xa19ecdc8ab051ea27e6b8815aa8adad00898f591,0x4acdaf5429aeef693b8804948d2fd8fd1e64558a,VASPCUST-S-0029,VASPCUST-B-0029,VERIFIED,VERIFIED,ETH,20.0,0x4acdaf5429aeef693b8804948d2fd8fd1e64558a,2026-01-01T00:00:00+00:00,2026-12-31T23:59:59+00:00,ETH,0.19799571649892161,0x4acdaf5429aeef693b8804948d2fd8fd1e64558a,2026-09-07T00:30:35+00:00,0xfce2c42f20685d112a3b5e7e9aeecb08d8130f966d48591596b98972c89a39f5,0xfce2c42f20685d112a3b5e7e9aeecb08d8130f966d48591596b98972c89a39f5,UNKNOWN_STATUS_NOT_EXTRACTED,25921759,159,PASS
DA-V3-00031,0x6ad6d96f16a8781a5987087abc44eb394f9d4389,0x182858592d31633e3f85138aaf484d3d14c340ea,VASPCUST-S-0030,VASPCUST-B-0030,VERIFIED,VERIFIED,ETH,0.05,0x182858592d31633e3f85138aaf484d3d14c340ea,2026-01-01T00:00:00+00:00,2026-12-31T23:59:59+00:00,ETH,9.623406015e-05,0x182858592d31633e3f85138aaf484d3d14c340ea,2026-09-07T00:31:23+00:00,0x05ded69d031abe0f6a389b8fe9ef81c4f90e9cd9ec1af27ba5be6f0881ff48cb,0x05ded69d031abe0f6a389b8fe9ef81c4f90e9cd9ec1af27ba5be6f0881ff48cb,UNKNOWN_STATUS_NOT_EXTRACTED,25921759,202,PASS
DA-V3-00032,0x91355870a334ffc33e84503327773259e3030366,0xbdb3ba9ffe392549e1f8658dd2630c141fdf47b6,VASPCUST-S-0031,VASPCUST-B-0031,VERIFIED,VERIFIED,ETH,0.25,0xbdb3ba9ffe392549e1f8658dd2630c141fdf47b6,2026-01-01T00:00:00+00:00,2026-12-31T23:59:59+00:00,ETH,0.0001,0xbdb3ba9ffe392549e1f8658dd2630c141fdf47b6,2026-09-07T00:32:23+00:00,0x229770a820761da54373597ffa75048c3e35399ffcd47ac238aee438dee8317b,0x229770a820761da54373597ffa75048c3e35399ffcd47ac238aee438dee8317b,UNKNOWN_STATUS_NOT_EXTRACTED,25921759,245,PASS
DA-V3-00033,0x29d1b335d3c4150a37e9387119f504305012d190,0xb50721bcf8d664c30412cfbc6cf7a15145234ad1,VASPCUST-S-0032,VASPCUST-B-0032,FAILED,VERIFIED,ETH,1.0,0xb50721bcf8d664c30412cfbc6cf7a15145234ad1,2026-01-01T00:00:00+00:00,2026-12-31T23:59:59+00:00,ETH,7.9380441,0xb50721bcf8d664c30412cfbc6cf7a15145234ad1,2026-09-07T00:33:23+00:00,0x5cb09dd7d05a8ef644fcc63ae63c33a55c657fb35d57f387d69c889d7aa059c6,0x5cb09dd7d05a8ef644fcc63ae63c33a55c657fb35d57f387d69c889d7aa059c6,UNKNOWN_STATUS_NOT_EXTRACTED,25921759,288,REVIEW
DA-V3-00034,0x260b364fe0d3d37e6fd3cda0fa50926a06c54cea,0xdac17f958d2ee523a2206206994597c13d831ec7,VASPCUST-S-0033,VASPCUST-B-0033,VERIFIED,UNKNOWN,ETH,5.0,0xdac17f958d2ee523a2206206994597c13d831ec7,2026-01-01T00:00:00+00:00,2026-12-31T23:59:59+00:00,ETH,0.000110405903659408,0xdac17f958d2ee523a2206206994597c13d831ec7,2026-09-07T00:34:23+00:00,0x7546d3fc4a314392d379381b7f057ecfb8a607d04fbbdf38cdf1cd785f984fe8,0x7546d3fc4a314392d379381b7f057ecfb8a607d04fbbdf38cdf1cd785f984fe8,UNKNOWN_STATUS_NOT_EXTRACTED,25921759,331,REVIEW
DA-V3-00035,0xa9a9a2b0e9c334e22ac6a56234a895eb3135fd06,0xda7afeed01fe625cf15d187a19f94b45f00b8c5f,VASPCUST-S-0034,VASPCUST-B-0034,VERIFIED,VERIFIED,ETH,20.0,0xda7afeed01fe625cf15d187a19f94b45f00b8c5f,2026-01-01T00:00:00+00:00,2026-12-31T23:59:59+00:00,UNAPPROVED_TOKEN,0.01170403,0xda7afeed01fe625cf15d187a19f94b45f00b8c5f,2026-09-07T00:35:23+00:00,0x00c42ab1438e8d19db2bce6b9ddf4e9cac269e8f8b6a99d4ceb84c471ada4171,0x00c42ab1438e8d19db2bce6b9ddf4e9cac269e8f8b6a99d4ceb84c471ada4171,UNKNOWN_STATUS_NOT_EXTRACTED,25921759,374,BLOCK
DA-V3-00036,0x7440891b7b884c0e4d71cbe7e9a4bd4ff46e8d35,0xdac17f958d2ee523a2206206994597c13d831ec7,VASPCUST-S-0035,VASPCUST-B-0035,VERIFIED,VERIFIED,ETH,0.05,0xdac17f958d2ee523a2206206994597c13d831ec7,2026-01-01T00:00:00+00:00,2026-12-31T23:59:59+00:00,ETH,0.116323422417174,0xdac17f958d2ee523a2206206994597c13d831ec7,2026-09-07T00:36:23+00:00,0x8d8dee468708d122a8477fdf1a200755f1eaf47b14009a1efdb70708db2f0948,0x8d8dee468708d122a8477fdf1a200755f1eaf47b14009a1efdb70708db2f0948,UNKNOWN_STATUS_NOT_EXTRACTED,25921759,417,BLOCK
DA-V3-00037,0x21a31ee1afc51d94c2efccaa2092ad1028285549,0x0000317bec33af037b5fab2028f52d14658f6a56,VASPCUST-S-0036,VASPCUST-B-0036,VERIFIED,VERIFIED,ETH,0.25,0x0000317bec33af037b5fab2028f52d14658f6a56,2026-01-01T00:00:00+00:00,2026-12-31T23:59:59+00:00,ETH,0.004751275670086252,0x0000317bec33af037b5fab2028f52d14658f6a56,2026-09-07T00:37:11+00:00,0x752807fc066785790947398170fb50e41a2d0910394a717ed499d37e76a38f84,0x752807fc066785790947398170fb50e41a2d0910394a717ed499d37e76a38f84,UNKNOWN_STATUS_NOT_EXTRACTED,25921759,460,PASS
DA-V3-00038,0x90202f9621c71492b75864fac9dd262f66760fef,0x7497756ada7e656ae9f00781af49fc0fd08f8a8a,VASPCUST-S-0037,VASPCUST-B-0037,VERIFIED,VERIFIED,ETH,1.0,0x7497756ada7e656ae9f00781af49fc0fd08f8a8a,2026-01-01T00:00:00+00:00,2026-12-31T23:59:59+00:00,ETH,1.999994912876462,0x7497756ada7e656ae9f00781af49fc0fd08f8a8a,2026-09-07T00:38:11+00:00,0x0e9cf280997cd0049fda01ac9d781cd338a7c0a006f03e5c957836f88d56d206,0x0e9cf280997cd0049fda01ac9d781cd338a7c0a006f03e5c957836f88d56d206,UNKNOWN_STATUS_NOT_EXTRACTED,25921759,503,BLOCK
DA-V3-00039,0x0c91eb880468c4139821507fcbc1eafc92056ee0,0x28f86eb5021ecd212e0bc392d417b3210e8e9aae,VASPCUST-S-0038,VASPCUST-B-0038,VERIFIED,VERIFIED,ETH,5.0,0x28f86eb5021ecd212e0bc392d417b3210e8e9aae,2026-01-01T00:00:00+00:00,2026-12-31T23:59:59+00:00,ETH,0.1396,0x000000000000000000000000000000000000dEaD,2026-09-07T00:39:11+00:00,0x4065f53109e8c4716721650bc1d61c383d20f26de182f3052a80fed353b0c2f8,0x4065f53109e8c4716721650bc1d61c383d20f26de182f3052a80fed353b0c2f8,UNKNOWN_STATUS_NOT_EXTRACTED,25921759,546,BLOCK
DA-V3-00040,0x47152c21288044ed95d839ac05c10ae64ddf3cf6,0x93c30e6e09f698cfea99b09b5166ed90cfaedd17,VASPCUST-S-0039,VASPCUST-B-0039,VERIFIED,VERIFIED,ETH,20.0,0x93c30e6e09f698cfea99b09b5166ed90cfaedd17,2026-01-01T00:00:00+00:00,2026-12-31T23:59:59+00:00,ETH,1e-09,0x93c30e6e09f698cfea99b09b5166ed90cfaedd17,2026-09-07T00:40:11+00:00,0x2382d47a42e3c6328756f3b2b9aae3f35ad650ef7a58115ad0eaa068a13073fd,0x2382d47a42e3c6328756f3b2b9aae3f35ad650ef7a58115ad0eaa068a13073fd,UNKNOWN_STATUS_NOT_EXTRACTED,25921759,589,PASS
DA-V3-00041,0xe92e65049b3c2ca12806e9567b08895118c5a03f,0x0000000000efa780a8e6f50fc5de9c1497bfd175,VASPCUST-S-0040,VASPCUST-B-0040,PENDING,VERIFIED,ETH,0.05,0x0000000000efa780a8e6f50fc5de9c1497bfd175,2026-01-01T00:00:00+00:00,2026-12-31T23:59:59+00:00,ETH,0.0005422423427772,0x0000000000efa780a8e6f50fc5de9c1497bfd175,2026-09-07T00:41:11+00:00,0x1ca81f3bf1074e0ed6062c2d8eb97ee24973fa845795851c4f57dc5110d4aa37,0x1ca81f3bf1074e0ed6062c2d8eb97ee24973fa845795851c4f57dc5110d4aa37,UNKNOWN_STATUS_NOT_EXTRACTED,25921759,632,REVIEW
DA-V3-00042,0xc86972ad575ac46b6a195ad620616f5157237259,0xe6f87b8eae04944d5209d0ba290e7067050b728b,VASPCUST-S-0041,VASPCUST-B-0041,VERIFIED,VERIFIED,ETH,0.25,0xe6f87b8eae04944d5209d0ba290e7067050b728b,2026-01-01T00:00:00+00:00,2026-12-31T23:59:59+00:00,ETH,0.000573213155111518,0xe6f87b8eae04944d5209d0ba290e7067050b728b,2026-09-07T00:42:11+00:00,0xa5cf5b3c83e35556857028f7ebf6859a3bd6a896a23ea41aa973cb091acf5092,0xa5cf5b3c83e35556857028f7ebf6859a3bd6a896a23ea41aa973cb091acf5092,UNKNOWN_STATUS_NOT_EXTRACTED,25921758,40,PASS
DA-V3-00043,0x44fa9ed3d2c105d0f566fdf225b98fff8e9c9eac,0x1231deb6f5749ef6ce6943a275a1d3e7486f4eae,VASPCUST-S-0042,VASPCUST-B-0042,VERIFIED,VERIFIED,ETH,1.0,0x1231deb6f5749ef6ce6943a275a1d3e7486f4eae,2026-01-01T00:00:00+00:00,2026-12-31T23:59:59+00:00,ETH,0.000697383606122968,0x1231deb6f5749ef6ce6943a275a1d3e7486f4eae,2026-09-07T00:43:11+00:00,0x88b48b05b622487c3695b194eadb8776276fb3a21f5c92aee1e5785d2429df22,0x88b48b05b622487c3695b194eadb8776276fb3a21f5c92aee1e5785d2429df22,UNKNOWN_STATUS_NOT_EXTRACTED,25921758,83,PASS
DA-V3-00044,0x387f0638339a159509d9d07f6e0d0ffbf31866a5,0xdac17f958d2ee523a2206206994597c13d831ec7,VASPCUST-S-0043,VASPCUST-B-0043,VERIFIED,VERIFIED,ETH,5.0,0xdac17f958d2ee523a2206206994597c13d831ec7,2026-01-01T00:00:00+00:00,2026-12-31T23:59:59+00:00,ETH,0.000177397164294567,0xdac17f958d2ee523a2206206994597c13d831ec7,2026-09-07T00:44:11+00:00,0xb97a255c1cb69556095802fc9d05b46db1fd321bf25ec117d52ab1aaabce0890,0xb97a255c1cb69556095802fc9d05b46db1fd321bf25ec117d52ab1aaabce0890,UNKNOWN_STATUS_NOT_EXTRACTED,25921758,126,PASS
DA-V3-00045,0xebafa9b6fcd16ca866ca35caa345dfb75aed9acd,0x8b1484d57abbe239bb280661377363b03c89caea,VASPCUST-S-0044,VASPCUST-B-0044,VERIFIED,UNKNOWN,ETH,20.0,0x8b1484d57abbe239bb280661377363b03c89caea,2026-01-01T00:00:00+00:00,2026-12-31T23:59:59+00:00,ETH,1.94982517275e-06,0x8b1484d57abbe239bb280661377363b03c89caea,2026-09-07T00:45:11+00:00,0xde3607115a3d1002e30dd5480d89f17d6122c01e4f0f4fc886d628b8381e45a7,0xde3607115a3d1002e30dd5480d89f17d6122c01e4f0f4fc886d628b8381e45a7,UNKNOWN_STATUS_NOT_EXTRACTED,25921757,15,REVIEW
DA-V3-00046,0x6745e16220971949ae43c1dfc2a13573d4329395,0xaa7a9ca87d3694b5755f213b5d04094b8d0f0a6f,VASPCUST-S-0045,VASPCUST-B-0045,VERIFIED,VERIFIED,ETH,0.05,0xaa7a9ca87d3694b5755f213b5d04094b8d0f0a6f,2026-01-01T00:00:00+00:00,2026-12-31T23:59:59+00:00,ETH,3.796630275e-06,0xaa7a9ca87d3694b5755f213b5d04094b8d0f0a6f,2026-09-07T00:46:11+00:00,0xc1aef125ba6a70dbc4d69fe84c93ad5d847119a50dcff6ac3284601ff91530cc,0xc1aef125ba6a70dbc4d69fe84c93ad5d847119a50dcff6ac3284601ff91530cc,UNKNOWN_STATUS_NOT_EXTRACTED,25921757,58,PASS
DA-V3-00047,0xcb667cbc2571173de8bb5e8e231b321d2d9d8a5c,0xa0b86991c6218b36c1d19d4a2e9eb0ce3606eb48,VASPCUST-S-0046,VASPCUST-B-0046,VERIFIED,VERIFIED,ETH,0.25,0xa0b86991c6218b36c1d19d4a2e9eb0ce3606eb48,2026-01-01T00:00:00+00:00,2026-01-15T23:59:59+00:00,ETH,0.001009384661494848,0xa0b86991c6218b36c1d19d4a2e9eb0ce3606eb48,2026-09-07T00:47:11+00:00,0x2a601b4f26975e85ebc77496ab2e2c725a7b18b857f360d0e2118a09fd56cc40,0x2a601b4f26975e85ebc77496ab2e2c725a7b18b857f360d0e2118a09fd56cc40,UNKNOWN_STATUS_NOT_EXTRACTED,25921757,101,PASS
DA-V3-00048,0xd6434d157f254276d69ede3bd9fc805482206908,0x8cc5c24a1666d3214340050315b82b2b6b0d9027,VASPCUST-S-0047,VASPCUST-B-0047,VERIFIED,VERIFIED,ETH,1.0,0x8cc5c24a1666d3214340050315b82b2b6b0d9027,2026-01-01T00:00:00+00:00,2026-12-31T23:59:59+00:00,ETH,1.0874715475e-05,0x8cc5c24a1666d3214340050315b82b2b6b0d9027,2026-09-07T00:48:11+00:00,0x368e96782cc87aaf1d05e3e434936b472a9bb63db695ae1ba2df825670a912b3,0x368e96782cc87aaf1d05e3e434936b472a9bb63db695ae1ba2df825670a912b3,UNKNOWN_STATUS_NOT_EXTRACTED,25921757,144,PASS
DA-V3-00049,0x72f8dc41968d0ab143a299fe695ea9efaa22f225,0xdac17f958d2ee523a2206206994597c13d831ec7,VASPCUST-S-0048,VASPCUST-B-0048,FAILED,VERIFIED,ETH,5.0,0xdac17f958d2ee523a2206206994597c13d831ec7,2026-01-01T00:00:00+00:00,2026-12-31T23:59:59+00:00,ETH,39.329,0xdac17f958d2ee523a2206206994597c13d831ec7,2026-09-07T00:49:11+00:00,0x6942c4a8edd1ace13c1996d45156d1529703c90279f305e7eb975294f2d31919,0x6942c4a8edd1ace13c1996d45156d1529703c90279f305e7eb975294f2d31919,UNKNOWN_STATUS_NOT_EXTRACTED,25921757,187,REVIEW
DA-V3-00050,0xf64bbc1c98624e2c44afb3d7665a058b4eab79d8,0x2560bf23cd6858ac0effc20351f92db0e6093e03,VASPCUST-S-0049,VASPCUST-B-0049,VERIFIED,VERIFIED,ETH,20.0,0x2560bf23cd6858ac0effc20351f92db0e6093e03,2026-01-01T00:00:00+00:00,2026-12-31T23:59:59+00:00,ETH,0.01,0x2560bf23cd6858ac0effc20351f92db0e6093e03,2026-09-07T00:50:11+00:00,0x8cdd32f63a66ce24ae5284e22e60cb0d3bb03668f55fe028ed7fd18f4d06fc8a,0x8cdd32f63a66ce24ae5284e22e60cb0d3bb03668f55fe028ed7fd18f4d06fc8a,UNKNOWN_STATUS_NOT_EXTRACTED,25921757,230,PASS
DA-V3-00051,0x8cd6437feaeb1a3a0cd65a16de2ad26bff1f5e43,0xa0b86991c6218b36c1d19d4a2e9eb0ce3606eb48,VASPCUST-S-0050,VASPCUST-B-0050,VERIFIED,VERIFIED,ETH,0.05,0xa0b86991c6218b36c1d19d4a2e9eb0ce3606eb48,2026-01-01T00:00:00+00:00,2026-12-31T23:59:59+00:00,ETH,0.03003863,0xa0b86991c6218b36c1d19d4a2e9eb0ce3606eb48,2026-09-07T00:51:11+00:00,0x020f90a419424bfb303203ae52e59add8865132e5c04556d00923d50d39b2530,0x020f90a419424bfb303203ae52e59add8865132e5c04556d00923d50d39b2530,UNKNOWN_STATUS_NOT_EXTRACTED,25921757,273,PASS
DA-V3-00052,0x29592cc05702d6cc5a146d67810cc77a5485ef90,0xf70da97812cb96acdf810712aa562db8dfa3dbef,VASPCUST-S-0051,VASPCUST-B-0051,VERIFIED,VERIFIED,ETH,0.25,0xf70da97812cb96acdf810712aa562db8dfa3dbef,2026-01-01T00:00:00+00:00,2026-12-31T23:59:59+00:00,UNAPPROVED_TOKEN,0.075,0xf70da97812cb96acdf810712aa562db8dfa3dbef,2026-09-07T00:52:11+00:00,0x450ea8b14ced0de7be81328a9e8aa48196f871de2a713c239297ffb15dd68bc2,0x450ea8b14ced0de7be81328a9e8aa48196f871de2a713c239297ffb15dd68bc2,UNKNOWN_STATUS_NOT_EXTRACTED,25921757,316,BLOCK
DA-V3-00053,0xc30a437a94ec6c98be0abbd2ff2f6b29a7abe1d9,0xdac17f958d2ee523a2206206994597c13d831ec7,VASPCUST-S-0052,VASPCUST-B-0052,VERIFIED,VERIFIED,ETH,1.0,0xdac17f958d2ee523a2206206994597c13d831ec7,2026-01-01T00:00:00+00:00,2026-12-31T23:59:59+00:00,ETH,0.01303379698259736,0xdac17f958d2ee523a2206206994597c13d831ec7,2026-09-07T00:53:11+00:00,0xb36951d7653f0df68f101bcbb9baab415e9c889dac7310cff1870b580c47478b,0xb36951d7653f0df68f101bcbb9baab415e9c889dac7310cff1870b580c47478b,UNKNOWN_STATUS_NOT_EXTRACTED,25921756,36,PASS
DA-V3-00054,0xfc9161b99a3b0691477e12737163d007600ac262,0xee7ae85f2fe2239e27d9c1e23fffe168d63b4055,VASPCUST-S-0053,VASPCUST-B-0053,VERIFIED,VERIFIED,ETH,5.0,0xee7ae85f2fe2239e27d9c1e23fffe168d63b4055,2026-01-01T00:00:00+00:00,2026-12-31T23:59:59+00:00,ETH,0.069,0xee7ae85f2fe2239e27d9c1e23fffe168d63b4055,2026-09-07T00:54:11+00:00,0x7a8185c6a3ba40d785e79dfbef8be4b72655d3bcbdeaf31248b57b7c3d855fa0,0x7a8185c6a3ba40d785e79dfbef8be4b72655d3bcbdeaf31248b57b7c3d855fa0,UNKNOWN_STATUS_NOT_EXTRACTED,25921756,79,PASS
DA-V3-00055,0x06fd4ba7973a0d39a91734bbc35bc2bcaa99e3b0,0x4da08a1bff50be96bded5c7019227164b49c2bfc,VASPCUST-S-0054,VASPCUST-B-0054,VERIFIED,VERIFIED,ETH,20.0,0x4da08a1bff50be96bded5c7019227164b49c2bfc,2026-01-01T00:00:00+00:00,2026-12-31T23:59:59+00:00,ETH,0.0001,0x4da08a1bff50be96bded5c7019227164b49c2bfc,2026-09-07T00:55:11+00:00,0x2a988b068512069c1263e8ae3ee0fd4f00d861054d0bc36ce37dede4a0c118f3,0x2a988b068512069c1263e8ae3ee0fd4f00d861054d0bc36ce37dede4a0c118f3,UNKNOWN_STATUS_NOT_EXTRACTED,25921756,122,PASS
DA-V3-00056,0xf70da97812cb96acdf810712aa562db8dfa3dbef,0x72adeb3b6ec49f932e29b8c9052b9ae241ef657f,VASPCUST-S-0055,VASPCUST-B-0055,VERIFIED,UNKNOWN,ETH,0.05,0x72adeb3b6ec49f932e29b8c9052b9ae241ef657f,2026-01-01T00:00:00+00:00,2026-12-31T23:59:59+00:00,ETH,0.009130683065652,0x72adeb3b6ec49f932e29b8c9052b9ae241ef657f,2026-09-07T00:56:11+00:00,0xf160d9680275835eb093ebd54ca734e12f69d1199ab5e4537a52ad31c1ac57fe,0xf160d9680275835eb093ebd54ca734e12f69d1199ab5e4537a52ad31c1ac57fe,UNKNOWN_STATUS_NOT_EXTRACTED,25921756,165,REVIEW
DA-V3-00057,0xf65573b0c66fd992a3fa3d54b819243cf524cff8,0xe60fae7817aeee84f378cde1ea2587795694347e,VASPCUST-S-0056,VASPCUST-B-0056,PENDING,VERIFIED,ETH,0.25,0xe60fae7817aeee84f378cde1ea2587795694347e,2026-01-01T00:00:00+00:00,2026-12-31T23:59:59+00:00,ETH,0.00195542729860136,0xe60fae7817aeee84f378cde1ea2587795694347e,2026-09-07T00:56:59+00:00,0xacc54388494c33a361e95701d6c28efffeb56722a535f2c80ca09ed04a332b34,0xacc54388494c33a361e95701d6c28efffeb56722a535f2c80ca09ed04a332b34,UNKNOWN_STATUS_NOT_EXTRACTED,25921755,17,REVIEW
DA-V3-00058,0xd0efcbec312871695d0aa17fcb0e80167a3fb474,0xdac17f958d2ee523a2206206994597c13d831ec7,VASPCUST-S-0057,VASPCUST-B-0057,VERIFIED,VERIFIED,ETH,1.0,0xdac17f958d2ee523a2206206994597c13d831ec7,2026-01-01T00:00:00+00:00,2026-12-31T23:59:59+00:00,ETH,0.358235388881265,0x000000000000000000000000000000000000dEaD,2026-09-07T00:57:59+00:00,0xe6d35f3cc74279f74f7614efd272c40c73c0bcaf36e22dda1e32f68a7fe51114,0xe6d35f3cc74279f74f7614efd272c40c73c0bcaf36e22dda1e32f68a7fe51114,UNKNOWN_STATUS_NOT_EXTRACTED,25921755,60,BLOCK
DA-V3-00059,0x954f0484c81bf019e5fee1238c1c0d4367b50cfe,0x7ddb2d76b80b0aa19bdea48eb1301182f4ceefbc,VASPCUST-S-0058,VASPCUST-B-0058,VERIFIED,VERIFIED,ETH,5.0,0x7ddb2d76b80b0aa19bdea48eb1301182f4ceefbc,2026-01-01T00:00:00+00:00,2026-12-31T23:59:59+00:00,ETH,8.44245360504e-06,0x7ddb2d76b80b0aa19bdea48eb1301182f4ceefbc,2026-09-07T00:58:59+00:00,0x4bf2a592f895ba37844b1cb4585bd28a1e30320735617943705fe4a24ed8cfa6,0x4bf2a592f895ba37844b1cb4585bd28a1e30320735617943705fe4a24ed8cfa6,UNKNOWN_STATUS_NOT_EXTRACTED,25921755,103,PASS
DA-V3-00060,0x828d76e33b9db71538b167a1e3cc988ba9ac4b22,0x462957ee1b99d0ee26c24060e355b3a453d70129,VASPCUST-S-0059,VASPCUST-B-0059,VERIFIED,VERIFIED,ETH,20.0,0x462957ee1b99d0ee26c24060e355b3a453d70129,2026-01-01T00:00:00+00:00,2026-12-31T23:59:59+00:00,ETH,0.001,0x462957ee1b99d0ee26c24060e355b3a453d70129,2026-09-07T00:59:59+00:00,0x62e3019542bd4ae03c7bd4be8ffe9307dfce897dc2b47f6c5d1b7dc6e240f981,0x62e3019542bd4ae03c7bd4be8ffe9307dfce897dc2b47f6c5d1b7dc6e240f981,UNKNOWN_STATUS_NOT_EXTRACTED,25921755,146,PASS
DA-V3-00061,0x7e8e348f33c332ee6527f0f43f3b569cb0279aa5,0x97d04c399df75c2a67f6879767dd14a2c808f26c,VASPCUST-S-0060,VASPCUST-B-0060,VERIFIED,VERIFIED,ETH,0.05,0x97d04c399df75c2a67f6879767dd14a2c808f26c,2026-01-01T00:00:00+00:00,2026-12-31T23:59:59+00:00,ETH,3.7327860170105e-05,0x97d04c399df75c2a67f6879767dd14a2c808f26c,2026-09-07T01:00:59+00:00,0x00002a0300f23a4c7785c0386f7f3e804a80c7237c2622add6bab76f0be7df0d,0x00002a0300f23a4c7785c0386f7f3e804a80c7237c2622add6bab76f0be7df0d,UNKNOWN_STATUS_NOT_EXTRACTED,25921755,189,PASS
DA-V3-00062,0x4838b106fce9647bdf1e7877bf73ce8b0bad5f97,0x6c3ea9036406852006290770bedfcaba0e23a0e8,VASPCUST-S-0061,VASPCUST-B-0061,VERIFIED,VERIFIED,ETH,0.25,0x6c3ea9036406852006290770bedfcaba0e23a0e8,2026-01-01T00:00:00+00:00,2026-12-31T23:59:59+00:00,ETH,0.02640075153806433,0x6c3ea9036406852006290770bedfcaba0e23a0e8,2026-09-07T01:01:47+00:00,0xf6c2b2d0f0196f638f68e91f32335233348d491675ab3e659c7372e2f6fc65a8,0xf6c2b2d0f0196f638f68e91f32335233348d491675ab3e659c7372e2f6fc65a8,UNKNOWN_STATUS_NOT_EXTRACTED,25921755,232,PASS
DA-V3-00063,0xa26b331926bf719fef7bbf92b999236c30103b71,0x501a4f5abf6e5b40d50469720b8fd3a71f93a3e8,VASPCUST-S-0062,VASPCUST-B-0062,VERIFIED,VERIFIED,ETH,1.0,0x501a4f5abf6e5b40d50469720b8fd3a71f93a3e8,2026-01-01T00:00:00+00:00,2026-12-31T23:59:59+00:00,ETH,5.5e-17,0x501a4f5abf6e5b40d50469720b8fd3a71f93a3e8,2026-09-07T01:02:47+00:00,0xcf116ae7d63952e8f0e797dfdf65e92c4520c3d4749dfdf87b862655527a14e6,0xcf116ae7d63952e8f0e797dfdf65e92c4520c3d4749dfdf87b862655527a14e6,UNKNOWN_STATUS_NOT_EXTRACTED,25921755,275,PASS
DA-V3-00064,0xc6acbee42e9e323140c1ed060c2f6ea9cc3b4b75,0x9ccc2f3ecde026230e11a5c8799ac7524f2bb294,VASPCUST-S-0063,VASPCUST-B-0063,VERIFIED,VERIFIED,ETH,5.0,0x9ccc2f3ecde026230e11a5c8799ac7524f2bb294,2026-01-01T00:00:00+00:00,2026-12-31T23:59:59+00:00,ETH,0.009994193473834,0x9ccc2f3ecde026230e11a5c8799ac7524f2bb294,2026-09-07T01:03:47+00:00,0x55918cd4aee3d238d6f22426c1d5bc5f361cad9f7615a6fad9527069bb74f275,0x55918cd4aee3d238d6f22426c1d5bc5f361cad9f7615a6fad9527069bb74f275,UNKNOWN_STATUS_NOT_EXTRACTED,25921755,318,PASS
DA-V3-00065,0xd110d72a76a26c94546fe1eba307addc07f9cc3f,0xdac17f958d2ee523a2206206994597c13d831ec7,VASPCUST-S-0064,VASPCUST-B-0064,FAILED,VERIFIED,ETH,20.0,0xdac17f958d2ee523a2206206994597c13d831ec7,2026-01-01T00:00:00+00:00,2026-12-31T23:59:59+00:00,ETH,0.5165,0xdac17f958d2ee523a2206206994597c13d831ec7,2026-09-07T01:04:47+00:00,0x87082665b7e801923b9dfbf123bbc3558ed18b2eb6cd5fb7f11b20734bd4b47c,0x87082665b7e801923b9dfbf123bbc3558ed18b2eb6cd5fb7f11b20734bd4b47c,UNKNOWN_STATUS_NOT_EXTRACTED,25921755,361,REVIEW
DA-V3-00066,0x8e2ad1d4bcdc08a24948f62065c65ac770153014,0x20ccfebcbb7d6750a5dbf76f8baa0fae13e4b992,VASPCUST-S-0065,VASPCUST-B-0065,VERIFIED,VERIFIED,ETH,0.05,0x20ccfebcbb7d6750a5dbf76f8baa0fae13e4b992,2026-01-01T00:00:00+00:00,2026-12-31T23:59:59+00:00,ETH,2.6488e-06,0x20ccfebcbb7d6750a5dbf76f8baa0fae13e4b992,2026-09-07T01:05:47+00:00,0x5b51cbf72028e0b9b293647c0e46fb171608f790943644ee6a9d47457464192e,0x5b51cbf72028e0b9b293647c0e46fb171608f790943644ee6a9d47457464192e,UNKNOWN_STATUS_NOT_EXTRACTED,25921754,33,PASS
DA-V3-00067,0xd9d5b80d1f62923173f5dd3ff58af9c8b56ad69c,0x6e7586aaac60cf19fa2e1f5ae844eed73c797c18,VASPCUST-S-0066,VASPCUST-B-0066,VERIFIED,UNKNOWN,ETH,0.25,0x6e7586aaac60cf19fa2e1f5ae844eed73c797c18,2026-01-01T00:00:00+00:00,2026-12-31T23:59:59+00:00,ETH,0.004096968574061,0x6e7586aaac60cf19fa2e1f5ae844eed73c797c18,2026-09-07T01:06:47+00:00,0x5e733e9de4e7fcefc3e92198c218f39bc9ff7a3eacfaf88c264c06be11d36a48,0x5e733e9de4e7fcefc3e92198c218f39bc9ff7a3eacfaf88c264c06be11d36a48,UNKNOWN_STATUS_NOT_EXTRACTED,25921754,76,REVIEW
DA-V3-00068,0x478587f89c314729987b650ebae2ff9f9e8ef529,0x00fe78205f5f0e63b8ad2b2ae5337f538a610e04,VASPCUST-S-0067,VASPCUST-B-0067,VERIFIED,VERIFIED,ETH,1.0,0x00fe78205f5f0e63b8ad2b2ae5337f538a610e04,2026-01-01T00:00:00+00:00,2026-12-31T23:59:59+00:00,ETH,0.2566770172852836,0x00fe78205f5f0e63b8ad2b2ae5337f538a610e04,2026-09-07T01:07:47+00:00,0x12b96e8e878643180e12735465cad7eed0d097a849aad433c0781245ec732050,0x12b96e8e878643180e12735465cad7eed0d097a849aad433c0781245ec732050,UNKNOWN_STATUS_NOT_EXTRACTED,25921754,119,PASS
DA-V3-00069,0x88d5d10b2bccd87f99ab65bd14de9111a56cc9a3,0xdb6ba5d510f114f9b2ea08bea7d30e32eee33411,VASPCUST-S-0068,VASPCUST-B-0068,VERIFIED,VERIFIED,ETH,5.0,0xdb6ba5d510f114f9b2ea08bea7d30e32eee33411,2026-01-01T00:00:00+00:00,2026-12-31T23:59:59+00:00,UNAPPROVED_TOKEN,6.29070735384e-06,0xdb6ba5d510f114f9b2ea08bea7d30e32eee33411,2026-09-07T01:08:47+00:00,0x09f6b23036e063f5c3bcfa92ad591d7a4b64a73d00c9aaa4cab52366606b9d26,0x09f6b23036e063f5c3bcfa92ad591d7a4b64a73d00c9aaa4cab52366606b9d26,UNKNOWN_STATUS_NOT_EXTRACTED,25921754,162,BLOCK
DA-V3-00070,0x9082e49f42db5772f20abd1fe2cc2ab6e5c607ec,0x66c493d431f37c7d3fb0ff2448daf33bb3c735cf,VASPCUST-S-0069,VASPCUST-B-0069,VERIFIED,VERIFIED,ETH,20.0,0x66c493d431f37c7d3fb0ff2448daf33bb3c735cf,2026-01-01T00:00:00+00:00,2026-01-15T23:59:59+00:00,ETH,2.1076e-06,0x66c493d431f37c7d3fb0ff2448daf33bb3c735cf,2026-09-07T01:09:47+00:00,0xcfdbbc32c403ebabf80d2a56243cbaf52dade9363b1ee269b7441721209f76a9,0xcfdbbc32c403ebabf80d2a56243cbaf52dade9363b1ee269b7441721209f76a9,UNKNOWN_STATUS_NOT_EXTRACTED,25921754,205,PASS
DA-V3-00071,0x336b2388444e80b68c91c6a004719f57cc63de50,0x6982508145454ce325ddbe47a25d4ec3d2311933,VASPCUST-S-0070,VASPCUST-B-0070,VERIFIED,VERIFIED,ETH,0.05,0x6982508145454ce325ddbe47a25d4ec3d2311933,2026-01-01T00:00:00+00:00,2026-12-31T23:59:59+00:00,ETH,1e-09,0x6982508145454ce325ddbe47a25d4ec3d2311933,2026-09-07T01:10:47+00:00,0x5b953d1dd0275ffe49e7cb78e2c1e49b14ff4f90f2df5dfe129ca5ce35513303,0x5b953d1dd0275ffe49e7cb78e2c1e49b14ff4f90f2df5dfe129ca5ce35513303,UNKNOWN_STATUS_NOT_EXTRACTED,25921753,36,PASS
DA-V3-00072,0xfad0b243e8500b6a856c6b44a432c67da52c49b3,0x57b548c9c213ea2bcf60193e3d7fd2d2b53fb9b3,VASPCUST-S-0071,VASPCUST-B-0071,VERIFIED,VERIFIED,ETH,0.25,0x57b548c9c213ea2bcf60193e3d7fd2d2b53fb9b3,2026-01-01T00:00:00+00:00,2026-12-31T23:59:59+00:00,ETH,0.014843901885736211,0x57b548c9c213ea2bcf60193e3d7fd2d2b53fb9b3,2026-09-07T01:11:35+00:00,0xc7aaccf8cbf7bcdd1fba94cc898c6787d37214f9f0c02ceb69ea762c0fbdcb02,0xc7aaccf8cbf7bcdd1fba94cc898c6787d37214f9f0c02ceb69ea762c0fbdcb02,UNKNOWN_STATUS_NOT_EXTRACTED,25921753,79,PASS
DA-V3-00073,0xaaedadb76fc339235210bdc23ec9a8cc28edac43,0x97c108a2abd650d99f239b89957d47b87aee23f5,VASPCUST-S-0072,VASPCUST-B-0072,PENDING,VERIFIED,ETH,1.0,0x97c108a2abd650d99f239b89957d47b87aee23f5,2026-01-01T00:00:00+00:00,2026-12-31T23:59:59+00:00,ETH,3.8e-05,0x97c108a2abd650d99f239b89957d47b87aee23f5,2026-09-07T01:12:35+00:00,0x9b89338d478470415f6def13e3e03903d0a34bbf9031d7df524074a769f7c0dc,0x9b89338d478470415f6def13e3e03903d0a34bbf9031d7df524074a769f7c0dc,UNKNOWN_STATUS_NOT_EXTRACTED,25921753,122,REVIEW
DA-V3-00074,0xeb5d617d13773139a52b99868cefdbc737659b81,0x4cd00e387622c35bddb9b4c962c136462338bc31,VASPCUST-S-0073,VASPCUST-B-0073,VERIFIED,VERIFIED,ETH,5.0,0x4cd00e387622c35bddb9b4c962c136462338bc31,2026-01-01T00:00:00+00:00,2026-12-31T23:59:59+00:00,ETH,0.000200651660007325,0x4cd00e387622c35bddb9b4c962c136462338bc31,2026-09-07T01:13:35+00:00,0x067285583bdf24e28ac34ad1cbc024e78245aebb588a1a264f628d63d6259102,0x067285583bdf24e28ac34ad1cbc024e78245aebb588a1a264f628d63d6259102,UNKNOWN_STATUS_NOT_EXTRACTED,25921753,165,PASS
DA-V3-00075,0x7f9117c188190067225e58021eac96ac3b900a40,0xbc1d9760bd6ca468ca9fb5ff2cfbeac35d86c973,VASPCUST-S-0074,VASPCUST-B-0074,VERIFIED,VERIFIED,ETH,20.0,0xbc1d9760bd6ca468ca9fb5ff2cfbeac35d86c973,2026-01-01T00:00:00+00:00,2026-12-31T23:59:59+00:00,ETH,1.43e-16,0xbc1d9760bd6ca468ca9fb5ff2cfbeac35d86c973,2026-09-07T01:14:35+00:00,0xea276287d2dbbc785c58ec6f6da96cdfc14843b9f80503e7deeb8b2cfe611fc9,0xea276287d2dbbc785c58ec6f6da96cdfc14843b9f80503e7deeb8b2cfe611fc9,UNKNOWN_STATUS_NOT_EXTRACTED,25921753,208,PASS
DA-V3-00076,0x166fadd3b8f40bf55fcf1dccc8405abb824ac511,0xd44fc10f34b260d4ce7af7359012ea4ae1967ebf,VASPCUST-S-0075,VASPCUST-B-0075,VERIFIED,VERIFIED,ETH,0.05,0xd44fc10f34b260d4ce7af7359012ea4ae1967ebf,2026-01-01T00:00:00+00:00,2026-12-31T23:59:59+00:00,ETH,0.02,0xd44fc10f34b260d4ce7af7359012ea4ae1967ebf,2026-09-07T01:15:35+00:00,0xe0eaf41151d00c1bc1368340993e1b5264329f654cfe53a4be78a35ecd05f383,0xe0eaf41151d00c1bc1368340993e1b5264329f654cfe53a4be78a35ecd05f383,UNKNOWN_STATUS_NOT_EXTRACTED,25921753,251,PASS
DA-V3-00077,0x9e78ac37bbd694714da89e245804f8510d70a1ea,0x5c7bcd6e7de5423a257d81b442095a1a6ced35c5,VASPCUST-S-0076,VASPCUST-B-0076,VERIFIED,VERIFIED,ETH,0.25,0x5c7bcd6e7de5423a257d81b442095a1a6ced35c5,2026-01-01T00:00:00+00:00,2026-12-31T23:59:59+00:00,ETH,0.046343254689509,0x000000000000000000000000000000000000dEaD,2026-09-07T01:16:35+00:00,0xa43685d9412194d096e52434a588bda30a306788ad7433cfdde6fdb698048d97,0xa43685d9412194d096e52434a588bda30a306788ad7433cfdde6fdb698048d97,UNKNOWN_STATUS_NOT_EXTRACTED,25921752,34,BLOCK
DA-V3-00078,0xa467f49a1cfb6da6db98d172e59f4cdd110dc686,0xdac17f958d2ee523a2206206994597c13d831ec7,VASPCUST-S-0077,VASPCUST-B-0077,VERIFIED,UNKNOWN,ETH,1.0,0xdac17f958d2ee523a2206206994597c13d831ec7,2026-01-01T00:00:00+00:00,2026-12-31T23:59:59+00:00,ETH,0.0067046463425972,0xdac17f958d2ee523a2206206994597c13d831ec7,2026-09-07T01:17:35+00:00,0x6fbbb270bd0e4f9973361937c71ba959647d35795675cbca6393fb2c822a5972,0x6fbbb270bd0e4f9973361937c71ba959647d35795675cbca6393fb2c822a5972,UNKNOWN_STATUS_NOT_EXTRACTED,25921752,77,REVIEW
DA-V3-00079,0x004b38217d000000001e4f000034a6f30026bf1c,0x2e5110cf18678ec99818bfaa849b8c881744b776,VASPCUST-S-0078,VASPCUST-B-0078,VERIFIED,VERIFIED,ETH,5.0,0x2e5110cf18678ec99818bfaa849b8c881744b776,2026-01-01T00:00:00+00:00,2026-12-31T23:59:59+00:00,ETH,0.00018441,0x2e5110cf18678ec99818bfaa849b8c881744b776,2026-09-07T01:18:23+00:00,0xf6b350dd7e52c0314b20559a14683e298bced32a102da03f14e9a4ae3b68d4a5,0xf6b350dd7e52c0314b20559a14683e298bced32a102da03f14e9a4ae3b68d4a5,UNKNOWN_STATUS_NOT_EXTRACTED,25921752,120,PASS
DA-V3-00080,0xa1bbaf3fd8385eca4b80c9b2a7c511bf2e2e5ce7,0xe6f87b8eae04944d5209d0ba290e7067050b728b,VASPCUST-S-0079,VASPCUST-B-0079,VERIFIED,VERIFIED,ETH,20.0,0xe6f87b8eae04944d5209d0ba290e7067050b728b,2026-01-01T00:00:00+00:00,2026-12-31T23:59:59+00:00,ETH,0.009623711988356,0xe6f87b8eae04944d5209d0ba290e7067050b728b,2026-09-07T01:19:23+00:00,0xa6a30a1343ccf7b14f4d4f89d06a42836c800ab6a48de6bf8415e07d918c0739,0xa6a30a1343ccf7b14f4d4f89d06a42836c800ab6a48de6bf8415e07d918c0739,UNKNOWN_STATUS_NOT_EXTRACTED,25921752,163,PASS
DA-V3-00081,0x7ad47068fe3b8e3dfb6f1fb003c7e223aa2affb6,0x3057fe9ce0785055d546e974befa47b5e9f0cccc,VASPCUST-S-0080,VASPCUST-B-0080,FAILED,VERIFIED,ETH,0.05,0x3057fe9ce0785055d546e974befa47b5e9f0cccc,2026-01-01T00:00:00+00:00,2026-12-31T23:59:59+00:00,ETH,8.3510805e-05,0x3057fe9ce0785055d546e974befa47b5e9f0cccc,2026-09-07T01:20:23+00:00,0x486ff92989b517bef26c2b32e1605d62acdb77b96ab978071a91a416a686e8ec,0x486ff92989b517bef26c2b32e1605d62acdb77b96ab978071a91a416a686e8ec,UNKNOWN_STATUS_NOT_EXTRACTED,25921752,206,REVIEW
DA-V3-00082,0x21a31ee1afc51d94c2efccaa2092ad1028285549,0x808507121b80c02388fad14726482e061b8da827,VASPCUST-S-0081,VASPCUST-B-0081,VERIFIED,VERIFIED,ETH,0.25,0x808507121b80c02388fad14726482e061b8da827,2026-01-01T00:00:00+00:00,2026-12-31T23:59:59+00:00,ETH,0.000700443862626511,0x808507121b80c02388fad14726482e061b8da827,2026-09-07T01:21:23+00:00,0xa9ee5222cc7510b829d8a5b78f3033a00f8ee80c6f9d8c6d3efef59cc1741437,0xa9ee5222cc7510b829d8a5b78f3033a00f8ee80c6f9d8c6d3efef59cc1741437,UNKNOWN_STATUS_NOT_EXTRACTED,25921751,17,PASS
DA-V3-00083,0x591335a543e78fa14bf938d4f5c8a9f1412be112,0x00bb2bf8245e13498af31fb3647e26694cdc9d4a,VASPCUST-S-0082,VASPCUST-B-0082,VERIFIED,VERIFIED,ETH,1.0,0x00bb2bf8245e13498af31fb3647e26694cdc9d4a,2026-01-01T00:00:00+00:00,2026-12-31T23:59:59+00:00,ETH,0.004473551399918126,0x00bb2bf8245e13498af31fb3647e26694cdc9d4a,2026-09-07T01:22:23+00:00,0xd939c02f31f9209e4ee214618d9346dd4200bc531a2bcb79ad666c41d2b84245,0xd939c02f31f9209e4ee214618d9346dd4200bc531a2bcb79ad666c41d2b84245,UNKNOWN_STATUS_NOT_EXTRACTED,25921751,60,PASS
DA-V3-00084,0x20011fa1a83bba9c8357f852ec667d8439a7da4a,0x448bbd134de1b23976073ab4f2915849b2dcd73a,VASPCUST-S-0083,VASPCUST-B-0083,VERIFIED,VERIFIED,ETH,5.0,0x448bbd134de1b23976073ab4f2915849b2dcd73a,2026-01-01T00:00:00+00:00,2026-12-31T23:59:59+00:00,ETH,0.04,0x448bbd134de1b23976073ab4f2915849b2dcd73a,2026-09-07T01:23:23+00:00,0x7c5239faaf8edafb0386c9b474f4500858d3402f2f73867f933eb1b43aafa844,0x7c5239faaf8edafb0386c9b474f4500858d3402f2f73867f933eb1b43aafa844,UNKNOWN_STATUS_NOT_EXTRACTED,25921751,103,PASS
DA-V3-00085,0x245aa466d2c56ca90307735916dbdf287b918bde,0xc9233936e49ff34ca35fdb2f0c11f203f8f259b3,VASPCUST-S-0084,VASPCUST-B-0084,VERIFIED,VERIFIED,ETH,20.0,0xc9233936e49ff34ca35fdb2f0c11f203f8f259b3,2026-01-01T00:00:00+00:00,2026-12-31T23:59:59+00:00,ETH,0.008147624565733902,0xc9233936e49ff34ca35fdb2f0c11f203f8f259b3,2026-09-07T01:24:23+00:00,0xdb763a03acc0211bb29e5189b71317eead1ebc2561e5d55e1d71eda7ddd0fb0a,0xdb763a03acc0211bb29e5189b71317eead1ebc2561e5d55e1d71eda7ddd0fb0a,UNKNOWN_STATUS_NOT_EXTRACTED,25921750,34,PASS
DA-V3-00086,0x331d9a049d496385998067abf6cbb6371c8d2466,0xa0b86991c6218b36c1d19d4a2e9eb0ce3606eb48,VASPCUST-S-0085,VASPCUST-B-0085,VERIFIED,VERIFIED,ETH,0.05,0xa0b86991c6218b36c1d19d4a2e9eb0ce3606eb48,2026-01-01T00:00:00+00:00,2026-12-31T23:59:59+00:00,UNAPPROVED_TOKEN,0.099936228399709,0xa0b86991c6218b36c1d19d4a2e9eb0ce3606eb48,2026-09-07T01:25:23+00:00,0xe3294358c9db95810a6c3eebc3e6e42597d7a40558274ddcf9dafac1fc3c8bf5,0xe3294358c9db95810a6c3eebc3e6e42597d7a40558274ddcf9dafac1fc3c8bf5,UNKNOWN_STATUS_NOT_EXTRACTED,25921750,77,BLOCK
DA-V3-00087,0x0beb7f044beb0736ce5fd9d27e92208b0e363fae,0xdac17f958d2ee523a2206206994597c13d831ec7,VASPCUST-S-0086,VASPCUST-B-0086,VERIFIED,VERIFIED,ETH,0.25,0xdac17f958d2ee523a2206206994597c13d831ec7,2026-01-01T00:00:00+00:00,2026-12-31T23:59:59+00:00,ETH,0.477941982169118,0xdac17f958d2ee523a2206206994597c13d831ec7,2026-09-07T01:26:23+00:00,0x18c46cc4236e8d5edb9a18b897a7f112ddd468acfaadcd8d4d205f912d0fe9c4,0x18c46cc4236e8d5edb9a18b897a7f112ddd468acfaadcd8d4d205f912d0fe9c4,UNKNOWN_STATUS_NOT_EXTRACTED,25921750,120,BLOCK
DA-V3-00088,0x016c48fc593ebf4217cd1123a1fb28327337f631,0xa0b86991c6218b36c1d19d4a2e9eb0ce3606eb48,VASPCUST-S-0087,VASPCUST-B-0087,VERIFIED,VERIFIED,ETH,1.0,0xa0b86991c6218b36c1d19d4a2e9eb0ce3606eb48,2026-01-01T00:00:00+00:00,2026-12-31T23:59:59+00:00,ETH,0.0003036742871,0xa0b86991c6218b36c1d19d4a2e9eb0ce3606eb48,2026-09-07T01:27:23+00:00,0xf428f4f3d7373b55c19381d706a36852ce78ae2246fd8df9b977bf98c6479705,0xf428f4f3d7373b55c19381d706a36852ce78ae2246fd8df9b977bf98c6479705,UNKNOWN_STATUS_NOT_EXTRACTED,25921750,163,PASS
DA-V3-00089,0xf83e524962060044e1ce6f695c22b055fc86de4e,0x5879b260c66366977d4e5888c72fd5fd9807f348,VASPCUST-S-0088,VASPCUST-B-0088,PENDING,UNKNOWN,ETH,5.0,0x5879b260c66366977d4e5888c72fd5fd9807f348,2026-01-01T00:00:00+00:00,2026-12-31T23:59:59+00:00,ETH,0.111116559772768,0x5879b260c66366977d4e5888c72fd5fd9807f348,2026-09-07T01:28:23+00:00,0x2264eb7b16fbea782ae763b8a279fe24cbd998b305241abf7b7d84ecb427a6a4,0x2264eb7b16fbea782ae763b8a279fe24cbd998b305241abf7b7d84ecb427a6a4,UNKNOWN_STATUS_NOT_EXTRACTED,25921750,206,REVIEW
DA-V3-00090,0xed543e9d29ecb41f9dbedf4c007b133f49130fae,0x2ccb8e4e82127f70db04cd5c3c20131931f289e5,VASPCUST-S-0089,VASPCUST-B-0089,VERIFIED,VERIFIED,ETH,20.0,0x2ccb8e4e82127f70db04cd5c3c20131931f289e5,2026-01-01T00:00:00+00:00,2026-12-31T23:59:59+00:00,ETH,1e-09,0x2ccb8e4e82127f70db04cd5c3c20131931f289e5,2026-09-07T01:29:23+00:00,0xc19ed4331f74c0f71c6bf8209c2dc5871bbcfb53192a78a5df95f25af3258f78,0xc19ed4331f74c0f71c6bf8209c2dc5871bbcfb53192a78a5df95f25af3258f78,UNKNOWN_STATUS_NOT_EXTRACTED,25921749,23,PASS
DA-V3-00091,0x9818301dd8c9f5f363f81656273ce0c52756b9ee,0x743d8b081bfc38808b1bf02ff55bd80333f434b2,VASPCUST-S-0090,VASPCUST-B-0090,VERIFIED,VERIFIED,ETH,0.05,0x743d8b081bfc38808b1bf02ff55bd80333f434b2,2026-01-01T00:00:00+00:00,2026-12-31T23:59:59+00:00,ETH,0.007706933187125399,0x743d8b081bfc38808b1bf02ff55bd80333f434b2,2026-09-07T00:00:11+00:00,0x15013acb2044af64f9e439d4b8b07da8b74bdf2c5265908db500114d9bd725b6,0x15013acb2044af64f9e439d4b8b07da8b74bdf2c5265908db500114d9bd725b6,UNKNOWN_STATUS_NOT_EXTRACTED,25921749,66,PASS
DA-V3-00092,0xd0b2fe496501b59b8a13305b379468be26e096d6,0xdac17f958d2ee523a2206206994597c13d831ec7,VASPCUST-S-0091,VASPCUST-B-0091,VERIFIED,VERIFIED,ETH,0.25,0xdac17f958d2ee523a2206206994597c13d831ec7,2026-01-01T00:00:00+00:00,2026-12-31T23:59:59+00:00,ETH,0.000112898,0xdac17f958d2ee523a2206206994597c13d831ec7,2026-09-07T00:01:11+00:00,0x2959a628b1b8482732646f92d68c8bb01258f8d31fdff451262419e592a9d014,0x2959a628b1b8482732646f92d68c8bb01258f8d31fdff451262419e592a9d014,UNKNOWN_STATUS_NOT_EXTRACTED,25921749,109,PASS
DA-V3-00093,0xabb2acd3be814a80e502575d6c1dc5f789e9cd10,0x4cd00e387622c35bddb9b4c962c136462338bc31,VASPCUST-S-0092,VASPCUST-B-0092,VERIFIED,VERIFIED,ETH,1.0,0x4cd00e387622c35bddb9b4c962c136462338bc31,2026-01-01T00:00:00+00:00,2026-01-15T23:59:59+00:00,ETH,0.022,0x4cd00e387622c35bddb9b4c962c136462338bc31,2026-09-07T00:02:11+00:00,0xe7530178765c199fe738e6077f565ddfe2f0c440aa833bd2a031fbfaa6c63761,0xe7530178765c199fe738e6077f565ddfe2f0c440aa833bd2a031fbfaa6c63761,UNKNOWN_STATUS_NOT_EXTRACTED,25921749,152,PASS
DA-V3-00094,0x1af9cb1fd2cd17f3e017aecc6fef2240e553c0f0,0xc9e9c9fb64d2887c6983b79d362678ae4baddbdb,VASPCUST-S-0093,VASPCUST-B-0093,VERIFIED,VERIFIED,ETH,5.0,0xc9e9c9fb64d2887c6983b79d362678ae4baddbdb,2026-01-01T00:00:00+00:00,2026-12-31T23:59:59+00:00,ETH,0.012647,0xc9e9c9fb64d2887c6983b79d362678ae4baddbdb,2026-09-07T00:03:11+00:00,0x191e82132aefa53b33a6205a48ece494b979a24f1b114be37c7113f9bfa49751,0x191e82132aefa53b33a6205a48ece494b979a24f1b114be37c7113f9bfa49751,UNKNOWN_STATUS_NOT_EXTRACTED,25921749,195,PASS
DA-V3-00095,0x43370108f30ee5ed54a9565f37af3be8502903f5,0xa3222357a0eccf60c73606170be6c99adecb59b3,VASPCUST-S-0094,VASPCUST-B-0094,VERIFIED,VERIFIED,ETH,20.0,0xa3222357a0eccf60c73606170be6c99adecb59b3,2026-01-01T00:00:00+00:00,2026-12-31T23:59:59+00:00,ETH,0.24,0xa3222357a0eccf60c73606170be6c99adecb59b3,2026-09-07T00:04:11+00:00,0xc706a6e31bef6ada576ed1efa8459b6fce3e9dada373e0fce3b931b9e9eaa702,0xc706a6e31bef6ada576ed1efa8459b6fce3e9dada373e0fce3b931b9e9eaa702,UNKNOWN_STATUS_NOT_EXTRACTED,25921749,238,PASS
DA-V3-00096,0xcdea937a4fdeb719a0199e7047d7c85bc9b72bea,0x14c4017f81675f7ac1321218d4a385a2d3117328,VASPCUST-S-0095,VASPCUST-B-0095,VERIFIED,VERIFIED,ETH,0.05,0x14c4017f81675f7ac1321218d4a385a2d3117328,2026-01-01T00:00:00+00:00,2026-12-31T23:59:59+00:00,ETH,0.04,0x000000000000000000000000000000000000dEaD,2026-09-07T00:05:11+00:00,0x4b19ac8ac8db5d978078f74e2db4cd845b14b097ec5c792ea2b59c53aa550ee0,0x4b19ac8ac8db5d978078f74e2db4cd845b14b097ec5c792ea2b59c53aa550ee0,UNKNOWN_STATUS_NOT_EXTRACTED,25921749,281,BLOCK
DA-V3-00097,0x898e5fd573a8bc19f3ed4c2cdb62bcf103d106e2,0x864baa13e01d8f9e26549dc91b458cd15e34eb7c,VASPCUST-S-0096,VASPCUST-B-0096,FAILED,VERIFIED,ETH,0.25,0x864baa13e01d8f9e26549dc91b458cd15e34eb7c,2026-01-01T00:00:00+00:00,2026-12-31T23:59:59+00:00,ETH,0.00187157,0x864baa13e01d8f9e26549dc91b458cd15e34eb7c,2026-09-07T00:05:59+00:00,0x2f5b9bc3e6768f7dad071f3d12100d9a6b9345eea5cbaf42aea9c2bc2ef2857d,0x2f5b9bc3e6768f7dad071f3d12100d9a6b9345eea5cbaf42aea9c2bc2ef2857d,UNKNOWN_STATUS_NOT_EXTRACTED,25921749,324,REVIEW
DA-V3-00098,0xefef30bd1cca520619306c95091ab18473febc5c,0x278d858f05b94576c1e6f73285886876ff6ef8d2,VASPCUST-S-0097,VASPCUST-B-0097,VERIFIED,VERIFIED,ETH,1.0,0x278d858f05b94576c1e6f73285886876ff6ef8d2,2026-01-01T00:00:00+00:00,2026-12-31T23:59:59+00:00,ETH,0.04,0x278d858f05b94576c1e6f73285886876ff6ef8d2,2026-09-07T00:06:59+00:00,0x6e05ce0e40f096cad4af1a232303680f6ba5852a078762ad7eba84fbd2bb9371,0x6e05ce0e40f096cad4af1a232303680f6ba5852a078762ad7eba84fbd2bb9371,UNKNOWN_STATUS_NOT_EXTRACTED,25921748,18,PASS
DA-V3-00099,0xd9db448ae080081af82af7f2d5a72daa7bb5b823,0xdac17f958d2ee523a2206206994597c13d831ec7,VASPCUST-S-0098,VASPCUST-B-0098,VERIFIED,VERIFIED,ETH,5.0,0xdac17f958d2ee523a2206206994597c13d831ec7,2026-01-01T00:00:00+00:00,2026-12-31T23:59:59+00:00,ETH,0.00085,0xdac17f958d2ee523a2206206994597c13d831ec7,2026-09-07T00:07:59+00:00,0x97c3cacd8b1dcac3899c49f4e447ed72a8db7874061609180d49786b3f125a45,0x97c3cacd8b1dcac3899c49f4e447ed72a8db7874061609180d49786b3f125a45,UNKNOWN_STATUS_NOT_EXTRACTED,25921748,61,PASS
DA-V3-00100,0xeb9ead6383702db5d06c0941b4cb4d37471b31d5,0x0b8a49d816cc709b6eadb09498030ae3416b66dc,VASPCUST-S-0099,VASPCUST-B-0099,VERIFIED,UNKNOWN,ETH,20.0,0x0b8a49d816cc709b6eadb09498030ae3416b66dc,2026-01-01T00:00:00+00:00,2026-12-31T23:59:59+00:00,ETH,0.045810877760291586,0x0b8a49d816cc709b6eadb09498030ae3416b66dc,2026-09-07T00:08:59+00:00,0xcab534ea4e67df0dc276bdfe2bfa7ba1daf60e551891925ee575314dd31689a4,0xcab534ea4e67df0dc276bdfe2bfa7ba1daf60e551891925ee575314dd31689a4,UNKNOWN_STATUS_NOT_EXTRACTED,25921747,2,REVIEW
DA-V3-00101,0xd163ada04d5dcfbf4b3ed265b91af3acf2de8871,0xdac17f958d2ee523a2206206994597c13d831ec7,VASPCUST-S-0100,VASPCUST-B-0100,VERIFIED,VERIFIED,ETH,0.05,0xdac17f958d2ee523a2206206994597c13d831ec7,2026-01-01T00:00:00+00:00,2026-12-31T23:59:59+00:00,ETH,0.15902738849198303,0xdac17f958d2ee523a2206206994597c13d831ec7,2026-09-07T00:09:59+00:00,0x2590ecd477e5e38baf6a0d661511f896fb80e98e3256337a2c46e39aa7bd504a,0x2590ecd477e5e38baf6a0d661511f896fb80e98e3256337a2c46e39aa7bd504a,UNKNOWN_STATUS_NOT_EXTRACTED,25921747,45,BLOCK
DA-V3-00102,0xfb74767c1ce1aada0a0e114441173b57f8c1571b,0xa34079291f9fb33b3b4e708ef072cf2f1dc561cc,VASPCUST-S-0101,VASPCUST-B-0101,VERIFIED,VERIFIED,ETH,0.25,0xa34079291f9fb33b3b4e708ef072cf2f1dc561cc,2026-01-01T00:00:00+00:00,2026-12-31T23:59:59+00:00,ETH,1e-09,0xa34079291f9fb33b3b4e708ef072cf2f1dc561cc,2026-09-07T00:10:59+00:00,0x56cf6b1a281cdd2a149ff6ec19a6e2319e5f9dc2bfb00344aceb1257f544c0e5,0x56cf6b1a281cdd2a149ff6ec19a6e2319e5f9dc2bfb00344aceb1257f544c0e5,UNKNOWN_STATUS_NOT_EXTRACTED,25921747,88,PASS
DA-V3-00103,0x27c2a1733f14e1247c5feb1c37cd52ae7d0d2bf2,0x4e75868d5d74526f0d8a6e7b38b3eb9459b82453,VASPCUST-S-0102,VASPCUST-B-0102,VERIFIED,VERIFIED,ETH,1.0,0x4e75868d5d74526f0d8a6e7b38b3eb9459b82453,2026-01-01T00:00:00+00:00,2026-12-31T23:59:59+00:00,UNAPPROVED_TOKEN,0.0015,0x4e75868d5d74526f0d8a6e7b38b3eb9459b82453,2026-09-07T00:11:59+00:00,0x0e1670197d35f4ae832936d1d42e145ee7c4e57b1b10d97241c61eb16a484b0f,0x0e1670197d35f4ae832936d1d42e145ee7c4e57b1b10d97241c61eb16a484b0f,UNKNOWN_STATUS_NOT_EXTRACTED,25921746,4,BLOCK
DA-V3-00104,0x32bab6f22d43d685d45d65417b9bb4d733f735cc,0x28435e3a6165a04fae73ca647a28ec62fc7ab9e2,VASPCUST-S-0103,VASPCUST-B-0103,VERIFIED,VERIFIED,ETH,5.0,0x28435e3a6165a04fae73ca647a28ec62fc7ab9e2,2026-01-01T00:00:00+00:00,2026-12-31T23:59:59+00:00,ETH,5.0003518417153e-05,0x28435e3a6165a04fae73ca647a28ec62fc7ab9e2,2026-09-07T00:12:59+00:00,0xf6cf415a8445be1fdc739ed5fa395f1692de96348b6fc94c247b904f795e5ecc,0xf6cf415a8445be1fdc739ed5fa395f1692de96348b6fc94c247b904f795e5ecc,UNKNOWN_STATUS_NOT_EXTRACTED,25921746,47,PASS
DA-V3-00105,0x97e81543e9df17617c224fb4418a772c26b83939,0xa0b86991c6218b36c1d19d4a2e9eb0ce3606eb48,VASPCUST-S-0104,VASPCUST-B-0104,PENDING,VERIFIED,ETH,20.0,0xa0b86991c6218b36c1d19d4a2e9eb0ce3606eb48,2026-01-01T00:00:00+00:00,2026-12-31T23:59:59+00:00,ETH,0.73894821,0xa0b86991c6218b36c1d19d4a2e9eb0ce3606eb48,2026-09-07T00:13:59+00:00,0xa00ff7e30503b273029270c4f73beabbecd3cd7951731dc26e2737975586ffbc,0xa00ff7e30503b273029270c4f73beabbecd3cd7951731dc26e2737975586ffbc,UNKNOWN_STATUS_NOT_EXTRACTED,25921746,90,REVIEW
DA-V3-00106,0xcf7aefb872c3a4516c38ffd400743969ed0e83fe,0xa0b86991c6218b36c1d19d4a2e9eb0ce3606eb48,VASPCUST-S-0105,VASPCUST-B-0105,VERIFIED,VERIFIED,ETH,0.05,0xa0b86991c6218b36c1d19d4a2e9eb0ce3606eb48,2026-01-01T00:00:00+00:00,2026-12-31T23:59:59+00:00,ETH,0.070952174484142,0xa0b86991c6218b36c1d19d4a2e9eb0ce3606eb48,2026-09-07T00:14:47+00:00,0x57b453ebf76f9de910c3d01b4636077c092420e08c95e1346dc1cc9e22e191e7,0x57b453ebf76f9de910c3d01b4636077c092420e08c95e1346dc1cc9e22e191e7,UNKNOWN_STATUS_NOT_EXTRACTED,25921746,133,BLOCK
DA-V3-00107,0x6cdb7776f6a20b9ed4441b791e9541a6fc04e313,0xdac17f958d2ee523a2206206994597c13d831ec7,VASPCUST-S-0106,VASPCUST-B-0106,VERIFIED,VERIFIED,ETH,0.25,0xdac17f958d2ee523a2206206994597c13d831ec7,2026-01-01T00:00:00+00:00,2026-12-31T23:59:59+00:00,ETH,0.3345035157479525,0xdac17f958d2ee523a2206206994597c13d831ec7,2026-09-07T00:15:47+00:00,0x35927a70a68f4e96402a327b294e5727052ac195b07929231ff6ec2bca6c6dfa,0x35927a70a68f4e96402a327b294e5727052ac195b07929231ff6ec2bca6c6dfa,UNKNOWN_STATUS_NOT_EXTRACTED,25921746,176,BLOCK
DA-V3-00108,0x22aa045d346ff1abd23c192abda0acfd6f83150d,0x111111125421ca6dc452d289314280a0f8842a65,VASPCUST-S-0107,VASPCUST-B-0107,VERIFIED,VERIFIED,ETH,1.0,0x111111125421ca6dc452d289314280a0f8842a65,2026-01-01T00:00:00+00:00,2026-12-31T23:59:59+00:00,ETH,0.012,0x111111125421ca6dc452d289314280a0f8842a65,2026-09-07T00:16:47+00:00,0xc1c4e94f821e5649282e4cf661a343af34ed82b09d03bd97a15c6668b06d0a7e,0xc1c4e94f821e5649282e4cf661a343af34ed82b09d03bd97a15c6668b06d0a7e,UNKNOWN_STATUS_NOT_EXTRACTED,25921746,219,PASS
DA-V3-00109,0xe8832a868c091263ed190a9f4be304a03895dd91,0xcdb7e56f4f8b847d6e752ae7d5327090f9ca4944,VASPCUST-S-0108,VASPCUST-B-0108,VERIFIED,VERIFIED,ETH,5.0,0xcdb7e56f4f8b847d6e752ae7d5327090f9ca4944,2026-01-01T00:00:00+00:00,2026-12-31T23:59:59+00:00,ETH,0.03818342362122044,0xcdb7e56f4f8b847d6e752ae7d5327090f9ca4944,2026-09-07T00:17:47+00:00,0x4b1ef6118b0345dfe6421db5cfc9412f116b99df2783d8b6dadaa01e16b00990,0x4b1ef6118b0345dfe6421db5cfc9412f116b99df2783d8b6dadaa01e16b00990,UNKNOWN_STATUS_NOT_EXTRACTED,25921746,262,PASS
DA-V3-00110,0x2e292d65b79a703983fff4c4ab7a9f2de2249fbc,0xf951e335afb289353dc249e82926178eac7ded78,VASPCUST-S-0109,VASPCUST-B-0109,VERIFIED,VERIFIED,ETH,20.0,0xf951e335afb289353dc249e82926178eac7ded78,2026-01-01T00:00:00+00:00,2026-12-31T23:59:59+00:00,ETH,0.024934509580018686,0xf951e335afb289353dc249e82926178eac7ded78,2026-09-07T00:18:47+00:00,0x3b3feb460a5e2e74c7b29b4e309ea769e0c98368fa4d83a4c28b51d06b975680,0x3b3feb460a5e2e74c7b29b4e309ea769e0c98368fa4d83a4c28b51d06b975680,UNKNOWN_STATUS_NOT_EXTRACTED,25921746,305,PASS
DA-V3-00111,0xd922095ec77b9f0a21328035403a12e5cf9929d3,0x6aba0315493b7e6989041c91181337b662fb1b90,VASPCUST-S-0110,VASPCUST-B-0110,VERIFIED,UNKNOWN,ETH,0.05,0x6aba0315493b7e6989041c91181337b662fb1b90,2026-01-01T00:00:00+00:00,2026-12-31T23:59:59+00:00,ETH,0.00994747731975171,0x6aba0315493b7e6989041c91181337b662fb1b90,2026-09-07T00:19:47+00:00,0xaee0970fe780f117375accea0a6f897b5e0949d18df590212dfa0ff7f52b9982,0xaee0970fe780f117375accea0a6f897b5e0949d18df590212dfa0ff7f52b9982,UNKNOWN_STATUS_NOT_EXTRACTED,25921745,39,REVIEW
DA-V3-00112,0x11fa8f2064096a51f4ef9e83732f2ad68d089b9a,0x53d8a7bfdcf514272cc22f724a0a08ed3c1e38c2,VASPCUST-S-0111,VASPCUST-B-0111,VERIFIED,VERIFIED,ETH,0.25,0x53d8a7bfdcf514272cc22f724a0a08ed3c1e38c2,2026-01-01T00:00:00+00:00,2026-12-31T23:59:59+00:00,ETH,0.0069,0x53d8a7bfdcf514272cc22f724a0a08ed3c1e38c2,2026-09-07T00:20:47+00:00,0xddc3f8ad8c8115323555ddf91e3056614275ca408d9b2c846fce0be4d6f3c9fb,0xddc3f8ad8c8115323555ddf91e3056614275ca408d9b2c846fce0be4d6f3c9fb,UNKNOWN_STATUS_NOT_EXTRACTED,25921745,82,PASS
DA-V3-00113,0xd6434d157f254276d69ede3bd9fc805482206908,0xcbb00abdf5f808d48627c88db7c68a6e6deb4bbd,VASPCUST-S-0112,VASPCUST-B-0112,FAILED,VERIFIED,ETH,1.0,0xcbb00abdf5f808d48627c88db7c68a6e6deb4bbd,2026-01-01T00:00:00+00:00,2026-12-31T23:59:59+00:00,ETH,0.04,0xcbb00abdf5f808d48627c88db7c68a6e6deb4bbd,2026-09-07T00:21:35+00:00,0x12229c0c7c609e55c78bb2ba769fdd103d69304e42e1523840b8a93795d811ca,0x12229c0c7c609e55c78bb2ba769fdd103d69304e42e1523840b8a93795d811ca,UNKNOWN_STATUS_NOT_EXTRACTED,25921745,125,REVIEW
DA-V3-00114,0xbde7f77fe0a9f51a9a668abee71c9e93f1379eff,0xdac17f958d2ee523a2206206994597c13d831ec7,VASPCUST-S-0113,VASPCUST-B-0113,VERIFIED,VERIFIED,ETH,5.0,0xdac17f958d2ee523a2206206994597c13d831ec7,2026-01-01T00:00:00+00:00,2026-12-31T23:59:59+00:00,ETH,0.0235064,0xdac17f958d2ee523a2206206994597c13d831ec7,2026-09-07T00:22:35+00:00,0xacff4f91a4ead883cace05b4b957d51c8db677ec74e11ce825f234f28ccf4054,0xacff4f91a4ead883cace05b4b957d51c8db677ec74e11ce825f234f28ccf4054,UNKNOWN_STATUS_NOT_EXTRACTED,25921745,168,PASS
DA-V3-00115,0xda8cf15bc458a7b13735e7d04495f8cda53f3205,0x0f63ebdf4e2cc35bc395dda17326a08518796da2,VASPCUST-S-0114,VASPCUST-B-0114,VERIFIED,VERIFIED,ETH,20.0,0x0f63ebdf4e2cc35bc395dda17326a08518796da2,2026-01-01T00:00:00+00:00,2026-12-31T23:59:59+00:00,ETH,0.0188039,0x000000000000000000000000000000000000dEaD,2026-09-07T00:23:35+00:00,0x78cdd4fb95b6e92d2574db0c1f262983acfde018bfb6050a12587c8ab619d2dd,0x78cdd4fb95b6e92d2574db0c1f262983acfde018bfb6050a12587c8ab619d2dd,UNKNOWN_STATUS_NOT_EXTRACTED,25921745,211,BLOCK
DA-V3-00116,0xafbead595998084eddb2407bb8a7b66f72f81b3c,0xa0b86991c6218b36c1d19d4a2e9eb0ce3606eb48,VASPCUST-S-0115,VASPCUST-B-0115,VERIFIED,VERIFIED,ETH,0.05,0xa0b86991c6218b36c1d19d4a2e9eb0ce3606eb48,2026-01-01T00:00:00+00:00,2026-01-15T23:59:59+00:00,ETH,0.22294141623369046,0xa0b86991c6218b36c1d19d4a2e9eb0ce3606eb48,2026-09-07T00:24:35+00:00,0x54e79d24de0f5877b7b711e3147df35f465ac4cd4a5444ec5fce78aa01d6f523,0x54e79d24de0f5877b7b711e3147df35f465ac4cd4a5444ec5fce78aa01d6f523,UNKNOWN_STATUS_NOT_EXTRACTED,25921744,37,BLOCK
DA-V3-00117,0x778631db9b8b1906131bb89e21f834b99eaa31cf,0xa0b86991c6218b36c1d19d4a2e9eb0ce3606eb48,VASPCUST-S-0116,VASPCUST-B-0116,VERIFIED,VERIFIED,ETH,0.25,0xa0b86991c6218b36c1d19d4a2e9eb0ce3606eb48,2026-01-01T00:00:00+00:00,2026-12-31T23:59:59+00:00,ETH,0.012,0xa0b86991c6218b36c1d19d4a2e9eb0ce3606eb48,2026-09-07T00:25:23+00:00,0x0e9ed5c13be338ae6278341eee9e9d79933972226fa5178c9c53e04e79999350,0x0e9ed5c13be338ae6278341eee9e9d79933972226fa5178c9c53e04e79999350,UNKNOWN_STATUS_NOT_EXTRACTED,25921744,80,PASS
DA-V3-00118,0x7da8822dc2a7ca59ed1012832aac79f14304efe1,0xa0b86991c6218b36c1d19d4a2e9eb0ce3606eb48,VASPCUST-S-0117,VASPCUST-B-0117,VERIFIED,VERIFIED,ETH,1.0,0xa0b86991c6218b36c1d19d4a2e9eb0ce3606eb48,2026-01-01T00:00:00+00:00,2026-12-31T23:59:59+00:00,ETH,0.001,0xa0b86991c6218b36c1d19d4a2e9eb0ce3606eb48,2026-09-07T00:26:23+00:00,0x9d5f2b67ec731655cc12e300d5a574cc712b2f0f0eba8e86f5883c8fc84f2f55,0x9d5f2b67ec731655cc12e300d5a574cc712b2f0f0eba8e86f5883c8fc84f2f55,UNKNOWN_STATUS_NOT_EXTRACTED,25921744,123,PASS
DA-V3-00119,0x5c096ef846447cb935c5d247e4ab2a867ecc33a9,0xf42d1a490ce623e72a6d93f064bea3bd839b1a2d,VASPCUST-S-0118,VASPCUST-B-0118,VERIFIED,VERIFIED,ETH,5.0,0xf42d1a490ce623e72a6d93f064bea3bd839b1a2d,2026-01-01T00:00:00+00:00,2026-12-31T23:59:59+00:00,ETH,0.019902146326596787,0xf42d1a490ce623e72a6d93f064bea3bd839b1a2d,2026-09-07T00:27:23+00:00,0x78e3eae6f0a5a93989abb2c41785f87bc01e3be7d201f4bf0092f5939c59bd5e,0x78e3eae6f0a5a93989abb2c41785f87bc01e3be7d201f4bf0092f5939c59bd5e,UNKNOWN_STATUS_NOT_EXTRACTED,25921744,166,PASS
DA-V3-00120,0xca7ded7e4f4ba8ab3b10009236ae6d1b95094589,0x28c6c06298d514db089934071355e5743bf21d60,VASPCUST-S-0119,VASPCUST-B-0119,VERIFIED,VERIFIED,ETH,20.0,0x28c6c06298d514db089934071355e5743bf21d60,2026-01-01T00:00:00+00:00,2026-12-31T23:59:59+00:00,UNAPPROVED_TOKEN,0.009392882267516936,0x28c6c06298d514db089934071355e5743bf21d60,2026-09-07T00:28:23+00:00,0xf2f315a66c1dfe2f4f4655a275780e7564b89b8083faad3555801bdbad99cf24,0xf2f315a66c1dfe2f4f4655a275780e7564b89b8083faad3555801bdbad99cf24,UNKNOWN_STATUS_NOT_EXTRACTED,25921744,209,BLOCK
DA-V3-00121,0x82a53178e7a7e454ab31eea6063fdca338418f74,0x5d5f4d274ee7722199e3f95e1957c3c2a41b2401,VASPCUST-S-0120,VASPCUST-B-0120,PENDING,VERIFIED,ETH,0.05,0x5d5f4d274ee7722199e3f95e1957c3c2a41b2401,2026-01-01T00:00:00+00:00,2026-12-31T23:59:59+00:00,ETH,1.3464429307966e-05,0x5d5f4d274ee7722199e3f95e1957c3c2a41b2401,2026-09-07T00:29:23+00:00,0xc9a351477be75bd73cb0dbc6982cc02c9f1db12e58871a08f893a35df361ebb3,0xc9a351477be75bd73cb0dbc6982cc02c9f1db12e58871a08f893a35df361ebb3,UNKNOWN_STATUS_NOT_EXTRACTED,25921743,31,REVIEW
DA-V3-00122,0x34f41c98898ed0c2f7d004538a7cbde33b35404f,0xc43c6bfeda065fe2c4c11765bf838789bd0bb5de,VASPCUST-S-0121,VASPCUST-B-0121,VERIFIED,UNKNOWN,ETH,0.25,0xc43c6bfeda065fe2c4c11765bf838789bd0bb5de,2026-01-01T00:00:00+00:00,2026-12-31T23:59:59+00:00,ETH,0.1,0xc43c6bfeda065fe2c4c11765bf838789bd0bb5de,2026-09-07T00:30:23+00:00,0xf4cd8d08d498f18e9177a8d3b265b0d8f1ee75a08bac959136dae0bc246b81c2,0xf4cd8d08d498f18e9177a8d3b265b0d8f1ee75a08bac959136dae0bc246b81c2,UNKNOWN_STATUS_NOT_EXTRACTED,25921743,74,REVIEW
DA-V3-00123,0x28c6c06298d514db089934071355e5743bf21d60,0x51c72848c68a965f66fa7a88855f9f7784502a7f,VASPCUST-S-0122,VASPCUST-B-0122,VERIFIED,VERIFIED,ETH,1.0,0x51c72848c68a965f66fa7a88855f9f7784502a7f,2026-01-01T00:00:00+00:00,2026-12-31T23:59:59+00:00,ETH,0.00430206,0x51c72848c68a965f66fa7a88855f9f7784502a7f,2026-09-07T00:31:23+00:00,0xfb89401e159c84ae52506eaf517a71c939342e251d56e71234deecfd419c52a3,0xfb89401e159c84ae52506eaf517a71c939342e251d56e71234deecfd419c52a3,UNKNOWN_STATUS_NOT_EXTRACTED,25921743,117,PASS
DA-V3-00124,0x9231a373058fa65a988f213c5056ab9b3c9b6a4b,0x154b20584d1451fa70574ac4f6fc32f71141aaa1,VASPCUST-S-0123,VASPCUST-B-0123,VERIFIED,VERIFIED,ETH,5.0,0x154b20584d1451fa70574ac4f6fc32f71141aaa1,2026-01-01T00:00:00+00:00,2026-12-31T23:59:59+00:00,ETH,3.7831398877377e-05,0x154b20584d1451fa70574ac4f6fc32f71141aaa1,2026-09-07T00:32:11+00:00,0x76351e6b323a3f34f55cced0b152a65c51349e9a2ce21900130abec8fdd637c5,0x76351e6b323a3f34f55cced0b152a65c51349e9a2ce21900130abec8fdd637c5,UNKNOWN_STATUS_NOT_EXTRACTED,25921743,160,PASS
DA-V3-00125,0xabe232b49806e1ce4ffc1d23c0fa84a9f182536f,0x235c6aeaa77e123bb019561ca4c855bca8ae945f,VASPCUST-S-0124,VASPCUST-B-0124,VERIFIED,VERIFIED,ETH,20.0,0x235c6aeaa77e123bb019561ca4c855bca8ae945f,2026-01-01T00:00:00+00:00,2026-12-31T23:59:59+00:00,ETH,0.07,0x235c6aeaa77e123bb019561ca4c855bca8ae945f,2026-09-07T00:33:11+00:00,0x61e0d61ba822da1f2568616b78be7ef7406d6b056ef251b5d4abbf5c970dfa5a,0x61e0d61ba822da1f2568616b78be7ef7406d6b056ef251b5d4abbf5c970dfa5a,UNKNOWN_STATUS_NOT_EXTRACTED,25921743,203,PASS
DA-V3-00126,0xb8ff877ed78ba520ece21b1de7843a8a57ca47cb,0x7ec8a30a34b86927dc77b302603d1d53e640bef7,VASPCUST-S-0125,VASPCUST-B-0125,VERIFIED,VERIFIED,ETH,0.05,0x7ec8a30a34b86927dc77b302603d1d53e640bef7,2026-01-01T00:00:00+00:00,2026-12-31T23:59:59+00:00,ETH,2.27e-16,0x7ec8a30a34b86927dc77b302603d1d53e640bef7,2026-09-07T00:34:11+00:00,0x5ac240d6f9737e68b2e85be1d959271b5fb89eaf8ff3e0f597b6894e92afe7e0,0x5ac240d6f9737e68b2e85be1d959271b5fb89eaf8ff3e0f597b6894e92afe7e0,UNKNOWN_STATUS_NOT_EXTRACTED,25921742,18,PASS
DA-V3-00127,0xdd998274ed12bb12d818800915cfb8f87cbc2801,0x8c990eb3569ca93e1c8a8fcf4ab987305292e46a,VASPCUST-S-0126,VASPCUST-B-0126,VERIFIED,VERIFIED,ETH,0.25,0x8c990eb3569ca93e1c8a8fcf4ab987305292e46a,2026-01-01T00:00:00+00:00,2026-12-31T23:59:59+00:00,ETH,0.022886251926574303,0x8c990eb3569ca93e1c8a8fcf4ab987305292e46a,2026-09-07T00:35:11+00:00,0xf5e936c0cc018cbe1220d0eae6dd5aad38d364796585f83c80a58e5af3a831b6,0xf5e936c0cc018cbe1220d0eae6dd5aad38d364796585f83c80a58e5af3a831b6,UNKNOWN_STATUS_NOT_EXTRACTED,25921742,61,PASS
DA-V3-00128,0x3d53c172c5fa064fdaa5d7fb661fb4281fe05cf1,0xea1adcf82327637ceebb8de97ccd5281beab23b6,VASPCUST-S-0127,VASPCUST-B-0127,VERIFIED,VERIFIED,ETH,1.0,0xea1adcf82327637ceebb8de97ccd5281beab23b6,2026-01-01T00:00:00+00:00,2026-12-31T23:59:59+00:00,ETH,0.00340442,0xea1adcf82327637ceebb8de97ccd5281beab23b6,2026-09-07T00:36:11+00:00,0x0eff62cdf1a391f276b56aba4500a17b8d567861c68f63f2f05b29aa04ca17e7,0x0eff62cdf1a391f276b56aba4500a17b8d567861c68f63f2f05b29aa04ca17e7,UNKNOWN_STATUS_NOT_EXTRACTED,25921741,35,PASS
DA-V3-00129,0xd91ba95e98e67d5ad6f2c06eb0f194d5c11645c9,0xdac17f958d2ee523a2206206994597c13d831ec7,VASPCUST-S-0128,VASPCUST-B-0128,FAILED,VERIFIED,ETH,5.0,0xdac17f958d2ee523a2206206994597c13d831ec7,2026-01-01T00:00:00+00:00,2026-12-31T23:59:59+00:00,ETH,0.03466629,0xdac17f958d2ee523a2206206994597c13d831ec7,2026-09-07T00:37:11+00:00,0x7b290a75d304b5754ee9c9e948c609e8463070e30a7aa2b43f4e68cae520ec06,0x7b290a75d304b5754ee9c9e948c609e8463070e30a7aa2b43f4e68cae520ec06,UNKNOWN_STATUS_NOT_EXTRACTED,25921741,78,REVIEW
DA-V3-00130,0x676a291239b77f0acf7a954f311ad911cf618622,0xdac17f958d2ee523a2206206994597c13d831ec7,VASPCUST-S-0129,VASPCUST-B-0129,VERIFIED,VERIFIED,ETH,20.0,0xdac17f958d2ee523a2206206994597c13d831ec7,2026-01-01T00:00:00+00:00,2026-12-31T23:59:59+00:00,ETH,0.04,0xdac17f958d2ee523a2206206994597c13d831ec7,2026-09-07T00:38:11+00:00,0x6f1a37390146c7a3c3a02bc79731c0277c1c872c15fc3aabb8faaf83c50561ff,0x6f1a37390146c7a3c3a02bc79731c0277c1c872c15fc3aabb8faaf83c50561ff,UNKNOWN_STATUS_NOT_EXTRACTED,25921741,121,PASS
DA-V3-00131,0xd93c927335066f00e305e599c918c3fd1c085241,0x8ed165aac160240eb1105f95109e46b835527242,VASPCUST-S-0130,VASPCUST-B-0130,VERIFIED,VERIFIED,ETH,0.05,0x8ed165aac160240eb1105f95109e46b835527242,2026-01-01T00:00:00+00:00,2026-12-31T23:59:59+00:00,ETH,0.012,0x8ed165aac160240eb1105f95109e46b835527242,2026-09-07T00:39:11+00:00,0x1265d07c4dd2493b6144bfb651dc2f5f295dbde6bcbaa07c7335126163b7df8b,0x1265d07c4dd2493b6144bfb651dc2f5f295dbde6bcbaa07c7335126163b7df8b,UNKNOWN_STATUS_NOT_EXTRACTED,25921741,164,PASS
DA-V3-00132,0x86d9ae427eb20d6485f39ae26f296319192c950f,0xc43c6bfeda065fe2c4c11765bf838789bd0bb5de,VASPCUST-S-0131,VASPCUST-B-0131,VERIFIED,VERIFIED,ETH,0.25,0xc43c6bfeda065fe2c4c11765bf838789bd0bb5de,2026-01-01T00:00:00+00:00,2026-12-31T23:59:59+00:00,ETH,0.009883840652356654,0xc43c6bfeda065fe2c4c11765bf838789bd0bb5de,2026-09-07T00:40:11+00:00,0x89f08e8a4db9ea8e4347c7781b516373d19a39cf23311f3e784c61da70915625,0x89f08e8a4db9ea8e4347c7781b516373d19a39cf23311f3e784c61da70915625,UNKNOWN_STATUS_NOT_EXTRACTED,25921740,25,PASS
DA-V3-00133,0x6745e16220971949ae43c1dfc2a13573d4329395,0xa0b86991c6218b36c1d19d4a2e9eb0ce3606eb48,VASPCUST-S-0132,VASPCUST-B-0132,VERIFIED,UNKNOWN,ETH,1.0,0xa0b86991c6218b36c1d19d4a2e9eb0ce3606eb48,2026-01-01T00:00:00+00:00,2026-12-31T23:59:59+00:00,ETH,3.59e-05,0xa0b86991c6218b36c1d19d4a2e9eb0ce3606eb48,2026-09-07T00:41:11+00:00,0x463608a4c92bf364729db573e0f8d4b77a3d97c2fcd62a68043ef458fa7d7aeb,0x463608a4c92bf364729db573e0f8d4b77a3d97c2fcd62a68043ef458fa7d7aeb,UNKNOWN_STATUS_NOT_EXTRACTED,25921740,68,REVIEW
DA-V3-00134,0xe1b0f449b8714b44c86e8e57c2cb4d91b1c23118,0x93c30e6e09f698cfea99b09b5166ed90cfaedd17,VASPCUST-S-0133,VASPCUST-B-0133,VERIFIED,VERIFIED,ETH,5.0,0x93c30e6e09f698cfea99b09b5166ed90cfaedd17,2026-01-01T00:00:00+00:00,2026-12-31T23:59:59+00:00,ETH,0.00012,0x000000000000000000000000000000000000dEaD,2026-09-07T00:42:11+00:00,0x5d6a9477202a90956c1ae56cdca1f82506f14e9059cb81140af42c66e01e8ce6,0x5d6a9477202a90956c1ae56cdca1f82506f14e9059cb81140af42c66e01e8ce6,UNKNOWN_STATUS_NOT_EXTRACTED,25921740,111,BLOCK
DA-V3-00135,0xce54f65abb8b61b83c14cbe97de97fce75bbf556,0xcec7dbd3f2371ab0dd5ee1701a070af04d43019f,VASPCUST-S-0134,VASPCUST-B-0134,VERIFIED,VERIFIED,ETH,20.0,0xcec7dbd3f2371ab0dd5ee1701a070af04d43019f,2026-01-01T00:00:00+00:00,2026-12-31T23:59:59+00:00,ETH,2.37380139e-07,0xcec7dbd3f2371ab0dd5ee1701a070af04d43019f,2026-09-07T00:42:59+00:00,0xafea60e6382db0220c9995a7f86b86ea8a11c21d94922f6256a7287d67b0b4f4,0xafea60e6382db0220c9995a7f86b86ea8a11c21d94922f6256a7287d67b0b4f4,UNKNOWN_STATUS_NOT_EXTRACTED,25921740,154,PASS
DA-V3-00136,0xd0fac349b9b6bdcb76ecad7867884ba8c6736de1,0x37996e762fa8b671869740c79eb33f625b3bf92a,VASPCUST-S-0135,VASPCUST-B-0135,VERIFIED,VERIFIED,ETH,0.05,0x37996e762fa8b671869740c79eb33f625b3bf92a,2026-01-01T00:00:00+00:00,2026-12-31T23:59:59+00:00,ETH,0.004044796877809389,0x37996e762fa8b671869740c79eb33f625b3bf92a,2026-09-07T00:43:59+00:00,0x472d2ac99db40dbb011546bd9c782d847deff6de2de766f7f6b50cea75abada5,0x472d2ac99db40dbb011546bd9c782d847deff6de2de766f7f6b50cea75abada5,UNKNOWN_STATUS_NOT_EXTRACTED,25921740,197,PASS
DA-V3-00137,0x0c97305bd07fc582bcc2042b9a2dedd9f451e75b,0x278d858f05b94576c1e6f73285886876ff6ef8d2,VASPCUST-S-0136,VASPCUST-B-0136,PENDING,VERIFIED,ETH,0.25,0x278d858f05b94576c1e6f73285886876ff6ef8d2,2026-01-01T00:00:00+00:00,2026-12-31T23:59:59+00:00,UNAPPROVED_TOKEN,9.89834664e-06,0x278d858f05b94576c1e6f73285886876ff6ef8d2,2026-09-07T00:44:59+00:00,0x48a069e4827a6f9d9ec3ffb6a1bd1e913a5ad305b8d7b188b3ef16f8967e866f,0x48a069e4827a6f9d9ec3ffb6a1bd1e913a5ad305b8d7b188b3ef16f8967e866f,UNKNOWN_STATUS_NOT_EXTRACTED,25921739,32,REVIEW
DA-V3-00138,0x264bd8291fae1d75db2c5f573b07faa6715997b5,0xb95576d232bb596ed86cc9f6e7dc496467db543a,VASPCUST-S-0137,VASPCUST-B-0137,VERIFIED,VERIFIED,ETH,1.0,0xb95576d232bb596ed86cc9f6e7dc496467db543a,2026-01-01T00:00:00+00:00,2026-12-31T23:59:59+00:00,ETH,0.040001063618731,0xb95576d232bb596ed86cc9f6e7dc496467db543a,2026-09-07T00:45:59+00:00,0xa67bbabb38a22dff76f1394fd2e4b8ac9fd76cd489887bde3d0ef8a092831aaa,0xa67bbabb38a22dff76f1394fd2e4b8ac9fd76cd489887bde3d0ef8a092831aaa,UNKNOWN_STATUS_NOT_EXTRACTED,25921739,75,PASS
DA-V3-00139,0x5aebf9d358b204e642d0f511cc5f1142a0637e49,0x7fc66500c84a76ad7e9c93437bfc5ac33e2ddae9,VASPCUST-S-0138,VASPCUST-B-0138,VERIFIED,VERIFIED,ETH,5.0,0x7fc66500c84a76ad7e9c93437bfc5ac33e2ddae9,2026-01-01T00:00:00+00:00,2026-01-15T23:59:59+00:00,ETH,0.04,0x7fc66500c84a76ad7e9c93437bfc5ac33e2ddae9,2026-09-07T00:46:47+00:00,0xd279990e626ff75e4ed8273af83992d37e8cc67c73214f6a5bcf085a705fd287,0xd279990e626ff75e4ed8273af83992d37e8cc67c73214f6a5bcf085a705fd287,UNKNOWN_STATUS_NOT_EXTRACTED,25921739,118,PASS
DA-V3-00140,0xdfaa75323fb721e5f29d43859390f62cc4b600b8,0xc02aaa39b223fe8d0a0e5c4f27ead9083c756cc2,VASPCUST-S-0139,VASPCUST-B-0139,VERIFIED,VERIFIED,ETH,20.0,0xc02aaa39b223fe8d0a0e5c4f27ead9083c756cc2,2026-01-01T00:00:00+00:00,2026-12-31T23:59:59+00:00,ETH,0.002233588383763792,0xc02aaa39b223fe8d0a0e5c4f27ead9083c756cc2,2026-09-07T00:47:47+00:00,0x2907ddf02270017cd25fa3699061dcb6a9d839d6588658d829cd1048d156a3ec,0x2907ddf02270017cd25fa3699061dcb6a9d839d6588658d829cd1048d156a3ec,UNKNOWN_STATUS_NOT_EXTRACTED,25921739,161,PASS
DA-V3-00141,0x3170faf6aeb5c83ea573aec9e0e74888ebb969cc,0x3c16a4e026479c155b03697a31fd42241da6e712,VASPCUST-S-0140,VASPCUST-B-0140,VERIFIED,VERIFIED,ETH,0.05,0x3c16a4e026479c155b03697a31fd42241da6e712,2026-01-01T00:00:00+00:00,2026-12-31T23:59:59+00:00,ETH,0.01815135,0x3c16a4e026479c155b03697a31fd42241da6e712,2026-09-07T00:48:47+00:00,0xe25c8b92e114fc9ae6d536b827bebdbcb8d4dfc37000aac85c16042079b1b3e5,0xe25c8b92e114fc9ae6d536b827bebdbcb8d4dfc37000aac85c16042079b1b3e5,UNKNOWN_STATUS_NOT_EXTRACTED,25921739,204,PASS
DA-V3-00142,0x4337003fcd2f56de3977ccb806383e9161628d0e,0x5a98fcbea516cf06857215779fd812ca3bef1b32,VASPCUST-S-0141,VASPCUST-B-0141,VERIFIED,VERIFIED,ETH,0.25,0x5a98fcbea516cf06857215779fd812ca3bef1b32,2026-01-01T00:00:00+00:00,2026-12-31T23:59:59+00:00,ETH,0.031154857036087,0x5a98fcbea516cf06857215779fd812ca3bef1b32,2026-09-07T00:49:47+00:00,0xea95b0ed0fe31c4e4570f851bd048372746d29aca483493acc1bad197878a0af,0xea95b0ed0fe31c4e4570f851bd048372746d29aca483493acc1bad197878a0af,UNKNOWN_STATUS_NOT_EXTRACTED,25921738,21,PASS
DA-V3-00143,0xa60ded4c899e7560dc4ca56b57fbab25c90addeb,0x51c72848c68a965f66fa7a88855f9f7784502a7f,VASPCUST-S-0142,VASPCUST-B-0142,VERIFIED,VERIFIED,ETH,1.0,0x51c72848c68a965f66fa7a88855f9f7784502a7f,2026-01-01T00:00:00+00:00,2026-12-31T23:59:59+00:00,ETH,1.510014e-05,0x51c72848c68a965f66fa7a88855f9f7784502a7f,2026-09-07T00:50:35+00:00,0xff03d906daffd81659421bd943cc133e5e15258490d66475a08b2c3b0305bd1e,0xff03d906daffd81659421bd943cc133e5e15258490d66475a08b2c3b0305bd1e,UNKNOWN_STATUS_NOT_EXTRACTED,25921738,64,PASS
DA-V3-00144,0x7903e22e342ae516ad0c01d70cd67d969f70a8a1,0xce4a9a725adfbb05364cf2d9f0f044d9d066c012,VASPCUST-S-0143,VASPCUST-B-0143,VERIFIED,UNKNOWN,ETH,5.0,0xce4a9a725adfbb05364cf2d9f0f044d9d066c012,2026-01-01T00:00:00+00:00,2026-12-31T23:59:59+00:00,ETH,0.03238230892144275,0xce4a9a725adfbb05364cf2d9f0f044d9d066c012,2026-09-07T00:51:35+00:00,0x127ac07ab9593b55588cc8496b6f4764fcd967d6a3c620ad2ecb156c2c6302dc,0x127ac07ab9593b55588cc8496b6f4764fcd967d6a3c620ad2ecb156c2c6302dc,UNKNOWN_STATUS_NOT_EXTRACTED,25921738,107,REVIEW
DA-V3-00145,0xc3b018faea9e98af838bbb76db4925578e9667bb,0x9008d19f58aabd9ed0d60971565aa8510560ab41,VASPCUST-S-0144,VASPCUST-B-0144,FAILED,VERIFIED,ETH,20.0,0x9008d19f58aabd9ed0d60971565aa8510560ab41,2026-01-01T00:00:00+00:00,2026-12-31T23:59:59+00:00,ETH,2.6488e-06,0x9008d19f58aabd9ed0d60971565aa8510560ab41,2026-09-07T00:52:35+00:00,0x612e909aaa652eb5ed968ceb3a22de98623c3fca38ffd7ae4e98dec747898d03,0x612e909aaa652eb5ed968ceb3a22de98623c3fca38ffd7ae4e98dec747898d03,UNKNOWN_STATUS_NOT_EXTRACTED,25921738,150,REVIEW
DA-V3-00146,0x933d85a3aeaf10d0ca72cd70c6dbb0f3090e646c,0xdac17f958d2ee523a2206206994597c13d831ec7,VASPCUST-S-0145,VASPCUST-B-0145,VERIFIED,VERIFIED,ETH,0.05,0xdac17f958d2ee523a2206206994597c13d831ec7,2026-01-01T00:00:00+00:00,2026-12-31T23:59:59+00:00,ETH,0.009831059831488,0xdac17f958d2ee523a2206206994597c13d831ec7,2026-09-07T00:53:35+00:00,0x52e574fee2242449d69b6b0a179e438372ab99dd28ae94239fbee9ee011b0dc6,0x52e574fee2242449d69b6b0a179e438372ab99dd28ae94239fbee9ee011b0dc6,UNKNOWN_STATUS_NOT_EXTRACTED,25921738,193,PASS
DA-V3-00147,0xc2624ae19f823e9a0012f504a4649a40c2c16259,0xdac17f958d2ee523a2206206994597c13d831ec7,VASPCUST-S-0146,VASPCUST-B-0146,VERIFIED,VERIFIED,ETH,0.25,0xdac17f958d2ee523a2206206994597c13d831ec7,2026-01-01T00:00:00+00:00,2026-12-31T23:59:59+00:00,ETH,0.007469125758987,0xdac17f958d2ee523a2206206994597c13d831ec7,2026-09-07T00:54:35+00:00,0x938982a68b515381b100f87b87dffc795b080c56ecc039303216fd8896ec8058,0x938982a68b515381b100f87b87dffc795b080c56ecc039303216fd8896ec8058,UNKNOWN_STATUS_NOT_EXTRACTED,25921737,40,PASS
DA-V3-00148,0xe584286dab5809d5d2c3b4622d0a814f18954c92,0xdac17f958d2ee523a2206206994597c13d831ec7,VASPCUST-S-0147,VASPCUST-B-0147,VERIFIED,VERIFIED,ETH,1.0,0xdac17f958d2ee523a2206206994597c13d831ec7,2026-01-01T00:00:00+00:00,2026-12-31T23:59:59+00:00,ETH,1e-09,0xdac17f958d2ee523a2206206994597c13d831ec7,2026-09-07T00:55:35+00:00,0xee2f96c8979a239552c6b324f44fc806de5bc03fd17a1d156bb69a84740ccfbc,0xee2f96c8979a239552c6b324f44fc806de5bc03fd17a1d156bb69a84740ccfbc,UNKNOWN_STATUS_NOT_EXTRACTED,25921737,83,PASS
DA-V3-00149,0xf9d6e3dc8caa19534387dc12348987ef6d2ec344,0xff00000000000000000000000000000000000010,VASPCUST-S-0148,VASPCUST-B-0148,VERIFIED,VERIFIED,ETH,5.0,0xff00000000000000000000000000000000000010,2026-01-01T00:00:00+00:00,2026-12-31T23:59:59+00:00,ETH,0.028624935,0xff00000000000000000000000000000000000010,2026-09-07T00:56:35+00:00,0x573438c217bc9df075725051701b158a74152f3492e5bf365e33b4179e44442f,0x573438c217bc9df075725051701b158a74152f3492e5bf365e33b4179e44442f,UNKNOWN_STATUS_NOT_EXTRACTED,25921737,126,PASS
DA-V3-00150,0x6b8683716461c7872fe613e74aec2a1e699f7e46,0xdac17f958d2ee523a2206206994597c13d831ec7,VASPCUST-S-0149,VASPCUST-B-0149,VERIFIED,VERIFIED,ETH,20.0,0xdac17f958d2ee523a2206206994597c13d831ec7,2026-01-01T00:00:00+00:00,2026-12-31T23:59:59+00:00,ETH,0.015338389516698065,0xdac17f958d2ee523a2206206994597c13d831ec7,2026-09-07T00:57:35+00:00,0x4e4ed6cd554c988480bfe50a4a2310229eb413dc419dc153bd0a5b49abc81e00,0x4e4ed6cd554c988480bfe50a4a2310229eb413dc419dc153bd0a5b49abc81e00,UNKNOWN_STATUS_NOT_EXTRACTED,25921737,169,PASS
DA-V3-00151,0x58e327d64fc77fa36f698989623c3e4f058c8a89,0xa0b86991c6218b36c1d19d4a2e9eb0ce3606eb48,VASPCUST-S-0150,VASPCUST-B-0150,VERIFIED,VERIFIED,ETH,0.05,0xa0b86991c6218b36c1d19d4a2e9eb0ce3606eb48,2026-01-01T00:00:00+00:00,2026-12-31T23:59:59+00:00,ETH,1.70132639e-10,0xa0b86991c6218b36c1d19d4a2e9eb0ce3606eb48,2026-09-07T00:58:35+00:00,0x52249874749e87c4eaa2300c58cb5d70f6b13ad6099e2ee764604a5c70f0fecf,0x52249874749e87c4eaa2300c58cb5d70f6b13ad6099e2ee764604a5c70f0fecf,UNKNOWN_STATUS_NOT_EXTRACTED,25921736,30,PASS
DA-V3-00152,0x9c1e45ef75fc6fccbde09f58589e473283303d1e,0x1231deb6f5749ef6ce6943a275a1d3e7486f4eae,VASPCUST-S-0151,VASPCUST-B-0151,VERIFIED,VERIFIED,ETH,0.25,0x1231deb6f5749ef6ce6943a275a1d3e7486f4eae,2026-01-01T00:00:00+00:00,2026-12-31T23:59:59+00:00,ETH,9.937798773e-06,0x1231deb6f5749ef6ce6943a275a1d3e7486f4eae,2026-09-07T00:59:35+00:00,0x426dba51d458ef9d5181db9a2709d1f3832a9900a5fffe17a773149b98cdf363,0x426dba51d458ef9d5181db9a2709d1f3832a9900a5fffe17a773149b98cdf363,UNKNOWN_STATUS_NOT_EXTRACTED,25921736,73,PASS
DA-V3-00153,0x264bd8291fae1d75db2c5f573b07faa6715997b5,0xdac17f958d2ee523a2206206994597c13d831ec7,VASPCUST-S-0152,VASPCUST-B-0152,PENDING,VERIFIED,ETH,1.0,0xdac17f958d2ee523a2206206994597c13d831ec7,2026-01-01T00:00:00+00:00,2026-12-31T23:59:59+00:00,ETH,1.1160625e-05,0x000000000000000000000000000000000000dEaD,2026-09-07T01:00:23+00:00,0xec2ee7f98d16ab5bb0694bc3dff96d36bfa290222232226791ea932a74634827,0xec2ee7f98d16ab5bb0694bc3dff96d36bfa290222232226791ea932a74634827,UNKNOWN_STATUS_NOT_EXTRACTED,25921736,116,REVIEW
DA-V3-00154,0x559432e18b281731c054cd703d4b49872be4ed53,0xdac17f958d2ee523a2206206994597c13d831ec7,VASPCUST-S-0153,VASPCUST-B-0153,VERIFIED,VERIFIED,ETH,5.0,0xdac17f958d2ee523a2206206994597c13d831ec7,2026-01-01T00:00:00+00:00,2026-12-31T23:59:59+00:00,UNAPPROVED_TOKEN,1e-18,0xdac17f958d2ee523a2206206994597c13d831ec7,2026-09-07T01:01:23+00:00,0xed68ea629d5519d0e9559b9d82b6a63b40358d92c8ce3045a6fc7263cd25ce83,0xed68ea629d5519d0e9559b9d82b6a63b40358d92c8ce3045a6fc7263cd25ce83,UNKNOWN_STATUS_NOT_EXTRACTED,25921736,159,BLOCK
DA-V3-00155,0x1b4b18be924cb35a494fa9d9b7a33e2f46382978,0x6f2f45804e58e3240a2fde9857c0e4f754cc4941,VASPCUST-S-0154,VASPCUST-B-0154,VERIFIED,UNKNOWN,ETH,20.0,0x6f2f45804e58e3240a2fde9857c0e4f754cc4941,2026-01-01T00:00:00+00:00,2026-12-31T23:59:59+00:00,ETH,0.01817029,0x6f2f45804e58e3240a2fde9857c0e4f754cc4941,2026-09-07T01:02:23+00:00,0x09f0ea2d8cff9f8b05a125c756dc9d9bdf33ac81cb8b309a9f23c4f97278d44e,0x09f0ea2d8cff9f8b05a125c756dc9d9bdf33ac81cb8b309a9f23c4f97278d44e,UNKNOWN_STATUS_NOT_EXTRACTED,25921736,202,REVIEW
DA-V3-00156,0xe34bb1d1e7ea3ab7f4fa2ff3bea1911df86290be,0xa8a36e65e375953aaf3e1520b81596f3d9126eca,VASPCUST-S-0155,VASPCUST-B-0155,VERIFIED,VERIFIED,ETH,0.05,0xa8a36e65e375953aaf3e1520b81596f3d9126eca,2026-01-01T00:00:00+00:00,2026-12-31T23:59:59+00:00,ETH,0.000195,0xa8a36e65e375953aaf3e1520b81596f3d9126eca,2026-09-07T01:03:23+00:00,0x2dfc4fb916224615539f49f9b002682acb80137565ba2be5ab8053d806611b5b,0x2dfc4fb916224615539f49f9b002682acb80137565ba2be5ab8053d806611b5b,UNKNOWN_STATUS_NOT_EXTRACTED,25921736,245,PASS
DA-V3-00157,0x2f4e5b5c228ec5ca7cfdc5a7d512d80de98f0949,0x31932be03949ff70093ad94b814ea5ac8a2a22bb,VASPCUST-S-0156,VASPCUST-B-0156,VERIFIED,VERIFIED,ETH,0.25,0x31932be03949ff70093ad94b814ea5ac8a2a22bb,2026-01-01T00:00:00+00:00,2026-12-31T23:59:59+00:00,ETH,0.04,0x31932be03949ff70093ad94b814ea5ac8a2a22bb,2026-09-07T01:04:23+00:00,0x90b07c94665f0e3a710c9a4cc81373a5fb95b29249dcbae49e1f8e689f4ee32e,0x90b07c94665f0e3a710c9a4cc81373a5fb95b29249dcbae49e1f8e689f4ee32e,UNKNOWN_STATUS_NOT_EXTRACTED,25921736,288,PASS
DA-V3-00158,0xc83b29f780143fcbc44737e6ea9ff43ae39b917c,0x111f686ff7e5361e87d632376a82d894a33fdcd4,VASPCUST-S-0157,VASPCUST-B-0157,VERIFIED,VERIFIED,ETH,1.0,0x111f686ff7e5361e87d632376a82d894a33fdcd4,2026-01-01T00:00:00+00:00,2026-12-31T23:59:59+00:00,ETH,0.004,0x111f686ff7e5361e87d632376a82d894a33fdcd4,2026-09-07T01:05:23+00:00,0xaea19f978a5837dc1306150f8d95451a78eb2faa92bfada36b650f85888d1728,0xaea19f978a5837dc1306150f8d95451a78eb2faa92bfada36b650f85888d1728,UNKNOWN_STATUS_NOT_EXTRACTED,25921735,35,PASS
DA-V3-00159,0xc0d2853e06f1e145177d5ef08ab065a76e14354c,0xab2f6bc9e6bd25aa6b832e846d19e690b07bd502,VASPCUST-S-0158,VASPCUST-B-0158,VERIFIED,VERIFIED,ETH,5.0,0xab2f6bc9e6bd25aa6b832e846d19e690b07bd502,2026-01-01T00:00:00+00:00,2026-12-31T23:59:59+00:00,ETH,0.001,0xab2f6bc9e6bd25aa6b832e846d19e690b07bd502,2026-09-07T01:06:23+00:00,0x906800459c281b4fe918ed6be2e5899702031f2687adfe580b706bb0a90f7ece,0x906800459c281b4fe918ed6be2e5899702031f2687adfe580b706bb0a90f7ece,UNKNOWN_STATUS_NOT_EXTRACTED,25921735,78,PASS
DA-V3-00160,0xbede75f0dfd98f7ce50afc17f6a2dc1f88cf97ca,0xdac17f958d2ee523a2206206994597c13d831ec7,VASPCUST-S-0159,VASPCUST-B-0159,VERIFIED,VERIFIED,ETH,20.0,0xdac17f958d2ee523a2206206994597c13d831ec7,2026-01-01T00:00:00+00:00,2026-12-31T23:59:59+00:00,ETH,2.5184e-06,0xdac17f958d2ee523a2206206994597c13d831ec7,2026-09-07T01:07:11+00:00,0x1034889a65b19baa1b55d5e8cb5b31e9b86e6f4f7a35f4ee5e9a49871f54993e,0x1034889a65b19baa1b55d5e8cb5b31e9b86e6f4f7a35f4ee5e9a49871f54993e,UNKNOWN_STATUS_NOT_EXTRACTED,25921735,121,PASS
DA-V3-00161,0x828d76e33b9db71538b167a1e3cc988ba9ac4b22,0x4337084d9e255ff0702461cf8895ce9e3b5ff108,VASPCUST-S-0160,VASPCUST-B-0160,FAILED,VERIFIED,ETH,0.05,0x4337084d9e255ff0702461cf8895ce9e3b5ff108,2026-01-01T00:00:00+00:00,2026-12-31T23:59:59+00:00,ETH,0.03384610157546202,0x4337084d9e255ff0702461cf8895ce9e3b5ff108,2026-09-07T01:08:11+00:00,0xf67d476973fe2d980168082b7b1f8e65a9877b0022c84a8145a801559540d5da,0xf67d476973fe2d980168082b7b1f8e65a9877b0022c84a8145a801559540d5da,UNKNOWN_STATUS_NOT_EXTRACTED,25921734,37,REVIEW
DA-V3-00162,0x6a14a75571711c3ca0205f0707c771051c4ccf6b,0x95ad61b0a150d79219dcf64e1e6cc01f0b64c4ce,VASPCUST-S-0161,VASPCUST-B-0161,VERIFIED,VERIFIED,ETH,0.25,0x95ad61b0a150d79219dcf64e1e6cc01f0b64c4ce,2026-01-01T00:00:00+00:00,2026-01-15T23:59:59+00:00,ETH,1.788737015e-09,0x95ad61b0a150d79219dcf64e1e6cc01f0b64c4ce,2026-09-07T01:09:11+00:00,0xae2b32434c5afa852bbc4b0970ef4f81e5173e266126857bfe8ccb7ff4f64880,0xae2b32434c5afa852bbc4b0970ef4f81e5173e266126857bfe8ccb7ff4f64880,UNKNOWN_STATUS_NOT_EXTRACTED,25921734,80,PASS
DA-V3-00163,0xbdaf00e4214e09f3461873cc611ff09d19587a80,0xff00000000000000000000000000000000008453,VASPCUST-S-0162,VASPCUST-B-0162,VERIFIED,VERIFIED,ETH,1.0,0xff00000000000000000000000000000000008453,2026-01-01T00:00:00+00:00,2026-12-31T23:59:59+00:00,ETH,0.29049463,0xff00000000000000000000000000000000008453,2026-09-07T01:10:11+00:00,0x54418598c0c7c74bfcf684a3fe7c8aac2d253815b7263c46b95bf56b47618c7b,0x54418598c0c7c74bfcf684a3fe7c8aac2d253815b7263c46b95bf56b47618c7b,UNKNOWN_STATUS_NOT_EXTRACTED,25921734,123,PASS
DA-V3-00164,0x06fdc014bbe2fc95358d08a8df57bef8a8ce861f,0x7bf0404a6d9fce0d8a0006b7c94fc1989842f358,VASPCUST-S-0163,VASPCUST-B-0163,VERIFIED,VERIFIED,ETH,5.0,0x7bf0404a6d9fce0d8a0006b7c94fc1989842f358,2026-01-01T00:00:00+00:00,2026-12-31T23:59:59+00:00,ETH,0.0006,0x7bf0404a6d9fce0d8a0006b7c94fc1989842f358,2026-09-07T01:11:11+00:00,0x8cf347b77c7cd65dfdf77ad1f015bfecea86bd33d9dac7a128fee1deea87c65f,0x8cf347b77c7cd65dfdf77ad1f015bfecea86bd33d9dac7a128fee1deea87c65f,UNKNOWN_STATUS_NOT_EXTRACTED,25921733,16,PASS
DA-V3-00165,0x5b35942b768456de3f404a99c8c6d212649d9da6,0xdac17f958d2ee523a2206206994597c13d831ec7,VASPCUST-S-0164,VASPCUST-B-0164,VERIFIED,VERIFIED,ETH,20.0,0xdac17f958d2ee523a2206206994597c13d831ec7,2026-01-01T00:00:00+00:00,2026-12-31T23:59:59+00:00,ETH,0.23451713215547607,0xdac17f958d2ee523a2206206994597c13d831ec7,2026-09-07T01:12:11+00:00,0x91431d1bf3b1763d2c1a151f7fe2ec7b2fb6cc537b7e34739a64325c960ad708,0x91431d1bf3b1763d2c1a151f7fe2ec7b2fb6cc537b7e34739a64325c960ad708,UNKNOWN_STATUS_NOT_EXTRACTED,25921733,59,PASS
DA-V3-00166,0x41d209d275027e3dcf5ddc4d0c30cd6c6ece1ffd,0x6c7310df4ff6edeba0d9268dbb893bf9dd141eac,VASPCUST-S-0165,VASPCUST-B-0165,VERIFIED,UNKNOWN,ETH,0.05,0x6c7310df4ff6edeba0d9268dbb893bf9dd141eac,2026-01-01T00:00:00+00:00,2026-12-31T23:59:59+00:00,ETH,0.021908432508237,0x6c7310df4ff6edeba0d9268dbb893bf9dd141eac,2026-09-07T01:13:11+00:00,0x5a27196d129e134ae19908957cadc4bc3eb2aa1b07eceb39d0284f6643fe80a0,0x5a27196d129e134ae19908957cadc4bc3eb2aa1b07eceb39d0284f6643fe80a0,UNKNOWN_STATUS_NOT_EXTRACTED,25921733,102,REVIEW
DA-V3-00167,0xefb545bcabdc7148bb7c6e501adc31c4e18c2677,0xeb964a1a6fab73b8c72a0d15c7337fa4804f484d,VASPCUST-S-0166,VASPCUST-B-0166,VERIFIED,VERIFIED,ETH,0.25,0xeb964a1a6fab73b8c72a0d15c7337fa4804f484d,2026-01-01T00:00:00+00:00,2026-12-31T23:59:59+00:00,ETH,97.79599472746236,0xeb964a1a6fab73b8c72a0d15c7337fa4804f484d,2026-09-07T01:13:59+00:00,0xf1397ccdb122c06937cc3397cb88b75b555a65b348f716cbf1fa9e68d69bbe76,0xf1397ccdb122c06937cc3397cb88b75b555a65b348f716cbf1fa9e68d69bbe76,UNKNOWN_STATUS_NOT_EXTRACTED,25921733,145,BLOCK
DA-V3-00168,0xeec363fc7403b488f519e6dbfd8999a0f5b7cfb5,0x2e950cafddc55a750eaa24307265dd77c74ff6d7,VASPCUST-S-0167,VASPCUST-B-0167,VERIFIED,VERIFIED,ETH,1.0,0x2e950cafddc55a750eaa24307265dd77c74ff6d7,2026-01-01T00:00:00+00:00,2026-12-31T23:59:59+00:00,ETH,3e-06,0x2e950cafddc55a750eaa24307265dd77c74ff6d7,2026-09-07T01:14:59+00:00,0x896352a1ecfcca4c43dbeed5c1fb269d24bb1ea8bc571354fc2251eff32ab926,0x896352a1ecfcca4c43dbeed5c1fb269d24bb1ea8bc571354fc2251eff32ab926,UNKNOWN_STATUS_NOT_EXTRACTED,25921732,12,PASS
DA-V3-00169,0x3b97f1eb5e591f12630f3fc4faa978ab38b1706f,0x173272739bd7aa6e4e214714048a9fe699453059,VASPCUST-S-0168,VASPCUST-B-0168,PENDING,VERIFIED,ETH,5.0,0x173272739bd7aa6e4e214714048a9fe699453059,2026-01-01T00:00:00+00:00,2026-12-31T23:59:59+00:00,ETH,3.16e-06,0x173272739bd7aa6e4e214714048a9fe699453059,2026-09-07T01:15:59+00:00,0x4dac4ab1626acdf1c8185e8f54b625f69225f3c8a825801956c1f25f80e25b5f,0x4dac4ab1626acdf1c8185e8f54b625f69225f3c8a825801956c1f25f80e25b5f,UNKNOWN_STATUS_NOT_EXTRACTED,25921732,55,REVIEW
DA-V3-00170,0xc99435075a0c2feb2e88a43564f24a57eaca4764,0xe73d53e3a982ab2750a0b76f9012e18b256cc243,VASPCUST-S-0169,VASPCUST-B-0169,VERIFIED,VERIFIED,ETH,20.0,0xe73d53e3a982ab2750a0b76f9012e18b256cc243,2026-01-01T00:00:00+00:00,2026-12-31T23:59:59+00:00,ETH,0.007502838878574396,0xe73d53e3a982ab2750a0b76f9012e18b256cc243,2026-09-07T01:16:59+00:00,0x3e6e9e4937688f4b905ec376525d440166b56a59672fa03e6c154ff3d1b59d26,0x3e6e9e4937688f4b905ec376525d440166b56a59672fa03e6c154ff3d1b59d26,UNKNOWN_STATUS_NOT_EXTRACTED,25921732,98,PASS
DA-V3-00171,0x2ae8f60ccbeef522e4bd7854241e29da0e0b95d7,0xd8972a45616bec62cb9687e38a99d763c0879b0d,VASPCUST-S-0170,VASPCUST-B-0170,VERIFIED,VERIFIED,ETH,0.05,0xd8972a45616bec62cb9687e38a99d763c0879b0d,2026-01-01T00:00:00+00:00,2026-12-31T23:59:59+00:00,UNAPPROVED_TOKEN,0.00999237216131988,0xd8972a45616bec62cb9687e38a99d763c0879b0d,2026-09-07T01:17:59+00:00,0x9ee39b40e206b265f908cf58c48ebc2b7b87be8f18afa4676ca133998f58643e,0x9ee39b40e206b265f908cf58c48ebc2b7b87be8f18afa4676ca133998f58643e,UNKNOWN_STATUS_NOT_EXTRACTED,25921732,141,BLOCK
DA-V3-00172,0xb23360ccdd9ed1b15d45e5d3824bb409c8d7c460,0xdac17f958d2ee523a2206206994597c13d831ec7,VASPCUST-S-0171,VASPCUST-B-0171,VERIFIED,VERIFIED,ETH,0.25,0xdac17f958d2ee523a2206206994597c13d831ec7,2026-01-01T00:00:00+00:00,2026-12-31T23:59:59+00:00,ETH,1e-17,0x000000000000000000000000000000000000dEaD,2026-09-07T01:18:59+00:00,0x70659ba85f5e09ee7046ed240b6129bd1302b670d4a232b16b47f6aac56977cc,0x70659ba85f5e09ee7046ed240b6129bd1302b670d4a232b16b47f6aac56977cc,UNKNOWN_STATUS_NOT_EXTRACTED,25921732,184,BLOCK
DA-V3-00173,0xe92b8ffc071a1868aceb876d51287d57853d841f,0xdac17f958d2ee523a2206206994597c13d831ec7,VASPCUST-S-0172,VASPCUST-B-0172,VERIFIED,VERIFIED,ETH,1.0,0xdac17f958d2ee523a2206206994597c13d831ec7,2026-01-01T00:00:00+00:00,2026-12-31T23:59:59+00:00,ETH,0.00421029356715669,0xdac17f958d2ee523a2206206994597c13d831ec7,2026-09-07T01:19:59+00:00,0x08d05d230f5d6f740cd62649120d065a1bea31e1f3035583699b9bc89426f29c,0x08d05d230f5d6f740cd62649120d065a1bea31e1f3035583699b9bc89426f29c,UNKNOWN_STATUS_NOT_EXTRACTED,25921732,227,PASS
DA-V3-00174,0xac5ecb6416d3f12cbbf548ca54604c98cc214f84,0x4c82d1fbfe28c977cbb58d8c7ff8fcf9f70a2cca,VASPCUST-S-0173,VASPCUST-B-0173,VERIFIED,VERIFIED,ETH,5.0,0x4c82d1fbfe28c977cbb58d8c7ff8fcf9f70a2cca,2026-01-01T00:00:00+00:00,2026-12-31T23:59:59+00:00,ETH,0.001167757158748049,0x4c82d1fbfe28c977cbb58d8c7ff8fcf9f70a2cca,2026-09-07T01:20:47+00:00,0xf2af7942d3f2541bbe44e1fc51f43857e22843d7502f52b407455820042e5813,0xf2af7942d3f2541bbe44e1fc51f43857e22843d7502f52b407455820042e5813,UNKNOWN_STATUS_NOT_EXTRACTED,25921732,270,PASS
DA-V3-00175,0xf73644da46ab85da864fc4284322f489134ee82c,0xfc0e6af09b2d0ee4a9ff92ae76ef99da9c6ce583,VASPCUST-S-0174,VASPCUST-B-0174,VERIFIED,VERIFIED,ETH,20.0,0xfc0e6af09b2d0ee4a9ff92ae76ef99da9c6ce583,2026-01-01T00:00:00+00:00,2026-12-31T23:59:59+00:00,ETH,2.3028127008861166,0xfc0e6af09b2d0ee4a9ff92ae76ef99da9c6ce583,2026-09-07T01:21:47+00:00,0x2677e0f1c9aa34d3c57037bd51b56689cb5f683f3c90f3a318f0ff2889a01444,0x2677e0f1c9aa34d3c57037bd51b56689cb5f683f3c90f3a318f0ff2889a01444,UNKNOWN_STATUS_NOT_EXTRACTED,25921731,37,PASS
DA-V3-00176,0x20b4650bfbb95ddc540dcf75b8502ae8dfe0c1c4,0x00005ea00ac477b1030ce78506496e8c2de24bf5,VASPCUST-S-0175,VASPCUST-B-0175,VERIFIED,VERIFIED,ETH,0.05,0x00005ea00ac477b1030ce78506496e8c2de24bf5,2026-01-01T00:00:00+00:00,2026-12-31T23:59:59+00:00,ETH,0.02397800605278667,0x00005ea00ac477b1030ce78506496e8c2de24bf5,2026-09-07T01:22:47+00:00,0x0f2f3bd8e544e6370178c87f0b58f9636139b7ba7a88243a49b3ca3869e63647,0x0f2f3bd8e544e6370178c87f0b58f9636139b7ba7a88243a49b3ca3869e63647,UNKNOWN_STATUS_NOT_EXTRACTED,25921731,80,PASS
DA-V3-00177,0xa294cca691e4c83b1fc0c8d63d9a3eef0a196de1,0x00005ea00ac477b1030ce78506496e8c2de24bf5,VASPCUST-S-0176,VASPCUST-B-0176,FAILED,UNKNOWN,ETH,0.25,0x00005ea00ac477b1030ce78506496e8c2de24bf5,2026-01-01T00:00:00+00:00,2026-12-31T23:59:59+00:00,ETH,0.6481,0x00005ea00ac477b1030ce78506496e8c2de24bf5,2026-09-07T01:23:35+00:00,0x5c3257d732f5ce1e2d54e958d207461e9f9490182f1cd2774d45e92a43e26a50,0x5c3257d732f5ce1e2d54e958d207461e9f9490182f1cd2774d45e92a43e26a50,UNKNOWN_STATUS_NOT_EXTRACTED,25921731,123,REVIEW
DA-V3-00178,0x1111110f0f73c0b2ef09ec012eae758b3e03a902,0x00005ea00ac477b1030ce78506496e8c2de24bf5,VASPCUST-S-0177,VASPCUST-B-0177,VERIFIED,VERIFIED,ETH,1.0,0x00005ea00ac477b1030ce78506496e8c2de24bf5,2026-01-01T00:00:00+00:00,2026-12-31T23:59:59+00:00,ETH,0.01995803,0x00005ea00ac477b1030ce78506496e8c2de24bf5,2026-09-07T01:24:35+00:00,0x30c9b6cfc27de42a265c049e1213a0dc97b92c06905c4ca4a8f8fbd79a4ddf02,0x30c9b6cfc27de42a265c049e1213a0dc97b92c06905c4ca4a8f8fbd79a4ddf02,UNKNOWN_STATUS_NOT_EXTRACTED,25921730,26,PASS
DA-V3-00179,0xd7e1236c08731c3632519dcd1a581bfe6876a3b2,0x4337084d9e255ff0702461cf8895ce9e3b5ff108,VASPCUST-S-0178,VASPCUST-B-0178,VERIFIED,VERIFIED,ETH,5.0,0x4337084d9e255ff0702461cf8895ce9e3b5ff108,2026-01-01T00:00:00+00:00,2026-12-31T23:59:59+00:00,ETH,0.04414738249678499,0x4337084d9e255ff0702461cf8895ce9e3b5ff108,2026-09-07T01:25:35+00:00,0x623a6ca126f1f324690b8851ac76288f82cd23b23498904df67a1c19607b56c5,0x623a6ca126f1f324690b8851ac76288f82cd23b23498904df67a1c19607b56c5,UNKNOWN_STATUS_NOT_EXTRACTED,25921730,69,PASS
DA-V3-00180,0xa9d9439f9c264f963c9e69946ac46e12e7e17ae1,0x92460fc18efed4959081c3786a3d5271ddac9e36,VASPCUST-S-0179,VASPCUST-B-0179,VERIFIED,VERIFIED,ETH,20.0,0x92460fc18efed4959081c3786a3d5271ddac9e36,2026-01-01T00:00:00+00:00,2026-12-31T23:59:59+00:00,ETH,0.007960858375656908,0x92460fc18efed4959081c3786a3d5271ddac9e36,2026-09-07T01:26:35+00:00,0x1802f2151aaa047e07ca5b1b7a211783d69a36160e1ebc5340726b50e3a00751,0x1802f2151aaa047e07ca5b1b7a211783d69a36160e1ebc5340726b50e3a00751,UNKNOWN_STATUS_NOT_EXTRACTED,25921730,112,PASS
DA-V3-00181,0xdb836fc621a49d03490e7e0b7db5ddf91623e90e,0xfcab459833898c7ebfcbf9e3585c0b6b205aaa21,VASPCUST-S-0180,VASPCUST-B-0180,VERIFIED,VERIFIED,ETH,0.05,0xfcab459833898c7ebfcbf9e3585c0b6b205aaa21,2026-01-01T00:00:00+00:00,2026-12-31T23:59:59+00:00,ETH,0.0102647,0xfcab459833898c7ebfcbf9e3585c0b6b205aaa21,2026-09-06T23:57:35+00:00,0x38bfd56dc1edfbd7e1956fb62531fb3fe05cfcb613257f4394d57d4a1e2ef37c,0x38bfd56dc1edfbd7e1956fb62531fb3fe05cfcb613257f4394d57d4a1e2ef37c,UNKNOWN_STATUS_NOT_EXTRACTED,25921730,155,PASS
DA-V3-00182,0x4337020f43d3d7d2f5e4160397efea49aefa5e7d,0x6872b6630a3afcd3117191a8403c2002e13df7de,VASPCUST-S-0181,VASPCUST-B-0181,VERIFIED,VERIFIED,ETH,0.25,0x6872b6630a3afcd3117191a8403c2002e13df7de,2026-01-01T00:00:00+00:00,2026-12-31T23:59:59+00:00,ETH,6.268303454419193,0x6872b6630a3afcd3117191a8403c2002e13df7de,2026-09-06T23:58:23+00:00,0xf6ab7dbbd53926337ad0db148d94bc61ac8e5a3f583c8514ed4570db8cbb4946,0xf6ab7dbbd53926337ad0db148d94bc61ac8e5a3f583c8514ed4570db8cbb4946,UNKNOWN_STATUS_NOT_EXTRACTED,25921729,31,BLOCK
DA-V3-00183,0xe8832a868c091263ed190a9f4be304a03895dd91,0xdac17f958d2ee523a2206206994597c13d831ec7,VASPCUST-S-0182,VASPCUST-B-0182,VERIFIED,VERIFIED,ETH,1.0,0xdac17f958d2ee523a2206206994597c13d831ec7,2026-01-01T00:00:00+00:00,2026-12-31T23:59:59+00:00,ETH,0.010552640049449,0xdac17f958d2ee523a2206206994597c13d831ec7,2026-09-06T23:59:23+00:00,0x9d2cbb1f9ad9fa8521164c28768e4f8b00c94547f5a0cd0750f8ef4d28e2aeca,0x9d2cbb1f9ad9fa8521164c28768e4f8b00c94547f5a0cd0750f8ef4d28e2aeca,UNKNOWN_STATUS_NOT_EXTRACTED,25921729,74,PASS
DA-V3-00184,0x4e5b2e1dc63f6b91cb6cd759936495434c7e972f,0xa0b86991c6218b36c1d19d4a2e9eb0ce3606eb48,VASPCUST-S-0183,VASPCUST-B-0183,VERIFIED,VERIFIED,ETH,5.0,0xa0b86991c6218b36c1d19d4a2e9eb0ce3606eb48,2026-01-01T00:00:00+00:00,2026-12-31T23:59:59+00:00,ETH,0.0258766962,0xa0b86991c6218b36c1d19d4a2e9eb0ce3606eb48,2026-09-07T00:00:23+00:00,0xe9296ea44b52bdb39a528c36076682fc23c2da7d99a03d83be151518c09d9baf,0xe9296ea44b52bdb39a528c36076682fc23c2da7d99a03d83be151518c09d9baf,UNKNOWN_STATUS_NOT_EXTRACTED,25921729,117,PASS
DA-V3-00185,0x60d7cc1d6757d2e300240bf181202606fc2eadd4,0x2c158bc456e027b2affccadf1bdbd9f5fc4c5c8c,VASPCUST-S-0184,VASPCUST-B-0184,PENDING,VERIFIED,ETH,20.0,0x2c158bc456e027b2affccadf1bdbd9f5fc4c5c8c,2026-01-01T00:00:00+00:00,2026-01-15T23:59:59+00:00,ETH,0.000332368309084422,0x2c158bc456e027b2affccadf1bdbd9f5fc4c5c8c,2026-09-07T00:01:23+00:00,0x1d5659720fcf96ba8d178ad9bcecdaf618e2a80c8754a883d08df4e97402f5ce,0x1d5659720fcf96ba8d178ad9bcecdaf618e2a80c8754a883d08df4e97402f5ce,UNKNOWN_STATUS_NOT_EXTRACTED,25921729,160,REVIEW
DA-V3-00186,0x59f9321d1a6c9ddf8904ac34afdb226a2b2c7424,0x0de8bf93da2f7eecb3d9169422413a9bef4ef628,VASPCUST-S-0185,VASPCUST-B-0185,VERIFIED,VERIFIED,ETH,0.05,0x0de8bf93da2f7eecb3d9169422413a9bef4ef628,2026-01-01T00:00:00+00:00,2026-12-31T23:59:59+00:00,ETH,4.912837244e-06,0x0de8bf93da2f7eecb3d9169422413a9bef4ef628,2026-09-07T00:02:23+00:00,0x0e4463105dce650c86eaad7edc528aabc5fdf818d39520104d516a9bd5b3ec5b,0x0e4463105dce650c86eaad7edc528aabc5fdf818d39520104d516a9bd5b3ec5b,UNKNOWN_STATUS_NOT_EXTRACTED,25921728,3,PASS
DA-V3-00187,0x5519ea9150343f753a3c7cde34302f581687cc27,0xa0b86991c6218b36c1d19d4a2e9eb0ce3606eb48,VASPCUST-S-0186,VASPCUST-B-0186,VERIFIED,VERIFIED,ETH,0.25,0xa0b86991c6218b36c1d19d4a2e9eb0ce3606eb48,2026-01-01T00:00:00+00:00,2026-12-31T23:59:59+00:00,ETH,3.467191465513e-06,0xa0b86991c6218b36c1d19d4a2e9eb0ce3606eb48,2026-09-07T00:03:23+00:00,0x3f7b260efaeed54e5b6d30dd76702a81db8b51993574e177cfd11aabb337b2bf,0x3f7b260efaeed54e5b6d30dd76702a81db8b51993574e177cfd11aabb337b2bf,UNKNOWN_STATUS_NOT_EXTRACTED,25921728,46,PASS
DA-V3-00188,0xde15fa3ee2bb574db65032c821f17883ad8466a1,0x7a250d5630b4cf539739df2c5dacb4c659f2488d,VASPCUST-S-0187,VASPCUST-B-0187,VERIFIED,UNKNOWN,ETH,1.0,0x7a250d5630b4cf539739df2c5dacb4c659f2488d,2026-01-01T00:00:00+00:00,2026-12-31T23:59:59+00:00,UNAPPROVED_TOKEN,1e-09,0x7a250d5630b4cf539739df2c5dacb4c659f2488d,2026-09-07T00:04:23+00:00,0x228aa539765565802e64a03cc88099f58d647c750a0d1c7bbeb9b3c17eb7b12c,0x228aa539765565802e64a03cc88099f58d647c750a0d1c7bbeb9b3c17eb7b12c,UNKNOWN_STATUS_NOT_EXTRACTED,25921728,89,REVIEW
DA-V3-00189,0xb51ba578489fe84c21e5dfa359be63b5d95f8040,0x8cc5c24a1666d3214340050315b82b2b6b0d9027,VASPCUST-S-0188,VASPCUST-B-0188,VERIFIED,VERIFIED,ETH,5.0,0x8cc5c24a1666d3214340050315b82b2b6b0d9027,2026-01-01T00:00:00+00:00,2026-12-31T23:59:59+00:00,ETH,0.0004767813731497,0x8cc5c24a1666d3214340050315b82b2b6b0d9027,2026-09-07T00:05:11+00:00,0x1dc6de20a799ba11cce4df648cff14c0c297ce018b52c6062bcd687394c83085,0x1dc6de20a799ba11cce4df648cff14c0c297ce018b52c6062bcd687394c83085,UNKNOWN_STATUS_NOT_EXTRACTED,25921728,132,PASS
DA-V3-00190,0xff091e8372fc57784050e8224047343b22c46b28,0x88649f4743a758171077b98ee2003f1989b1615a,VASPCUST-S-0189,VASPCUST-B-0189,VERIFIED,VERIFIED,ETH,20.0,0x88649f4743a758171077b98ee2003f1989b1615a,2026-01-01T00:00:00+00:00,2026-12-31T23:59:59+00:00,ETH,0.000114427860696517,0x88649f4743a758171077b98ee2003f1989b1615a,2026-09-07T00:06:11+00:00,0x81e0be698f2ce475e17bf09d53e6ad57c107d2b898cf2308c2ba670c374a50ee,0x81e0be698f2ce475e17bf09d53e6ad57c107d2b898cf2308c2ba670c374a50ee,UNKNOWN_STATUS_NOT_EXTRACTED,25921727,31,PASS
DA-V3-00191,0x4c27d34b1477cc7726055ba758fe8f2bf61e7081,0x78089591e183b9113adecb9ba58761c109e1c2b4,VASPCUST-S-0190,VASPCUST-B-0190,VERIFIED,VERIFIED,ETH,0.05,0x78089591e183b9113adecb9ba58761c109e1c2b4,2026-01-01T00:00:00+00:00,2026-12-31T23:59:59+00:00,ETH,0.00200928894159598,0x000000000000000000000000000000000000dEaD,2026-09-07T00:07:11+00:00,0x03209aa5b2c621421217bc0690a67d8dba6c692b642502ea372b45fe5eacae9a,0x03209aa5b2c621421217bc0690a67d8dba6c692b642502ea372b45fe5eacae9a,UNKNOWN_STATUS_NOT_EXTRACTED,25921727,74,BLOCK
DA-V3-00192,0x2147838f241fb984f9229fec1c148f0fb58d70a7,0x036d91386f3277806a0d426f2be3a9b27a9c5665,VASPCUST-S-0191,VASPCUST-B-0191,VERIFIED,VERIFIED,ETH,0.25,0x036d91386f3277806a0d426f2be3a9b27a9c5665,2026-01-01T00:00:00+00:00,2026-12-31T23:59:59+00:00,ETH,0.0213699926141861,0x036d91386f3277806a0d426f2be3a9b27a9c5665,2026-09-07T00:08:11+00:00,0x04c36e108cbfe10fdef225c6f4be3fd604a87c4e387e6c488f71bb012b890a06,0x04c36e108cbfe10fdef225c6f4be3fd604a87c4e387e6c488f71bb012b890a06,UNKNOWN_STATUS_NOT_EXTRACTED,25921727,117,PASS
DA-V3-00193,0xea3d9b4743e20ce41777149a16e4ec97185d1487,0x0439e60f02a8900a951603950d8d4527f400c3f1,VASPCUST-S-0192,VASPCUST-B-0192,FAILED,VERIFIED,ETH,1.0,0x0439e60f02a8900a951603950d8d4527f400c3f1,2026-01-01T00:00:00+00:00,2026-12-31T23:59:59+00:00,ETH,0.008301180611,0x0439e60f02a8900a951603950d8d4527f400c3f1,2026-09-07T00:09:11+00:00,0x13d8ed561427932bc010f92ea8779fe32408679232adc9c8e3b5337b0e7e9539,0x13d8ed561427932bc010f92ea8779fe32408679232adc9c8e3b5337b0e7e9539,UNKNOWN_STATUS_NOT_EXTRACTED,25921727,160,REVIEW
DA-V3-00194,0xae38b2153413f1f8438340963f298e39e3b25e04,0x8e867bf4be2299655072e1c999c5f7ab62f86955,VASPCUST-S-0193,VASPCUST-B-0193,VERIFIED,VERIFIED,ETH,5.0,0x8e867bf4be2299655072e1c999c5f7ab62f86955,2026-01-01T00:00:00+00:00,2026-12-31T23:59:59+00:00,ETH,0.00698756,0x8e867bf4be2299655072e1c999c5f7ab62f86955,2026-09-07T00:10:11+00:00,0xae77cf691b101a28f6c51bc4b396413441a364ab87943a65bb6b6707602b4d7c,0xae77cf691b101a28f6c51bc4b396413441a364ab87943a65bb6b6707602b4d7c,UNKNOWN_STATUS_NOT_EXTRACTED,25921727,203,PASS
DA-V3-00195,0x60d7cc1d6757d2e300240bf181202606fc2eadd4,0xdac17f958d2ee523a2206206994597c13d831ec7,VASPCUST-S-0194,VASPCUST-B-0194,VERIFIED,VERIFIED,ETH,20.0,0xdac17f958d2ee523a2206206994597c13d831ec7,2026-01-01T00:00:00+00:00,2026-12-31T23:59:59+00:00,ETH,0.009994328425315,0xdac17f958d2ee523a2206206994597c13d831ec7,2026-09-07T00:11:11+00:00,0x88db3dc9545c18bef88e70f67397cf9b0876eacb09f14ebaf2d92f32b9ea373c,0x88db3dc9545c18bef88e70f67397cf9b0876eacb09f14ebaf2d92f32b9ea373c,UNKNOWN_STATUS_NOT_EXTRACTED,25921726,24,PASS
DA-V3-00196,0x210f380c2ea08f9ede471b6d8fc6d37ae7eafc58,0xdac17f958d2ee523a2206206994597c13d831ec7,VASPCUST-S-0195,VASPCUST-B-0195,VERIFIED,VERIFIED,ETH,0.05,0xdac17f958d2ee523a2206206994597c13d831ec7,2026-01-01T00:00:00+00:00,2026-12-31T23:59:59+00:00,ETH,0.315273136333946,0xdac17f958d2ee523a2206206994597c13d831ec7,2026-09-07T00:11:59+00:00,0x1da7fea871e4c41852eecccbccc265c7960deaba2d4c7986b90b2a3f0c32b16b,0x1da7fea871e4c41852eecccbccc265c7960deaba2d4c7986b90b2a3f0c32b16b,UNKNOWN_STATUS_NOT_EXTRACTED,25921726,67,BLOCK
DA-V3-00197,0x64cdaa89629fe003eaa31b480d8b63372d109a53,0xff00000000000000000000000000000000000010,VASPCUST-S-0196,VASPCUST-B-0196,VERIFIED,VERIFIED,ETH,0.25,0xff00000000000000000000000000000000000010,2026-01-01T00:00:00+00:00,2026-12-31T23:59:59+00:00,ETH,0.011137105995969019,0xff00000000000000000000000000000000000010,2026-09-07T00:12:59+00:00,0xefec801e2add5bcb84f7cb34fb21db57b57d0b498770b8355413f1314a313562,0xefec801e2add5bcb84f7cb34fb21db57b57d0b498770b8355413f1314a313562,UNKNOWN_STATUS_NOT_EXTRACTED,25921726,110,PASS
DA-V3-00198,0xd2c3ccc64a79c03f4e20bef5325741b8a60e1aa3,0xdac17f958d2ee523a2206206994597c13d831ec7,VASPCUST-S-0197,VASPCUST-B-0197,VERIFIED,VERIFIED,ETH,1.0,0xdac17f958d2ee523a2206206994597c13d831ec7,2026-01-01T00:00:00+00:00,2026-12-31T23:59:59+00:00,ETH,9.34829165088e-06,0xdac17f958d2ee523a2206206994597c13d831ec7,2026-09-07T00:13:59+00:00,0xafe712624c58f750efa21d744733cf0e3810c448fd58cbfc4306ce728f10420b,0xafe712624c58f750efa21d744733cf0e3810c448fd58cbfc4306ce728f10420b,UNKNOWN_STATUS_NOT_EXTRACTED,25921726,153,PASS
DA-V3-00199,0x5e2ea328e04eed74243063cb60ff587d49cd981d,0x278d858f05b94576c1e6f73285886876ff6ef8d2,VASPCUST-S-0198,VASPCUST-B-0198,VERIFIED,UNKNOWN,ETH,5.0,0x278d858f05b94576c1e6f73285886876ff6ef8d2,2026-01-01T00:00:00+00:00,2026-12-31T23:59:59+00:00,ETH,0.055581,0x278d858f05b94576c1e6f73285886876ff6ef8d2,2026-09-07T00:14:59+00:00,0xa31ebda50b97844bebbea6902e1fcb0de7b3250c9629a39ea199a120311598a2,0xa31ebda50b97844bebbea6902e1fcb0de7b3250c9629a39ea199a120311598a2,UNKNOWN_STATUS_NOT_EXTRACTED,25921725,13,REVIEW
DA-V3-00200,0x9696f59e4d72e237be84ffd425dcad154bf96976,0xb5d85cbf7cb3ee0d56b3bb207d5fc4b82f43f511,VASPCUST-S-0199,VASPCUST-B-0199,VERIFIED,VERIFIED,ETH,20.0,0xb5d85cbf7cb3ee0d56b3bb207d5fc4b82f43f511,2026-01-01T00:00:00+00:00,2026-12-31T23:59:59+00:00,ETH,4.9734e-06,0xb5d85cbf7cb3ee0d56b3bb207d5fc4b82f43f511,2026-09-07T00:15:59+00:00,0xf67b644ad512dbc67deff84e738d90cb85a97de04fdb6b9eb2b5878d6fa6cb1c,0xf67b644ad512dbc67deff84e738d90cb85a97de04fdb6b9eb2b5878d6fa6cb1c,UNKNOWN_STATUS_NOT_EXTRACTED,25921725,56,PASS
DA-V3-00201,0xaca56c528261c2fe87dfd93224bdb571e66400d2,0x15fc98937a911df90a0b0f7228b0a159c8d2d861,VASPCUST-S-0200,VASPCUST-B-0200,PENDING,VERIFIED,ETH,0.05,0x15fc98937a911df90a0b0f7228b0a159c8d2d861,2026-01-01T00:00:00+00:00,2026-12-31T23:59:59+00:00,ETH,9.46993782e-05,0x15fc98937a911df90a0b0f7228b0a159c8d2d861,2026-09-07T00:16:59+00:00,0x3a932afc293e9094234fa96a881344743a65b0922613235ab436e474dd1a0aab,0x3a932afc293e9094234fa96a881344743a65b0922613235ab436e474dd1a0aab,UNKNOWN_STATUS_NOT_EXTRACTED,25921725,99,REVIEW
DA-V3-00202,0xd573becb6a6b0a0d43065d468d07787ca65daf8a,0x4fb011f566d61ae661df15b6f0b7e1db133c8c66,VASPCUST-S-0201,VASPCUST-B-0201,VERIFIED,VERIFIED,ETH,0.25,0x4fb011f566d61ae661df15b6f0b7e1db133c8c66,2026-01-01T00:00:00+00:00,2026-12-31T23:59:59+00:00,ETH,1e-07,0x4fb011f566d61ae661df15b6f0b7e1db133c8c66,2026-09-07T00:17:59+00:00,0x61a7c689fd0e0aa1f7898bba49993b8d2a5391dae1aefafe29a0a56c15a681f0,0x61a7c689fd0e0aa1f7898bba49993b8d2a5391dae1aefafe29a0a56c15a681f0,UNKNOWN_STATUS_NOT_EXTRACTED,25921725,142,PASS
DA-V3-00203,0xf626ed2650ef58b9505aa32002c0abd94c9e3c4d,0xa0b86991c6218b36c1d19d4a2e9eb0ce3606eb48,VASPCUST-S-0202,VASPCUST-B-0202,VERIFIED,VERIFIED,ETH,1.0,0xa0b86991c6218b36c1d19d4a2e9eb0ce3606eb48,2026-01-01T00:00:00+00:00,2026-12-31T23:59:59+00:00,ETH,1.21616e-05,0xa0b86991c6218b36c1d19d4a2e9eb0ce3606eb48,2026-09-07T00:18:47+00:00,0xd7e98f1c9aea1ae50f37b373a555c33d8842df65a1eb6777d8c5f0bf37e903c4,0xd7e98f1c9aea1ae50f37b373a555c33d8842df65a1eb6777d8c5f0bf37e903c4,UNKNOWN_STATUS_NOT_EXTRACTED,25921725,185,PASS
DA-V3-00204,0x0834a58757d311ab3490c68fed6b03ae28c65af1,0xdac17f958d2ee523a2206206994597c13d831ec7,VASPCUST-S-0203,VASPCUST-B-0203,VERIFIED,VERIFIED,ETH,5.0,0xdac17f958d2ee523a2206206994597c13d831ec7,2026-01-01T00:00:00+00:00,2026-12-31T23:59:59+00:00,ETH,0.19989267,0xdac17f958d2ee523a2206206994597c13d831ec7,2026-09-07T00:19:47+00:00,0x9d0fc14384f7e397fceba8f845f07a0825e00d1eaf4b1e5814cdd3f6e620aa25,0x9d0fc14384f7e397fceba8f845f07a0825e00d1eaf4b1e5814cdd3f6e620aa25,UNKNOWN_STATUS_NOT_EXTRACTED,25921724,15,PASS
DA-V3-00205,0x7fdfe6f227dd814acf9b6a4b093592e55a718638,0x00005ea00ac477b1030ce78506496e8c2de24bf5,VASPCUST-S-0204,VASPCUST-B-0204,VERIFIED,VERIFIED,ETH,20.0,0x00005ea00ac477b1030ce78506496e8c2de24bf5,2026-01-01T00:00:00+00:00,2026-12-31T23:59:59+00:00,UNAPPROVED_TOKEN,1e-09,0x00005ea00ac477b1030ce78506496e8c2de24bf5,2026-09-07T00:20:47+00:00,0xca8042cb731f45dc67b734885f64f7e678fae614d639fe4886bbf4c16d119221,0xca8042cb731f45dc67b734885f64f7e678fae614d639fe4886bbf4c16d119221,UNKNOWN_STATUS_NOT_EXTRACTED,25921724,58,BLOCK
DA-V3-00206,0x2c937e3b0ea4198303d85ae11e4ac5fe3181c990,0x9b08ab710a491aa89eeb657bd7198bd294c970dd,VASPCUST-S-0205,VASPCUST-B-0205,VERIFIED,VERIFIED,ETH,0.05,0x9b08ab710a491aa89eeb657bd7198bd294c970dd,2026-01-01T00:00:00+00:00,2026-12-31T23:59:59+00:00,ETH,0.12243928,0x9b08ab710a491aa89eeb657bd7198bd294c970dd,2026-09-07T00:21:47+00:00,0x2aa34f9d8138343a4d98392368f4123fc76f8f31fa9829da0ed4cdae51e53a64,0x2aa34f9d8138343a4d98392368f4123fc76f8f31fa9829da0ed4cdae51e53a64,UNKNOWN_STATUS_NOT_EXTRACTED,25921724,101,BLOCK
DA-V3-00207,0xd1b6eb521a058a4d9d85d809eae3b288922ac3ad,0x66a9893cc07d91d95644aedd05d03f95e1dba8af,VASPCUST-S-0206,VASPCUST-B-0206,VERIFIED,VERIFIED,ETH,0.25,0x66a9893cc07d91d95644aedd05d03f95e1dba8af,2026-01-01T00:00:00+00:00,2026-12-31T23:59:59+00:00,ETH,0.15756624237443137,0x66a9893cc07d91d95644aedd05d03f95e1dba8af,2026-09-07T00:22:47+00:00,0x4bd745bcc22b1be962ed8d903c4cee0e46b216b7253cb1c584971c8d79c89f08,0x4bd745bcc22b1be962ed8d903c4cee0e46b216b7253cb1c584971c8d79c89f08,UNKNOWN_STATUS_NOT_EXTRACTED,25921724,144,PASS
DA-V3-00208,0xc38a623d8b0fe07607b8ee6921d9ef604367bdad,0x4cd00e387622c35bddb9b4c962c136462338bc31,VASPCUST-S-0207,VASPCUST-B-0207,VERIFIED,VERIFIED,ETH,1.0,0x4cd00e387622c35bddb9b4c962c136462338bc31,2026-01-01T00:00:00+00:00,2026-01-15T23:59:59+00:00,ETH,0.02454434,0x4cd00e387622c35bddb9b4c962c136462338bc31,2026-09-07T00:23:47+00:00,0xa2f62400376e3c15a59c9dcdc833620872520fd4f0ec6c4cd860849f0147f46e,0xa2f62400376e3c15a59c9dcdc833620872520fd4f0ec6c4cd860849f0147f46e,UNKNOWN_STATUS_NOT_EXTRACTED,25921723,4,PASS
DA-V3-00209,0x32baab06bd96f9565426463940cad115a3787127,0xa0b86991c6218b36c1d19d4a2e9eb0ce3606eb48,VASPCUST-S-0208,VASPCUST-B-0208,FAILED,VERIFIED,ETH,5.0,0xa0b86991c6218b36c1d19d4a2e9eb0ce3606eb48,2026-01-01T00:00:00+00:00,2026-12-31T23:59:59+00:00,ETH,0.23642723151723458,0xa0b86991c6218b36c1d19d4a2e9eb0ce3606eb48,2026-09-07T00:24:35+00:00,0x590301d3417c4709d604a21e3912dd7bd369ee7d65005f629a99b647f5bd9656,0x590301d3417c4709d604a21e3912dd7bd369ee7d65005f629a99b647f5bd9656,UNKNOWN_STATUS_NOT_EXTRACTED,25921723,47,REVIEW
DA-V3-00210,0x314f3e1ea237cff46e336d9942e304fb5d95541b,0xdac17f958d2ee523a2206206994597c13d831ec7,VASPCUST-S-0209,VASPCUST-B-0209,VERIFIED,UNKNOWN,ETH,20.0,0xdac17f958d2ee523a2206206994597c13d831ec7,2026-01-01T00:00:00+00:00,2026-12-31T23:59:59+00:00,ETH,0.0608,0x000000000000000000000000000000000000dEaD,2026-09-07T00:25:35+00:00,0x4cefbb7f1b45ae1dba99fa502406cd4f3dc7216cd24a66cbf316cc6f5b69ca5f,0x4cefbb7f1b45ae1dba99fa502406cd4f3dc7216cd24a66cbf316cc6f5b69ca5f,UNKNOWN_STATUS_NOT_EXTRACTED,25921723,90,REVIEW
DA-V3-00211,0xb3d70d9954fd5cc86b4bfc54ea4e8964054cbcc8,0xdac17f958d2ee523a2206206994597c13d831ec7,VASPCUST-S-0210,VASPCUST-B-0210,VERIFIED,VERIFIED,ETH,0.05,0xdac17f958d2ee523a2206206994597c13d831ec7,2026-01-01T00:00:00+00:00,2026-12-31T23:59:59+00:00,ETH,1.22435e-12,0xdac17f958d2ee523a2206206994597c13d831ec7,2026-09-07T00:26:35+00:00,0xa7dc30a71440a158fcb13b2de94bc7e0a3f0f9f831cfb0ce738971defb5b9cc1,0xa7dc30a71440a158fcb13b2de94bc7e0a3f0f9f831cfb0ce738971defb5b9cc1,UNKNOWN_STATUS_NOT_EXTRACTED,25921723,133,PASS
DA-V3-00212,0x0ffcaad7794acc19ccd1dd133dae9d500b00cd7f,0x808507121b80c02388fad14726482e061b8da827,VASPCUST-S-0000,VASPCUST-B-0211,VERIFIED,VERIFIED,ETH,0.25,0x808507121b80c02388fad14726482e061b8da827,2026-01-01T00:00:00+00:00,2026-12-31T23:59:59+00:00,ETH,6.319195971e-06,0x808507121b80c02388fad14726482e061b8da827,2026-09-07T00:27:35+00:00,0x8b9e96b471c971acde89ac98dd78bb5d1500f9e78045a5167ac280020d2a58cb,0x8b9e96b471c971acde89ac98dd78bb5d1500f9e78045a5167ac280020d2a58cb,UNKNOWN_STATUS_NOT_EXTRACTED,25921723,176,PASS
DA-V3-00213,0x8befcca378e98ecd0d968113e8e24ab728968830,0xdac17f958d2ee523a2206206994597c13d831ec7,VASPCUST-S-0001,VASPCUST-B-0212,VERIFIED,VERIFIED,ETH,1.0,0xdac17f958d2ee523a2206206994597c13d831ec7,2026-01-01T00:00:00+00:00,2026-12-31T23:59:59+00:00,ETH,0.02254396,0xdac17f958d2ee523a2206206994597c13d831ec7,2026-09-07T00:28:35+00:00,0x72e5b508811bb6910df83b4f3dd6b8842a0a629e5a4fb6b9efd97202dc0681b3,0x72e5b508811bb6910df83b4f3dd6b8842a0a629e5a4fb6b9efd97202dc0681b3,UNKNOWN_STATUS_NOT_EXTRACTED,25921722,23,PASS
DA-V3-00214,0xdf9b3079558f8c256d782fdafca416d903ae30a5,0x464d814c9c739252f38789e43f48bc87621a3ca3,VASPCUST-S-0002,VASPCUST-B-0213,VERIFIED,VERIFIED,ETH,5.0,0x464d814c9c739252f38789e43f48bc87621a3ca3,2026-01-01T00:00:00+00:00,2026-12-31T23:59:59+00:00,ETH,4.506781786e-06,0x464d814c9c739252f38789e43f48bc87621a3ca3,2026-09-07T00:29:35+00:00,0xef54ca983ed3d3841721eb308651fd87e12a718dda014374dd6065c407986561,0xef54ca983ed3d3841721eb308651fd87e12a718dda014374dd6065c407986561,UNKNOWN_STATUS_NOT_EXTRACTED,25921722,66,PASS
DA-V3-00215,0xe8832a868c091263ed190a9f4be304a03895dd91,0x4cd00e387622c35bddb9b4c962c136462338bc31,VASPCUST-S-0003,VASPCUST-B-0214,VERIFIED,VERIFIED,ETH,20.0,0x4cd00e387622c35bddb9b4c962c136462338bc31,2026-01-01T00:00:00+00:00,2026-12-31T23:59:59+00:00,ETH,1.18351563,0x4cd00e387622c35bddb9b4c962c136462338bc31,2026-09-07T00:30:35+00:00,0x9ce886aef39dbca32225bce49ff53057840801ede3bdf5e5d368485fa641a092,0x9ce886aef39dbca32225bce49ff53057840801ede3bdf5e5d368485fa641a092,UNKNOWN_STATUS_NOT_EXTRACTED,25921722,109,PASS
DA-V3-00216,0x395003f82d49a889dfe402e19462d0c39f2fa8e9,0xdac17f958d2ee523a2206206994597c13d831ec7,VASPCUST-S-0004,VASPCUST-B-0215,VERIFIED,VERIFIED,ETH,0.05,0xdac17f958d2ee523a2206206994597c13d831ec7,2026-01-01T00:00:00+00:00,2026-12-31T23:59:59+00:00,ETH,0.00793067,0xdac17f958d2ee523a2206206994597c13d831ec7,2026-09-07T00:31:35+00:00,0x71a7b412be12acc7f115eb6a80dc68df569b6d59f1bc03eb11ba41ebaa5329d8,0x71a7b412be12acc7f115eb6a80dc68df569b6d59f1bc03eb11ba41ebaa5329d8,UNKNOWN_STATUS_NOT_EXTRACTED,25921722,152,PASS
DA-V3-00217,0x4a65e5859592e910b3584fd5097fbc36582e64eb,0xa3a1544684bae1c527dbd257877ca5e85ac74f52,VASPCUST-S-0005,VASPCUST-B-0216,PENDING,VERIFIED,ETH,0.25,0xa3a1544684bae1c527dbd257877ca5e85ac74f52,2026-01-01T00:00:00+00:00,2026-12-31T23:59:59+00:00,ETH,0.037483659389497,0xa3a1544684bae1c527dbd257877ca5e85ac74f52,2026-09-07T00:32:35+00:00,0x493588b867c132b7abdd3933f41260a3025ffc21fd917771aef7864dbbbe7b19,0x493588b867c132b7abdd3933f41260a3025ffc21fd917771aef7864dbbbe7b19,UNKNOWN_STATUS_NOT_EXTRACTED,25921722,195,REVIEW
DA-V3-00218,0xd46f98a6d1f7bd24fd0e3967323d8b3a9ee09e5a,0xdac17f958d2ee523a2206206994597c13d831ec7,VASPCUST-S-0006,VASPCUST-B-0217,VERIFIED,VERIFIED,ETH,1.0,0xdac17f958d2ee523a2206206994597c13d831ec7,2026-01-01T00:00:00+00:00,2026-12-31T23:59:59+00:00,ETH,7.9464e-06,0xdac17f958d2ee523a2206206994597c13d831ec7,2026-09-07T00:33:23+00:00,0x312d9e9e6080d6f424cab46b762dd8315edd717bd0376d36f216b5e9cf8b5788,0x312d9e9e6080d6f424cab46b762dd8315edd717bd0376d36f216b5e9cf8b5788,UNKNOWN_STATUS_NOT_EXTRACTED,25921722,238,PASS
DA-V3-00219,0x815f7ab30d55ec228a27f11ae8ffa9d17cfc99f3,0xa0b86991c6218b36c1d19d4a2e9eb0ce3606eb48,VASPCUST-S-0007,VASPCUST-B-0218,VERIFIED,VERIFIED,ETH,5.0,0xa0b86991c6218b36c1d19d4a2e9eb0ce3606eb48,2026-01-01T00:00:00+00:00,2026-12-31T23:59:59+00:00,ETH,0.00752436296453,0xa0b86991c6218b36c1d19d4a2e9eb0ce3606eb48,2026-09-07T00:34:23+00:00,0x86b041b3bd660bfd33c27a225e445d8cb245720fed052969e4a3b4f5b65f7671,0x86b041b3bd660bfd33c27a225e445d8cb245720fed052969e4a3b4f5b65f7671,UNKNOWN_STATUS_NOT_EXTRACTED,25921721,34,PASS
DA-V3-00220,0x0feb985513713f43119aea6293e3c14807967650,0xdac17f958d2ee523a2206206994597c13d831ec7,VASPCUST-S-0008,VASPCUST-B-0219,VERIFIED,VERIFIED,ETH,20.0,0xdac17f958d2ee523a2206206994597c13d831ec7,2026-01-01T00:00:00+00:00,2026-12-31T23:59:59+00:00,ETH,0.0396989916682338,0xdac17f958d2ee523a2206206994597c13d831ec7,2026-09-07T00:35:23+00:00,0x5fe071e3b9685cc329b96d82324c0b2c9847eb678b44d85a06b50233ece5a1e1,0x5fe071e3b9685cc329b96d82324c0b2c9847eb678b44d85a06b50233ece5a1e1,UNKNOWN_STATUS_NOT_EXTRACTED,25921721,77,PASS
DA-V3-00221,0xc8df1a5953aa7f62a35ff1501e0c10eb3c33ebfe,0xdbdb4d16eda451d0503b854cf79d55697f90c8df,VASPCUST-S-0009,VASPCUST-B-0220,VERIFIED,UNKNOWN,ETH,0.05,0xdbdb4d16eda451d0503b854cf79d55697f90c8df,2026-01-01T00:00:00+00:00,2026-12-31T23:59:59+00:00,ETH,1.73547222376e-07,0xdbdb4d16eda451d0503b854cf79d55697f90c8df,2026-09-07T00:36:23+00:00,0xce0352ee5530fda6dfd3c6160b24776ef8b98c4a0a2115d88962293458aa7e6f,0xce0352ee5530fda6dfd3c6160b24776ef8b98c4a0a2115d88962293458aa7e6f,UNKNOWN_STATUS_NOT_EXTRACTED,25921721,120,REVIEW
DA-V3-00222,0x28c6c06298d514db089934071355e5743bf21d60,0xdac17f958d2ee523a2206206994597c13d831ec7,VASPCUST-S-0010,VASPCUST-B-0221,VERIFIED,VERIFIED,ETH,0.25,0xdac17f958d2ee523a2206206994597c13d831ec7,2026-01-01T00:00:00+00:00,2026-12-31T23:59:59+00:00,UNAPPROVED_TOKEN,0.15857234508136916,0xdac17f958d2ee523a2206206994597c13d831ec7,2026-09-07T00:37:11+00:00,0x88defe430c3ccbf5395940907495c9f0351ea51ee6337a9ddb814f28a2721bfc,0x88defe430c3ccbf5395940907495c9f0351ea51ee6337a9ddb814f28a2721bfc,UNKNOWN_STATUS_NOT_EXTRACTED,25921721,163,BLOCK
DA-V3-00223,0x20b073fc4b138c5945a50e9df3c8a59ae8fe908d,0x278d858f05b94576c1e6f73285886876ff6ef8d2,VASPCUST-S-0011,VASPCUST-B-0222,VERIFIED,VERIFIED,ETH,1.0,0x278d858f05b94576c1e6f73285886876ff6ef8d2,2026-01-01T00:00:00+00:00,2026-12-31T23:59:59+00:00,ETH,6.50505e-05,0x278d858f05b94576c1e6f73285886876ff6ef8d2,2026-09-07T00:38:11+00:00,0x32461e96d8f573289e558adabf069f824029e42048fc68a5483bb0f067a105d6,0x32461e96d8f573289e558adabf069f824029e42048fc68a5483bb0f067a105d6,UNKNOWN_STATUS_NOT_EXTRACTED,25921720,17,PASS
DA-V3-00224,0x81b9ac2d9848aec3cdd08fd0c4b855613d21ac5f,0xdac17f958d2ee523a2206206994597c13d831ec7,VASPCUST-S-0012,VASPCUST-B-0223,VERIFIED,VERIFIED,ETH,5.0,0xdac17f958d2ee523a2206206994597c13d831ec7,2026-01-01T00:00:00+00:00,2026-12-31T23:59:59+00:00,ETH,0.00999893038661904,0xdac17f958d2ee523a2206206994597c13d831ec7,2026-09-07T00:39:11+00:00,0xed3d0fbf4b890e7c0941bf657e6a71d6804caf7422c1255db0637c16fd6529da,0xed3d0fbf4b890e7c0941bf657e6a71d6804caf7422c1255db0637c16fd6529da,UNKNOWN_STATUS_NOT_EXTRACTED,25921720,60,PASS
DA-V3-00225,0xbb2f33f73ccc2c74e3fb9bb8eb75241ac15337e0,0xe81cebf808617af95153d2223b7a11c12ebf474e,VASPCUST-S-0013,VASPCUST-B-0224,FAILED,VERIFIED,ETH,20.0,0xe81cebf808617af95153d2223b7a11c12ebf474e,2026-01-01T00:00:00+00:00,2026-12-31T23:59:59+00:00,ETH,10.7913,0xe81cebf808617af95153d2223b7a11c12ebf474e,2026-09-07T00:40:11+00:00,0xd0be9d0e648ec805cd33def5d6458a9f9fff1eeb5d4699fedacb5d66b683632b,0xd0be9d0e648ec805cd33def5d6458a9f9fff1eeb5d4699fedacb5d66b683632b,UNKNOWN_STATUS_NOT_EXTRACTED,25921720,103,REVIEW
DA-V3-00226,0xe8832a868c091263ed190a9f4be304a03895dd91,0xdac17f958d2ee523a2206206994597c13d831ec7,VASPCUST-S-0014,VASPCUST-B-0225,VERIFIED,VERIFIED,ETH,0.05,0xdac17f958d2ee523a2206206994597c13d831ec7,2026-01-01T00:00:00+00:00,2026-12-31T23:59:59+00:00,ETH,0.00999725331737825,0xdac17f958d2ee523a2206206994597c13d831ec7,2026-09-07T00:41:11+00:00,0xc0f9507be8f562778158855f06706f3f58a5fa4f69236a709ac41f48f1d27903,0xc0f9507be8f562778158855f06706f3f58a5fa4f69236a709ac41f48f1d27903,UNKNOWN_STATUS_NOT_EXTRACTED,25921720,146,PASS
DA-V3-00227,0x6d37fb5342bef90c16b6f8b310991971ee573ba2,0xe02d6ca1fa8b7959f17bc7a84d60aee9947278b1,VASPCUST-S-0015,VASPCUST-B-0226,VERIFIED,VERIFIED,ETH,0.25,0xe02d6ca1fa8b7959f17bc7a84d60aee9947278b1,2026-01-01T00:00:00+00:00,2026-12-31T23:59:59+00:00,ETH,1e-09,0xe02d6ca1fa8b7959f17bc7a84d60aee9947278b1,2026-09-07T00:41:59+00:00,0xa6a52b90620049d22e90e0c3b2dcf88206af14c8bf080c7f6accfc6cb80486e3,0xa6a52b90620049d22e90e0c3b2dcf88206af14c8bf080c7f6accfc6cb80486e3,UNKNOWN_STATUS_NOT_EXTRACTED,25921720,189,PASS
DA-V3-00228,0xdabda9112493708caef3bcf8281bf478408be6f4,0xc02aaa39b223fe8d0a0e5c4f27ead9083c756cc2,VASPCUST-S-0016,VASPCUST-B-0227,VERIFIED,VERIFIED,ETH,1.0,0xc02aaa39b223fe8d0a0e5c4f27ead9083c756cc2,2026-01-01T00:00:00+00:00,2026-12-31T23:59:59+00:00,ETH,0.01141821290115043,0xc02aaa39b223fe8d0a0e5c4f27ead9083c756cc2,2026-09-07T00:42:59+00:00,0xad76ed3fe778491a74a315fb508feed911376dfd32f607c46485fe95ba3a4ae0,0xad76ed3fe778491a74a315fb508feed911376dfd32f607c46485fe95ba3a4ae0,UNKNOWN_STATUS_NOT_EXTRACTED,25921719,0,PASS
DA-V3-00229,0xc2bdbb60fc26509452e4c6bffdc6f97bd8b9a080,0xdac17f958d2ee523a2206206994597c13d831ec7,VASPCUST-S-0017,VASPCUST-B-0228,VERIFIED,VERIFIED,ETH,5.0,0xdac17f958d2ee523a2206206994597c13d831ec7,2026-01-01T00:00:00+00:00,2026-12-31T23:59:59+00:00,ETH,0.02,0x000000000000000000000000000000000000dEaD,2026-09-07T00:43:59+00:00,0x46cfa92a5f999729bccf729533fc4eb346236d675afc5bd7a477c71eaa88bcdc,0x46cfa92a5f999729bccf729533fc4eb346236d675afc5bd7a477c71eaa88bcdc,UNKNOWN_STATUS_NOT_EXTRACTED,25921719,43,BLOCK
DA-V3-00230,0xe3ffa73f3a3b56e693c2ed775464cb3fbe78307b,0xa0b86991c6218b36c1d19d4a2e9eb0ce3606eb48,VASPCUST-S-0018,VASPCUST-B-0229,VERIFIED,VERIFIED,ETH,20.0,0xa0b86991c6218b36c1d19d4a2e9eb0ce3606eb48,2026-01-01T00:00:00+00:00,2026-12-31T23:59:59+00:00,ETH,0.000994850957004867,0xa0b86991c6218b36c1d19d4a2e9eb0ce3606eb48,2026-09-07T00:44:59+00:00,0x1df1fd3a4ebffbd7fb76de430adc63adff227b2b59512a5939ca4eb9d5ac1905,0x1df1fd3a4ebffbd7fb76de430adc63adff227b2b59512a5939ca4eb9d5ac1905,UNKNOWN_STATUS_NOT_EXTRACTED,25921719,86,PASS
DA-V3-00231,0x4b6622e4fc4940d87ca9cb56036821d40f858570,0xec53bf9167f50cdeb3ae105f56099aaab9061f83,VASPCUST-S-0019,VASPCUST-B-0230,VERIFIED,VERIFIED,ETH,0.05,0xec53bf9167f50cdeb3ae105f56099aaab9061f83,2026-01-01T00:00:00+00:00,2026-01-15T23:59:59+00:00,ETH,0.001,0xec53bf9167f50cdeb3ae105f56099aaab9061f83,2026-09-07T00:45:59+00:00,0xf8fcef497a073415f81a6d16e305fbf951e5d3fdf54bc1c8cb381b55835e09a3,0xf8fcef497a073415f81a6d16e305fbf951e5d3fdf54bc1c8cb381b55835e09a3,UNKNOWN_STATUS_NOT_EXTRACTED,25921719,129,PASS
DA-V3-00232,0xde1270f52fb3fa24e15358391efdb913b2b3c119,0x1f60c11342e15670e438319d7808b2c8a9b112a9,VASPCUST-S-0020,VASPCUST-B-0231,VERIFIED,UNKNOWN,ETH,0.25,0x1f60c11342e15670e438319d7808b2c8a9b112a9,2026-01-01T00:00:00+00:00,2026-12-31T23:59:59+00:00,ETH,0.011874941829621,0x1f60c11342e15670e438319d7808b2c8a9b112a9,2026-09-07T00:46:59+00:00,0x2dc930afcbed976816de199b09ea6039f02602be171ee3fd544150764ac7cfad,0x2dc930afcbed976816de199b09ea6039f02602be171ee3fd544150764ac7cfad,UNKNOWN_STATUS_NOT_EXTRACTED,25921719,172,REVIEW
DA-V3-00233,0x64a3055dd47889ea59caa9bd632f842b4517fae6,0x343e5d510b933bba12e4c42d1a0c982bfa22156b,VASPCUST-S-0021,VASPCUST-B-0232,PENDING,VERIFIED,ETH,1.0,0x343e5d510b933bba12e4c42d1a0c982bfa22156b,2026-01-01T00:00:00+00:00,2026-12-31T23:59:59+00:00,ETH,0.001,0x343e5d510b933bba12e4c42d1a0c982bfa22156b,2026-09-07T00:47:47+00:00,0x76f1e404b709d48dc610e1049a9ca391c0f2703da26609962e1802e79b7dda47,0x76f1e404b709d48dc610e1049a9ca391c0f2703da26609962e1802e79b7dda47,UNKNOWN_STATUS_NOT_EXTRACTED,25921719,215,REVIEW
DA-V3-00234,0x9642b23ed1e01df1092b92641051881a322f5d4e,0xdac17f958d2ee523a2206206994597c13d831ec7,VASPCUST-S-0022,VASPCUST-B-0233,VERIFIED,VERIFIED,ETH,5.0,0xdac17f958d2ee523a2206206994597c13d831ec7,2026-01-01T00:00:00+00:00,2026-12-31T23:59:59+00:00,ETH,0.005952758905327322,0xdac17f958d2ee523a2206206994597c13d831ec7,2026-09-07T00:48:47+00:00,0xaa29c949092be5a3692ef55284738d4a22e0e1c54415ef9572b0d6b375f5e98f,0xaa29c949092be5a3692ef55284738d4a22e0e1c54415ef9572b0d6b375f5e98f,UNKNOWN_STATUS_NOT_EXTRACTED,25921719,258,PASS
DA-V3-00235,0x1c4a90407556f155beee58aaee296dddfcd9f840,0xf55575bde5953ee4272d5ce7cdd924c74d8fa81a,VASPCUST-S-0023,VASPCUST-B-0234,VERIFIED,VERIFIED,ETH,20.0,0xf55575bde5953ee4272d5ce7cdd924c74d8fa81a,2026-01-01T00:00:00+00:00,2026-12-31T23:59:59+00:00,ETH,0.000113933650980129,0xf55575bde5953ee4272d5ce7cdd924c74d8fa81a,2026-09-07T00:49:47+00:00,0x63fdd49926eefe1e0daa0f7ef6e430ae1cc7e2f1442b98e411aebb9980257491,0x63fdd49926eefe1e0daa0f7ef6e430ae1cc7e2f1442b98e411aebb9980257491,UNKNOWN_STATUS_NOT_EXTRACTED,25921719,301,PASS
DA-V3-00236,0xbf407f883ddb814f2ec362a9e49f76d8051e1d58,0x827f9f24ca33e5872d4b5685a5dd7c7bc8417ba5,VASPCUST-S-0024,VASPCUST-B-0235,VERIFIED,VERIFIED,ETH,0.05,0x827f9f24ca33e5872d4b5685a5dd7c7bc8417ba5,2026-01-01T00:00:00+00:00,2026-12-31T23:59:59+00:00,ETH,4.0174e-06,0x827f9f24ca33e5872d4b5685a5dd7c7bc8417ba5,2026-09-07T00:50:47+00:00,0x4e393033a03da2237cd50817039e608878ba2220dd16d33ae7b09b0ae47c6cd8,0x4e393033a03da2237cd50817039e608878ba2220dd16d33ae7b09b0ae47c6cd8,UNKNOWN_STATUS_NOT_EXTRACTED,25921719,344,PASS
DA-V3-00237,0x7440891b7b884c0e4d71cbe7e9a4bd4ff46e8d35,0xdac17f958d2ee523a2206206994597c13d831ec7,VASPCUST-S-0025,VASPCUST-B-0236,VERIFIED,VERIFIED,ETH,0.25,0xdac17f958d2ee523a2206206994597c13d831ec7,2026-01-01T00:00:00+00:00,2026-12-31T23:59:59+00:00,ETH,0.00151268,0xdac17f958d2ee523a2206206994597c13d831ec7,2026-09-07T00:51:47+00:00,0xff126575702057fa7a11d27e145a190230c9fd5a999fb0d9b872fd88a9452856,0xff126575702057fa7a11d27e145a190230c9fd5a999fb0d9b872fd88a9452856,UNKNOWN_STATUS_NOT_EXTRACTED,25921719,387,PASS
DA-V3-00238,0x05ff6964d21e5dae3b1010d5ae0465b3c450f381,0xdac17f958d2ee523a2206206994597c13d831ec7,VASPCUST-S-0026,VASPCUST-B-0237,VERIFIED,VERIFIED,ETH,1.0,0xdac17f958d2ee523a2206206994597c13d831ec7,2026-01-01T00:00:00+00:00,2026-12-31T23:59:59+00:00,ETH,0.13854931584429228,0xdac17f958d2ee523a2206206994597c13d831ec7,2026-09-07T00:52:47+00:00,0xf67abaa47b655182d0d484b359823b9669672b2b91bbad72e6a0f27a97a8f2d4,0xf67abaa47b655182d0d484b359823b9669672b2b91bbad72e6a0f27a97a8f2d4,UNKNOWN_STATUS_NOT_EXTRACTED,25921719,430,PASS
DA-V3-00239,0x208dc076fb5c3ad1c67ea5938d8eb72e2fcde470,0xdac17f958d2ee523a2206206994597c13d831ec7,VASPCUST-S-0027,VASPCUST-B-0238,VERIFIED,VERIFIED,ETH,5.0,0xdac17f958d2ee523a2206206994597c13d831ec7,2026-01-01T00:00:00+00:00,2026-12-31T23:59:59+00:00,UNAPPROVED_TOKEN,6.584356180176e-05,0xdac17f958d2ee523a2206206994597c13d831ec7,2026-09-07T00:53:47+00:00,0x1bf292a716b09a90bd58202749f29e543768d7783b66714f5926baedbeb15a0c,0x1bf292a716b09a90bd58202749f29e543768d7783b66714f5926baedbeb15a0c,UNKNOWN_STATUS_NOT_EXTRACTED,25921719,473,BLOCK
DA-V3-00240,0x15e39365b7c2b044646a5c97d370e50ebff5d41b,0xd47a1bdc6872ad2fd16e50149baa9924c653e624,VASPCUST-S-0028,VASPCUST-B-0239,VERIFIED,VERIFIED,ETH,20.0,0xd47a1bdc6872ad2fd16e50149baa9924c653e624,2026-01-01T00:00:00+00:00,2026-12-31T23:59:59+00:00,ETH,0.001957091036333894,0xd47a1bdc6872ad2fd16e50149baa9924c653e624,2026-09-07T00:54:47+00:00,0xacf353175bc1c4cb8bc94ad79a69f2e870228c3d9c3ae0ca7f6065f704848e6e,0xacf353175bc1c4cb8bc94ad79a69f2e870228c3d9c3ae0ca7f6065f704848e6e,UNKNOWN_STATUS_NOT_EXTRACTED,25921719,516,PASS
DA-V3-00241,0x846d40f98d12f2867b7fcf593eb24bfead26b800,0x28c6c06298d514db089934071355e5743bf21d60,VASPCUST-S-0029,VASPCUST-B-0240,FAILED,VERIFIED,ETH,0.05,0x28c6c06298d514db089934071355e5743bf21d60,2026-01-01T00:00:00+00:00,2026-12-31T23:59:59+00:00,ETH,2.31e-16,0x28c6c06298d514db089934071355e5743bf21d60,2026-09-07T00:55:47+00:00,0x62638e4f778077653ba72303edb82220b28d8394a82678e9a2c941d2bdc295d3,0x62638e4f778077653ba72303edb82220b28d8394a82678e9a2c941d2bdc295d3,UNKNOWN_STATUS_NOT_EXTRACTED,25921719,559,REVIEW
DA-V3-00242,0x1727bab249743060e12d9e1d1973000b93890e80,0xece4b9748989ec8db873bec468186407633e0684,VASPCUST-S-0030,VASPCUST-B-0241,VERIFIED,VERIFIED,ETH,0.25,0xece4b9748989ec8db873bec468186407633e0684,2026-01-01T00:00:00+00:00,2026-12-31T23:59:59+00:00,ETH,0.000156400847532,0xece4b9748989ec8db873bec468186407633e0684,2026-09-07T00:56:35+00:00,0x846ea1ad53fe4ab2baa1bf56060a333d70687b57260152cfc24bb0a3b66ee6f3,0x846ea1ad53fe4ab2baa1bf56060a333d70687b57260152cfc24bb0a3b66ee6f3,UNKNOWN_STATUS_NOT_EXTRACTED,25921719,602,PASS
DA-V3-00243,0x3f3ae3b456ee6685f168cdfe18a01f17c142d1c8,0xbc1d9760bd6ca468ca9fb5ff2cfbeac35d86c973,VASPCUST-S-0031,VASPCUST-B-0242,VERIFIED,UNKNOWN,ETH,1.0,0xbc1d9760bd6ca468ca9fb5ff2cfbeac35d86c973,2026-01-01T00:00:00+00:00,2026-12-31T23:59:59+00:00,ETH,0.04397712,0xbc1d9760bd6ca468ca9fb5ff2cfbeac35d86c973,2026-09-07T00:57:35+00:00,0x651c8de2268f440fdfaae329ba553a1089cecc17aa248b547b9b801f0d661085,0x651c8de2268f440fdfaae329ba553a1089cecc17aa248b547b9b801f0d661085,UNKNOWN_STATUS_NOT_EXTRACTED,25921718,38,REVIEW
DA-V3-00244,0xb00439e6f77af558c79005ee9d158df547490e88,0x0ca8e8d976df3321f6ff0a8cca96536a51565c81,VASPCUST-S-0032,VASPCUST-B-0243,VERIFIED,VERIFIED,ETH,5.0,0x0ca8e8d976df3321f6ff0a8cca96536a51565c81,2026-01-01T00:00:00+00:00,2026-12-31T23:59:59+00:00,ETH,0.000194740360041744,0x0ca8e8d976df3321f6ff0a8cca96536a51565c81,2026-09-07T00:58:35+00:00,0x43a309c71f5b26337081c40911f7d5ab71804c1f516da57d492898dcf5b80456,0x43a309c71f5b26337081c40911f7d5ab71804c1f516da57d492898dcf5b80456,UNKNOWN_STATUS_NOT_EXTRACTED,25921718,81,PASS
DA-V3-00245,0x09cba3a275953abd805461a7482d437c8c4f4a92,0xc02aaa39b223fe8d0a0e5c4f27ead9083c756cc2,VASPCUST-S-0033,VASPCUST-B-0244,VERIFIED,VERIFIED,ETH,20.0,0xc02aaa39b223fe8d0a0e5c4f27ead9083c756cc2,2026-01-01T00:00:00+00:00,2026-12-31T23:59:59+00:00,ETH,0.099978945,0xc02aaa39b223fe8d0a0e5c4f27ead9083c756cc2,2026-09-07T00:59:35+00:00,0x17c866d03104365d484cb636fe883e552d312b0282b380f5f6c1f15f5ea85644,0x17c866d03104365d484cb636fe883e552d312b0282b380f5f6c1f15f5ea85644,UNKNOWN_STATUS_NOT_EXTRACTED,25921718,124,PASS
DA-V3-00246,0xb0c476f768f35c9db44cf8370ae1545dc49039b3,0xb02016102e7ab27bce2c3087392098a09c2f0f2a,VASPCUST-S-0034,VASPCUST-B-0245,VERIFIED,VERIFIED,ETH,0.05,0xb02016102e7ab27bce2c3087392098a09c2f0f2a,2026-01-01T00:00:00+00:00,2026-12-31T23:59:59+00:00,ETH,0.002,0xb02016102e7ab27bce2c3087392098a09c2f0f2a,2026-09-07T01:00:23+00:00,0x441629829555f67c1b0424e5287379bfbeade273714c450ef6b75dd5a5f9df9d,0x441629829555f67c1b0424e5287379bfbeade273714c450ef6b75dd5a5f9df9d,UNKNOWN_STATUS_NOT_EXTRACTED,25921717,19,PASS
DA-V3-00247,0x905019c721a50306223934255560a5d9a1be6510,0xfd03abcadaf3f930fa4e37eb2f6ea3a44a41b7f0,VASPCUST-S-0035,VASPCUST-B-0246,VERIFIED,VERIFIED,ETH,0.25,0xfd03abcadaf3f930fa4e37eb2f6ea3a44a41b7f0,2026-01-01T00:00:00+00:00,2026-12-31T23:59:59+00:00,ETH,0.000233796514528152,0xfd03abcadaf3f930fa4e37eb2f6ea3a44a41b7f0,2026-09-07T01:01:23+00:00,0x1441b89d3d85e7fed6f85bd98d467a3eb99e823750f624963498efaaadf73ffa,0x1441b89d3d85e7fed6f85bd98d467a3eb99e823750f624963498efaaadf73ffa,UNKNOWN_STATUS_NOT_EXTRACTED,25921717,62,PASS
DA-V3-00248,0x7361ace5be15a1910eebd6eb79869e7a8d98980a,0x43921ce4c411143b88019e100412fa288b65da4f,VASPCUST-S-0036,VASPCUST-B-0247,VERIFIED,VERIFIED,ETH,1.0,0x43921ce4c411143b88019e100412fa288b65da4f,2026-01-01T00:00:00+00:00,2026-12-31T23:59:59+00:00,ETH,0.00213111,0x000000000000000000000000000000000000dEaD,2026-09-07T01:02:23+00:00,0x8bc0b0e7e58e82395a03e3ffd56fdec3d0689ecc9d69cd2fc6907f8040884843,0x8bc0b0e7e58e82395a03e3ffd56fdec3d0689ecc9d69cd2fc6907f8040884843,UNKNOWN_STATUS_NOT_EXTRACTED,25921717,105,BLOCK
DA-V3-00249,0xd980bf20b072669f876e79728ceb9cbdf57c81c3,0x9a5f1c20bc34c1d8623ef1114ea578a20182bf94,VASPCUST-S-0037,VASPCUST-B-0248,PENDING,VERIFIED,ETH,5.0,0x9a5f1c20bc34c1d8623ef1114ea578a20182bf94,2026-01-01T00:00:00+00:00,2026-12-31T23:59:59+00:00,ETH,0.005,0x9a5f1c20bc34c1d8623ef1114ea578a20182bf94,2026-09-07T01:03:23+00:00,0x5cd8764732ad4ad813802d5ce662576bed2d87e95320131953f35763f69099ef,0x5cd8764732ad4ad813802d5ce662576bed2d87e95320131953f35763f69099ef,UNKNOWN_STATUS_NOT_EXTRACTED,25921717,148,REVIEW
DA-V3-00250,0x3e0a91dc5848e17765e3167249a2cb018cbb60ee,0xeb943c230218e0da7b2ca18b81f7eb7fbbbe9665,VASPCUST-S-0038,VASPCUST-B-0249,VERIFIED,VERIFIED,ETH,20.0,0xeb943c230218e0da7b2ca18b81f7eb7fbbbe9665,2026-01-01T00:00:00+00:00,2026-12-31T23:59:59+00:00,ETH,0.009,0xeb943c230218e0da7b2ca18b81f7eb7fbbbe9665,2026-09-07T01:04:23+00:00,0xf11d0aab56a846c00b4b391942f0797381a2af6a24c240f224ffe8a5060fd926,0xf11d0aab56a846c00b4b391942f0797381a2af6a24c240f224ffe8a5060fd926,UNKNOWN_STATUS_NOT_EXTRACTED,25921717,191,PASS
DA-V3-00251,0xdd474dff1d20598406d1400e12e1e761604ca606,0x84a76eb7250108f0e464dcd9b9241fa55d87d002,VASPCUST-S-0039,VASPCUST-B-0250,VERIFIED,VERIFIED,ETH,0.05,0x84a76eb7250108f0e464dcd9b9241fa55d87d002,2026-01-01T00:00:00+00:00,2026-12-31T23:59:59+00:00,ETH,0.121710880618081,0x84a76eb7250108f0e464dcd9b9241fa55d87d002,2026-09-07T01:05:23+00:00,0x99831584a13e703c563912bfa202c9a8897b45ba6ae72b957fc8ca401b9a7304,0x99831584a13e703c563912bfa202c9a8897b45ba6ae72b957fc8ca401b9a7304,UNKNOWN_STATUS_NOT_EXTRACTED,25921717,234,BLOCK
DA-V3-00252,0x18dd3c14e34c1bc379f7538068c59160d9f68e25,0xeff6cb8b614999d130e537751ee99724d01aa167,VASPCUST-S-0040,VASPCUST-B-0251,VERIFIED,VERIFIED,ETH,0.25,0xeff6cb8b614999d130e537751ee99724d01aa167,2026-01-01T00:00:00+00:00,2026-12-31T23:59:59+00:00,ETH,0.000237099882842048,0xeff6cb8b614999d130e537751ee99724d01aa167,2026-09-07T01:06:11+00:00,0x1b96a0402233d5e097d3733e61e35f2c5b8b9d901519c7f7fcb91533913af173,0x1b96a0402233d5e097d3733e61e35f2c5b8b9d901519c7f7fcb91533913af173,UNKNOWN_STATUS_NOT_EXTRACTED,25921717,277,PASS
DA-V3-00253,0x3eba306b6fc21d8d0fb1442c8d5fd08af051bf23,0x6872b6630a3afcd3117191a8403c2002e13df7de,VASPCUST-S-0041,VASPCUST-B-0252,VERIFIED,VERIFIED,ETH,1.0,0x6872b6630a3afcd3117191a8403c2002e13df7de,2026-01-01T00:00:00+00:00,2026-12-31T23:59:59+00:00,ETH,0.00033667,0x6872b6630a3afcd3117191a8403c2002e13df7de,2026-09-07T01:07:11+00:00,0x5200efe8dd2b0683148c94e2311ebd9f33b21d8adeed792deaba6ef7bad98f72,0x5200efe8dd2b0683148c94e2311ebd9f33b21d8adeed792deaba6ef7bad98f72,UNKNOWN_STATUS_NOT_EXTRACTED,25921717,320,PASS
DA-V3-00254,0x12c18288d64ba9508eab12975f1c1bbc8f1c0540,0xa0b86991c6218b36c1d19d4a2e9eb0ce3606eb48,VASPCUST-S-0042,VASPCUST-B-0253,VERIFIED,UNKNOWN,ETH,5.0,0xa0b86991c6218b36c1d19d4a2e9eb0ce3606eb48,2026-01-01T00:00:00+00:00,2026-01-15T23:59:59+00:00,ETH,0.058893502190825835,0xa0b86991c6218b36c1d19d4a2e9eb0ce3606eb48,2026-09-07T01:08:11+00:00,0x1d1ca6e9206b3ef21b33e3e71218d38f6f5cd79d775cd34cad0a1e7b1b9ef64b,0x1d1ca6e9206b3ef21b33e3e71218d38f6f5cd79d775cd34cad0a1e7b1b9ef64b,UNKNOWN_STATUS_NOT_EXTRACTED,25921716,24,REVIEW
DA-V3-00255,0x1a7d83b3ed4b814ce6f8672fd20aa8f23b643e38,0x0000000071727de22e5e9d8baf0edac6f37da032,VASPCUST-S-0043,VASPCUST-B-0254,VERIFIED,VERIFIED,ETH,20.0,0x0000000071727de22e5e9d8baf0edac6f37da032,2026-01-01T00:00:00+00:00,2026-12-31T23:59:59+00:00,ETH,0.24604896,0x0000000071727de22e5e9d8baf0edac6f37da032,2026-09-07T01:09:11+00:00,0x5abf5bf284df97ada4c286ad61096e2c83910cd90fcbcceb55eccde1e0ce1878,0x5abf5bf284df97ada4c286ad61096e2c83910cd90fcbcceb55eccde1e0ce1878,UNKNOWN_STATUS_NOT_EXTRACTED,25921716,67,PASS
DA-V3-00256,0x85ac393addd65bcf6ab0999f2a5c064e867f255f,0xdac17f958d2ee523a2206206994597c13d831ec7,VASPCUST-S-0044,VASPCUST-B-0255,VERIFIED,VERIFIED,ETH,0.05,0xdac17f958d2ee523a2206206994597c13d831ec7,2026-01-01T00:00:00+00:00,2026-12-31T23:59:59+00:00,UNAPPROVED_TOKEN,0.44195414,0xdac17f958d2ee523a2206206994597c13d831ec7,2026-09-07T01:10:11+00:00,0xab44eae43fd7265827bfd3c68b7e95df1aeb567e7b63481077696a80eccf900c,0xab44eae43fd7265827bfd3c68b7e95df1aeb567e7b63481077696a80eccf900c,UNKNOWN_STATUS_NOT_EXTRACTED,25921716,110,BLOCK
DA-V3-00257,0x1ab4973a48dc892cd9971ece8e01dcc7688f8f23,0x9e07ccb63ad926c9a56b0a324379f99b18610439,VASPCUST-S-0045,VASPCUST-B-0256,FAILED,VERIFIED,ETH,0.25,0x9e07ccb63ad926c9a56b0a324379f99b18610439,2026-01-01T00:00:00+00:00,2026-12-31T23:59:59+00:00,ETH,0.009999571859308,0x9e07ccb63ad926c9a56b0a324379f99b18610439,2026-09-07T01:11:11+00:00,0xf97cd3539f15c855c504c78ab5afca8112a230a9ccde37b6fea917e38fc58421,0xf97cd3539f15c855c504c78ab5afca8112a230a9ccde37b6fea917e38fc58421,UNKNOWN_STATUS_NOT_EXTRACTED,25921716,153,REVIEW
DA-V3-00258,0xbe706abdfb4bad5f4fce62235878fbd99720f082,0x2f7c33849982aab15d91069c9cd3a2a349e3b7fc,VASPCUST-S-0046,VASPCUST-B-0257,VERIFIED,VERIFIED,ETH,1.0,0x2f7c33849982aab15d91069c9cd3a2a349e3b7fc,2026-01-01T00:00:00+00:00,2026-12-31T23:59:59+00:00,ETH,2.0678e-06,0x2f7c33849982aab15d91069c9cd3a2a349e3b7fc,2026-09-07T01:11:59+00:00,0x7ed9048ff904e2830dc4828b52ed4fa28cf4c414b29aa3bd9f151b47ba61affd,0x7ed9048ff904e2830dc4828b52ed4fa28cf4c414b29aa3bd9f151b47ba61affd,UNKNOWN_STATUS_NOT_EXTRACTED,25921716,196,PASS
DA-V3-00259,0xd79df36587505d3ad97b4ece1225980b00d56a01,0x06cff7088619c7178f5e14f0b119458d08d2f5ef,VASPCUST-S-0047,VASPCUST-B-0258,VERIFIED,VERIFIED,ETH,5.0,0x06cff7088619c7178f5e14f0b119458d08d2f5ef,2026-01-01T00:00:00+00:00,2026-12-31T23:59:59+00:00,ETH,0.001,0x06cff7088619c7178f5e14f0b119458d08d2f5ef,2026-09-07T01:12:59+00:00,0xd89d091fe3e75ea86c783258db8e4bc968f2f7ecf1951f637c52955b74f72246,0xd89d091fe3e75ea86c783258db8e4bc968f2f7ecf1951f637c52955b74f72246,UNKNOWN_STATUS_NOT_EXTRACTED,25921716,239,PASS
DA-V3-00260,0xaee0557a2e35a9e5718ee11754c64fadd1d04c33,0xbb368f694cc63715193d80325496e18b9435977e,VASPCUST-S-0048,VASPCUST-B-0259,VERIFIED,VERIFIED,ETH,20.0,0xbb368f694cc63715193d80325496e18b9435977e,2026-01-01T00:00:00+00:00,2026-12-31T23:59:59+00:00,ETH,0.0001259352101,0xbb368f694cc63715193d80325496e18b9435977e,2026-09-07T01:13:59+00:00,0x00325f24df0dc72343623f85f8bf4b4bdc40c0d07e7f8c0e35f2adcea222aef2,0x00325f24df0dc72343623f85f8bf4b4bdc40c0d07e7f8c0e35f2adcea222aef2,UNKNOWN_STATUS_NOT_EXTRACTED,25921716,282,PASS
DA-V3-00261,0x264bd8291fae1d75db2c5f573b07faa6715997b5,0xdac17f958d2ee523a2206206994597c13d831ec7,VASPCUST-S-0049,VASPCUST-B-0260,VERIFIED,VERIFIED,ETH,0.05,0xdac17f958d2ee523a2206206994597c13d831ec7,2026-01-01T00:00:00+00:00,2026-12-31T23:59:59+00:00,ETH,1.793152021341684,0xdac17f958d2ee523a2206206994597c13d831ec7,2026-09-07T01:14:59+00:00,0x04767443106d2810dba7902d714752b69eb12395b6e5f62776e688d05f7090c1,0x04767443106d2810dba7902d714752b69eb12395b6e5f62776e688d05f7090c1,UNKNOWN_STATUS_NOT_EXTRACTED,25921716,325,BLOCK
DA-V3-00262,0xddb216d38962c7a5f809736fb741e633346e8be8,0x83ed100b87128fff0a48697b48395acc55a9585d,VASPCUST-S-0050,VASPCUST-B-0261,VERIFIED,VERIFIED,ETH,0.25,0x83ed100b87128fff0a48697b48395acc55a9585d,2026-01-01T00:00:00+00:00,2026-12-31T23:59:59+00:00,ETH,0.03972068414906378,0x83ed100b87128fff0a48697b48395acc55a9585d,2026-09-07T01:15:59+00:00,0x1566c42d1561340440320f9bb0c434be38a5cadf3f2cd4152efc81b219a8faeb,0x1566c42d1561340440320f9bb0c434be38a5cadf3f2cd4152efc81b219a8faeb,UNKNOWN_STATUS_NOT_EXTRACTED,25921716,368,PASS
DA-V3-00263,0x28c6c06298d514db089934071355e5743bf21d60,0x82ac86737fc74a2631ce3c34dcaa9cdd87b3df06,VASPCUST-S-0051,VASPCUST-B-0262,VERIFIED,VERIFIED,ETH,1.0,0x82ac86737fc74a2631ce3c34dcaa9cdd87b3df06,2026-01-01T00:00:00+00:00,2026-12-31T23:59:59+00:00,ETH,0.020334534942487038,0x82ac86737fc74a2631ce3c34dcaa9cdd87b3df06,2026-09-07T01:16:47+00:00,0xc414b0b334c04d2de53d742cca0085ad9ff7bd8308290a8d8f05603ae17da508,0xc414b0b334c04d2de53d742cca0085ad9ff7bd8308290a8d8f05603ae17da508,UNKNOWN_STATUS_NOT_EXTRACTED,25921715,20,PASS
DA-V3-00264,0xe94fc601cf972dc0ec2bb1d1cd23f4079bb1bce3,0x0439e60f02a8900a951603950d8d4527f400c3f1,VASPCUST-S-0052,VASPCUST-B-0263,VERIFIED,VERIFIED,ETH,5.0,0x0439e60f02a8900a951603950d8d4527f400c3f1,2026-01-01T00:00:00+00:00,2026-12-31T23:59:59+00:00,ETH,0.006,0x0439e60f02a8900a951603950d8d4527f400c3f1,2026-09-07T01:17:47+00:00,0x3ee019ee7e63143a9b9dc18a18a5d909b36c3725eca3cfb5fe99e25736d95d0a,0x3ee019ee7e63143a9b9dc18a18a5d909b36c3725eca3cfb5fe99e25736d95d0a,UNKNOWN_STATUS_NOT_EXTRACTED,25921715,63,PASS
DA-V3-00265,0xd129cc01ab0a6f7fd22ff84d853e99a3d061d5dd,0x4cd00e387622c35bddb9b4c962c136462338bc31,VASPCUST-S-0053,VASPCUST-B-0264,PENDING,UNKNOWN,ETH,20.0,0x4cd00e387622c35bddb9b4c962c136462338bc31,2026-01-01T00:00:00+00:00,2026-12-31T23:59:59+00:00,ETH,6.797315726e-06,0x4cd00e387622c35bddb9b4c962c136462338bc31,2026-09-07T01:18:47+00:00,0x8ea2b0873f4473ec5b75700d0acb47f261c34a4b5d95670c3e1df8c0108e9409,0x8ea2b0873f4473ec5b75700d0acb47f261c34a4b5d95670c3e1df8c0108e9409,UNKNOWN_STATUS_NOT_EXTRACTED,25921715,106,REVIEW
DA-V3-00266,0x57fae29fd0fa795eafb5d73aa93e09fe4cdcd8fd,0xca990b9f87b2e3e5e80dfc14947807d6e0e7ef9e,VASPCUST-S-0054,VASPCUST-B-0265,VERIFIED,VERIFIED,ETH,0.05,0xca990b9f87b2e3e5e80dfc14947807d6e0e7ef9e,2026-01-01T00:00:00+00:00,2026-12-31T23:59:59+00:00,ETH,0.042744955119599325,0xca990b9f87b2e3e5e80dfc14947807d6e0e7ef9e,2026-09-07T01:19:47+00:00,0x0fac721e4fa220dc1b18b1b2178a18ad836dc67be63619b93f1827abc0e5384b,0x0fac721e4fa220dc1b18b1b2178a18ad836dc67be63619b93f1827abc0e5384b,UNKNOWN_STATUS_NOT_EXTRACTED,25921715,149,PASS
DA-V3-00267,0x80d04079ffc53eb14edbeeb37279d126f45552df,0x95aee3eb30814bf7b1479faf7ebedb0d2c38eaa2,VASPCUST-S-0055,VASPCUST-B-0266,VERIFIED,VERIFIED,ETH,0.25,0x95aee3eb30814bf7b1479faf7ebedb0d2c38eaa2,2026-01-01T00:00:00+00:00,2026-12-31T23:59:59+00:00,ETH,0.019924659134821,0x000000000000000000000000000000000000dEaD,2026-09-07T01:20:47+00:00,0x9257483336078b92d2562295098439415a00b8736e608c425f68f539863c3b0e,0x9257483336078b92d2562295098439415a00b8736e608c425f68f539863c3b0e,UNKNOWN_STATUS_NOT_EXTRACTED,25921714,37,BLOCK
DA-V3-00268,0xd47a1bdc6872ad2fd16e50149baa9924c653e624,0x111111125421ca6dc452d289314280a0f8842a65,VASPCUST-S-0056,VASPCUST-B-0267,VERIFIED,VERIFIED,ETH,1.0,0x111111125421ca6dc452d289314280a0f8842a65,2026-01-01T00:00:00+00:00,2026-12-31T23:59:59+00:00,ETH,0.012144249785148208,0x111111125421ca6dc452d289314280a0f8842a65,2026-09-07T01:21:47+00:00,0xd52498b080cb94997ca70fbc4d2af82714c0887ece38ee26b42a2e859cb85e98,0xd52498b080cb94997ca70fbc4d2af82714c0887ece38ee26b42a2e859cb85e98,UNKNOWN_STATUS_NOT_EXTRACTED,25921714,80,PASS
DA-V3-00269,0x867bdc57d1b071fe5a9f670dd70b91e4269814d3,0xdac17f958d2ee523a2206206994597c13d831ec7,VASPCUST-S-0057,VASPCUST-B-0268,VERIFIED,VERIFIED,ETH,5.0,0xdac17f958d2ee523a2206206994597c13d831ec7,2026-01-01T00:00:00+00:00,2026-12-31T23:59:59+00:00,ETH,7.690542019195e-06,0xdac17f958d2ee523a2206206994597c13d831ec7,2026-09-07T01:22:47+00:00,0xa3ed4b4823e4afaede4993498c2da784570ced7cf3930d7d30318416be6962d5,0xa3ed4b4823e4afaede4993498c2da784570ced7cf3930d7d30318416be6962d5,UNKNOWN_STATUS_NOT_EXTRACTED,25921714,123,PASS
DA-V3-00270,0x6872b6630a3afcd3117191a8403c2002e13df7de,0x4c82d1fbfe28c977cbb58d8c7ff8fcf9f70a2cca,VASPCUST-S-0058,VASPCUST-B-0269,VERIFIED,VERIFIED,ETH,20.0,0x4c82d1fbfe28c977cbb58d8c7ff8fcf9f70a2cca,2026-01-01T00:00:00+00:00,2026-12-31T23:59:59+00:00,ETH,0.001,0x4c82d1fbfe28c977cbb58d8c7ff8fcf9f70a2cca,2026-09-07T01:23:35+00:00,0x5c1af5b91db8a47d8ee1bdbfdb2b81f8fcbf0062f3d4d172d9ce4ed061d5eede,0x5c1af5b91db8a47d8ee1bdbfdb2b81f8fcbf0062f3d4d172d9ce4ed061d5eede,UNKNOWN_STATUS_NOT_EXTRACTED,25921714,166,PASS
DA-V3-00271,0x1584a8ee67789d1fe161065388657ad2f2a3c7dd,0x4337084d9e255ff0702461cf8895ce9e3b5ff108,VASPCUST-S-0059,VASPCUST-B-0270,VERIFIED,VERIFIED,ETH,0.05,0x4337084d9e255ff0702461cf8895ce9e3b5ff108,2026-01-01T00:00:00+00:00,2026-12-31T23:59:59+00:00,ETH,0.04,0x4337084d9e255ff0702461cf8895ce9e3b5ff108,2026-09-06T23:54:35+00:00,0xe353672e0828b43037cbd60bc9f50312499db4a9dd0daa6ba214d3129f1cf7de,0xe353672e0828b43037cbd60bc9f50312499db4a9dd0daa6ba214d3129f1cf7de,UNKNOWN_STATUS_NOT_EXTRACTED,25921713,27,PASS
DA-V3-00272,0x559432e18b281731c054cd703d4b49872be4ed53,0x4c82d1fbfe28c977cbb58d8c7ff8fcf9f70a2cca,VASPCUST-S-0060,VASPCUST-B-0271,VERIFIED,VERIFIED,ETH,0.25,0x4c82d1fbfe28c977cbb58d8c7ff8fcf9f70a2cca,2026-01-01T00:00:00+00:00,2026-12-31T23:59:59+00:00,ETH,0.13,0x4c82d1fbfe28c977cbb58d8c7ff8fcf9f70a2cca,2026-09-06T23:55:35+00:00,0x1b3238750e8d382e71493fdce5f7215bf8f7813a3bcc8f92e75775ff9f758ecd,0x1b3238750e8d382e71493fdce5f7215bf8f7813a3bcc8f92e75775ff9f758ecd,UNKNOWN_STATUS_NOT_EXTRACTED,25921712,8,PASS
DA-V3-00273,0xfc65f8a43f8d1619a1741b61dbcbafb4f240fe72,0xc826566a19be2d2ec5f85429490134f3b11c1026,VASPCUST-S-0061,VASPCUST-B-0272,FAILED,VERIFIED,ETH,1.0,0xc826566a19be2d2ec5f85429490134f3b11c1026,2026-01-01T00:00:00+00:00,2026-12-31T23:59:59+00:00,UNAPPROVED_TOKEN,0.004186812235105666,0xc826566a19be2d2ec5f85429490134f3b11c1026,2026-09-06T23:56:35+00:00,0xd13f5fc66a55cdd7a64181638bb4585aa020d34bb2f99610c119ebe44b24a9c9,0xd13f5fc66a55cdd7a64181638bb4585aa020d34bb2f99610c119ebe44b24a9c9,UNKNOWN_STATUS_NOT_EXTRACTED,25921712,51,REVIEW
DA-V3-00274,0xc17f744851ca15da79ee4dfad7ed1f42b38302d8,0x4337084d9e255ff0702461cf8895ce9e3b5ff108,VASPCUST-S-0062,VASPCUST-B-0273,VERIFIED,VERIFIED,ETH,5.0,0x4337084d9e255ff0702461cf8895ce9e3b5ff108,2026-01-01T00:00:00+00:00,2026-12-31T23:59:59+00:00,ETH,1e-05,0x4337084d9e255ff0702461cf8895ce9e3b5ff108,2026-09-06T23:57:35+00:00,0x06969f2f7537efb9fba686fa4166e4e0fdd921da678045bdaedafbc1d108c20f,0x06969f2f7537efb9fba686fa4166e4e0fdd921da678045bdaedafbc1d108c20f,UNKNOWN_STATUS_NOT_EXTRACTED,25921712,94,PASS
DA-V3-00275,0x109ac072b9407dd8e59dc2aea74e451e96c207d4,0x3343405651cb51593f8af7c1451aae137c2d218b,VASPCUST-S-0063,VASPCUST-B-0274,VERIFIED,VERIFIED,ETH,20.0,0x3343405651cb51593f8af7c1451aae137c2d218b,2026-01-01T00:00:00+00:00,2026-12-31T23:59:59+00:00,ETH,0.012,0x3343405651cb51593f8af7c1451aae137c2d218b,2026-09-06T23:58:35+00:00,0x696cd3c48e02ca1aa9d800acad8699814b69aeb02f1b06bfe1ec395cdb88b435,0x696cd3c48e02ca1aa9d800acad8699814b69aeb02f1b06bfe1ec395cdb88b435,UNKNOWN_STATUS_NOT_EXTRACTED,25921712,137,PASS
DA-V3-00276,0xd6d3c12e9fb4838f55f9cc531c42af246de82a07,0x800ba850036d74b5a4214ca6e80c64bde94baca8,VASPCUST-S-0064,VASPCUST-B-0275,VERIFIED,UNKNOWN,ETH,0.05,0x800ba850036d74b5a4214ca6e80c64bde94baca8,2026-01-01T00:00:00+00:00,2026-12-31T23:59:59+00:00,ETH,0.00010871963953904,0x800ba850036d74b5a4214ca6e80c64bde94baca8,2026-09-06T23:59:23+00:00,0xdb50c2f1678a0246b6833d4afa7038f30e3773549380dffef66fe1dc9b5a1942,0xdb50c2f1678a0246b6833d4afa7038f30e3773549380dffef66fe1dc9b5a1942,UNKNOWN_STATUS_NOT_EXTRACTED,25921712,180,REVIEW
DA-V3-00277,0x1a186b650abb0e988591d94038e059fa4f53d67a,0xdac17f958d2ee523a2206206994597c13d831ec7,VASPCUST-S-0065,VASPCUST-B-0276,VERIFIED,VERIFIED,ETH,0.25,0xdac17f958d2ee523a2206206994597c13d831ec7,2026-01-01T00:00:00+00:00,2026-01-15T23:59:59+00:00,ETH,0.005363847788086814,0xdac17f958d2ee523a2206206994597c13d831ec7,2026-09-07T00:00:23+00:00,0x72f1f969890c10926fef79c87af4b05a7232bfc73f0e73c87f01c990526fc649,0x72f1f969890c10926fef79c87af4b05a7232bfc73f0e73c87f01c990526fc649,UNKNOWN_STATUS_NOT_EXTRACTED,25921711,28,PASS
DA-V3-00278,0x2d53bc39ebff328e5261a66e2669d9bc0da9bd3d,0xdac17f958d2ee523a2206206994597c13d831ec7,VASPCUST-S-0066,VASPCUST-B-0277,VERIFIED,VERIFIED,ETH,1.0,0xdac17f958d2ee523a2206206994597c13d831ec7,2026-01-01T00:00:00+00:00,2026-12-31T23:59:59+00:00,ETH,1.999998438525512,0xdac17f958d2ee523a2206206994597c13d831ec7,2026-09-07T00:01:23+00:00,0x08cb7dc8b75a48bf684d89608c1454679c0008f717e24434bcab7a592411e240,0x08cb7dc8b75a48bf684d89608c1454679c0008f717e24434bcab7a592411e240,UNKNOWN_STATUS_NOT_EXTRACTED,25921711,71,BLOCK
DA-V3-00279,0x4838b106fce9647bdf1e7877bf73ce8b0bad5f97,0x4cd00e387622c35bddb9b4c962c136462338bc31,VASPCUST-S-0067,VASPCUST-B-0278,VERIFIED,VERIFIED,ETH,5.0,0x4cd00e387622c35bddb9b4c962c136462338bc31,2026-01-01T00:00:00+00:00,2026-12-31T23:59:59+00:00,ETH,1e-07,0x4cd00e387622c35bddb9b4c962c136462338bc31,2026-09-07T00:02:23+00:00,0xa7146ee6fd3f32b9a9293a11969afff520100e8224ba16231e1709c15f9038da,0xa7146ee6fd3f32b9a9293a11969afff520100e8224ba16231e1709c15f9038da,UNKNOWN_STATUS_NOT_EXTRACTED,25921711,114,PASS
DA-V3-00280,0xdf1939116f4a231cc4e79be43b90f6fe02e781b8,0xb300000b72deaeb607a12d5f54773d1c19c7028d,VASPCUST-S-0068,VASPCUST-B-0279,VERIFIED,VERIFIED,ETH,20.0,0xb300000b72deaeb607a12d5f54773d1c19c7028d,2026-01-01T00:00:00+00:00,2026-12-31T23:59:59+00:00,ETH,0.04325743060433959,0xb300000b72deaeb607a12d5f54773d1c19c7028d,2026-09-07T00:03:23+00:00,0xf3d4cbb46041b4262d0fc877faf0a2bdef48a53e592402acb6d6e83395ca9fdd,0xf3d4cbb46041b4262d0fc877faf0a2bdef48a53e592402acb6d6e83395ca9fdd,UNKNOWN_STATUS_NOT_EXTRACTED,25921711,157,PASS
DA-V3-00281,0x81e3add2b2b6ee38558c8c5a347d4f79e7aeb98e,0x827f9f24ca33e5872d4b5685a5dd7c7bc8417ba5,VASPCUST-S-0069,VASPCUST-B-0280,PENDING,VERIFIED,ETH,0.05,0x827f9f24ca33e5872d4b5685a5dd7c7bc8417ba5,2026-01-01T00:00:00+00:00,2026-12-31T23:59:59+00:00,ETH,0.3217278801768421,0x827f9f24ca33e5872d4b5685a5dd7c7bc8417ba5,2026-09-07T00:04:23+00:00,0x93494f4517f7ff40df5bdf93d7cc221b355d174fedf9b92e06e6b8839fe7c699,0x93494f4517f7ff40df5bdf93d7cc221b355d174fedf9b92e06e6b8839fe7c699,UNKNOWN_STATUS_NOT_EXTRACTED,25921710,25,REVIEW
DA-V3-00282,0x1579b5f6582c7a04f5ffeec683c13008c4b0a520,0xdac17f958d2ee523a2206206994597c13d831ec7,VASPCUST-S-0070,VASPCUST-B-0281,VERIFIED,VERIFIED,ETH,0.25,0xdac17f958d2ee523a2206206994597c13d831ec7,2026-01-01T00:00:00+00:00,2026-12-31T23:59:59+00:00,ETH,0.01186952,0xdac17f958d2ee523a2206206994597c13d831ec7,2026-09-07T00:05:23+00:00,0x67887b618fd4026a29333ebca636d349ba2dc8f9711832544355848ca574e293,0x67887b618fd4026a29333ebca636d349ba2dc8f9711832544355848ca574e293,UNKNOWN_STATUS_NOT_EXTRACTED,25921710,68,PASS
DA-V3-00283,0xe0d5806ebda73588804eb229b4277d1431c5a09e,0x7b32e9f7419836aa50fda10af4137400ae5c5f1b,VASPCUST-S-0071,VASPCUST-B-0282,VERIFIED,VERIFIED,ETH,1.0,0x7b32e9f7419836aa50fda10af4137400ae5c5f1b,2026-01-01T00:00:00+00:00,2026-12-31T23:59:59+00:00,ETH,0.016285442320779657,0x7b32e9f7419836aa50fda10af4137400ae5c5f1b,2026-09-07T00:06:11+00:00,0x3d29eaeac3dd9cd4b850c9793032ddb643d4e4a53c7a12da99aad6d7ddd84ecd,0x3d29eaeac3dd9cd4b850c9793032ddb643d4e4a53c7a12da99aad6d7ddd84ecd,UNKNOWN_STATUS_NOT_EXTRACTED,25921710,111,PASS
DA-V3-00284,0x7df402d9745441989aa7ffb9111d5e884ebe156d,0x00bb2bf8245e13498af31fb3647e26694cdc9d4a,VASPCUST-S-0072,VASPCUST-B-0283,VERIFIED,VERIFIED,ETH,5.0,0x00bb2bf8245e13498af31fb3647e26694cdc9d4a,2026-01-01T00:00:00+00:00,2026-12-31T23:59:59+00:00,ETH,0.1984,0x00bb2bf8245e13498af31fb3647e26694cdc9d4a,2026-09-07T00:07:11+00:00,0x47021b997eccb63184b2528c316d53188333fce0f6ccc60dcc6945e79bb5c192,0x47021b997eccb63184b2528c316d53188333fce0f6ccc60dcc6945e79bb5c192,UNKNOWN_STATUS_NOT_EXTRACTED,25921710,154,PASS
DA-V3-00285,0x92724b48c731388374577fdd4bf7a070764f28a2,0xbd216513d74c8cf14cf4747e6aaa6420ff64ee9e,VASPCUST-S-0073,VASPCUST-B-0284,VERIFIED,VERIFIED,ETH,20.0,0xbd216513d74c8cf14cf4747e6aaa6420ff64ee9e,2026-01-01T00:00:00+00:00,2026-12-31T23:59:59+00:00,ETH,0.51,0xbd216513d74c8cf14cf4747e6aaa6420ff64ee9e,2026-09-07T00:08:11+00:00,0x4085dd5df6365209062090b4d67fb75c6ea750dfd6d3e8f1ae625295496a6be9,0x4085dd5df6365209062090b4d67fb75c6ea750dfd6d3e8f1ae625295496a6be9,UNKNOWN_STATUS_NOT_EXTRACTED,25921710,197,PASS
DA-V3-00286,0x85bcb47283d7dd1380c438103545b1e5616fc083,0x4c82d1fbfe28c977cbb58d8c7ff8fcf9f70a2cca,VASPCUST-S-0074,VASPCUST-B-0285,VERIFIED,VERIFIED,ETH,0.05,0x4c82d1fbfe28c977cbb58d8c7ff8fcf9f70a2cca,2026-01-01T00:00:00+00:00,2026-12-31T23:59:59+00:00,ETH,9.4551056941887e-05,0x000000000000000000000000000000000000dEaD,2026-09-07T00:09:11+00:00,0x28594f47d316dec47a0d2ba5b306c515b43e31459cd158036a45f8e56d467e36,0x28594f47d316dec47a0d2ba5b306c515b43e31459cd158036a45f8e56d467e36,UNKNOWN_STATUS_NOT_EXTRACTED,25921709,3,BLOCK
DA-V3-00287,0x5fffce35dceb9f1da437407ad46a43973116fb99,0x1926b1af7c909dbea2307adc545ccc75888c2718,VASPCUST-S-0075,VASPCUST-B-0286,VERIFIED,UNKNOWN,ETH,0.25,0x1926b1af7c909dbea2307adc545ccc75888c2718,2026-01-01T00:00:00+00:00,2026-12-31T23:59:59+00:00,ETH,1.96594164,0x1926b1af7c909dbea2307adc545ccc75888c2718,2026-09-07T00:10:11+00:00,0x53f64be7c2c15fa0a9fc5d851b68f42f5997efee15068a34594106133e08d1f6,0x53f64be7c2c15fa0a9fc5d851b68f42f5997efee15068a34594106133e08d1f6,UNKNOWN_STATUS_NOT_EXTRACTED,25921709,46,REVIEW
DA-V3-00288,0x11fa8f2064096a51f4ef9e83732f2ad68d089b9a,0xa0b86991c6218b36c1d19d4a2e9eb0ce3606eb48,VASPCUST-S-0076,VASPCUST-B-0287,VERIFIED,VERIFIED,ETH,1.0,0xa0b86991c6218b36c1d19d4a2e9eb0ce3606eb48,2026-01-01T00:00:00+00:00,2026-12-31T23:59:59+00:00,ETH,1.9237183153034e-05,0xa0b86991c6218b36c1d19d4a2e9eb0ce3606eb48,2026-09-07T00:10:59+00:00,0x3934bd28221a934451cf06d4e6145c76d5cb4dc125730be2a0348c13e2a43752,0x3934bd28221a934451cf06d4e6145c76d5cb4dc125730be2a0348c13e2a43752,UNKNOWN_STATUS_NOT_EXTRACTED,25921709,89,PASS
DA-V3-00289,0x2d734cdab0a79333be9b7c02e635077c809bf66b,0xdac17f958d2ee523a2206206994597c13d831ec7,VASPCUST-S-0077,VASPCUST-B-0288,FAILED,VERIFIED,ETH,5.0,0xdac17f958d2ee523a2206206994597c13d831ec7,2026-01-01T00:00:00+00:00,2026-12-31T23:59:59+00:00,ETH,0.019683392221050762,0xdac17f958d2ee523a2206206994597c13d831ec7,2026-09-07T00:11:59+00:00,0xff788f445195f361d2b2722ac2f74d4df73de1429ecd085cc2d18ac817f23e8d,0xff788f445195f361d2b2722ac2f74d4df73de1429ecd085cc2d18ac817f23e8d,UNKNOWN_STATUS_NOT_EXTRACTED,25921709,132,REVIEW
DA-V3-00290,0x538f5cb4e384733c0ccd5f02e2005afa94694eb0,0xeb943c230218e0da7b2ca18b81f7eb7fbbbe9665,VASPCUST-S-0078,VASPCUST-B-0289,VERIFIED,VERIFIED,ETH,20.0,0xeb943c230218e0da7b2ca18b81f7eb7fbbbe9665,2026-01-01T00:00:00+00:00,2026-12-31T23:59:59+00:00,UNAPPROVED_TOKEN,0.0026093,0xeb943c230218e0da7b2ca18b81f7eb7fbbbe9665,2026-09-07T00:12:59+00:00,0xa87432dc382b3e8bc2e5066aa2f83390dd2cdc52af1943c32dd2715c4b8ec58a,0xa87432dc382b3e8bc2e5066aa2f83390dd2cdc52af1943c32dd2715c4b8ec58a,UNKNOWN_STATUS_NOT_EXTRACTED,25921709,175,BLOCK
DA-V3-00291,0x0d0707963952f2fba59dd06f2b425ace40b492fe,0xdac17f958d2ee523a2206206994597c13d831ec7,VASPCUST-S-0079,VASPCUST-B-0290,VERIFIED,VERIFIED,ETH,0.05,0xdac17f958d2ee523a2206206994597c13d831ec7,2026-01-01T00:00:00+00:00,2026-12-31T23:59:59+00:00,ETH,0.07519452841200279,0xdac17f958d2ee523a2206206994597c13d831ec7,2026-09-07T00:13:59+00:00,0x052e886e0f781caa63052d0a701faefb3b9079787af706f8a81592dde1a52533,0x052e886e0f781caa63052d0a701faefb3b9079787af706f8a81592dde1a52533,UNKNOWN_STATUS_NOT_EXTRACTED,25921709,218,BLOCK
DA-V3-00292,0x7830c87c02e56aff27fa8ab1241711331fa86f43,0x278d858f05b94576c1e6f73285886876ff6ef8d2,VASPCUST-S-0080,VASPCUST-B-0291,VERIFIED,VERIFIED,ETH,0.25,0x278d858f05b94576c1e6f73285886876ff6ef8d2,2026-01-01T00:00:00+00:00,2026-12-31T23:59:59+00:00,ETH,0.001344226525,0x278d858f05b94576c1e6f73285886876ff6ef8d2,2026-09-07T00:14:59+00:00,0xda399809934d2bbf67acf6b1fdd8aed21c66fd97c0249ac66e3acdd2226c5f04,0xda399809934d2bbf67acf6b1fdd8aed21c66fd97c0249ac66e3acdd2226c5f04,UNKNOWN_STATUS_NOT_EXTRACTED,25921709,261,PASS
DA-V3-00293,0xa44342ace906348ddeeb5142acddecb3239542b7,0x4e58c1183b91df3708fb5861ff3531dc128e6e11,VASPCUST-S-0081,VASPCUST-B-0292,VERIFIED,VERIFIED,ETH,1.0,0x4e58c1183b91df3708fb5861ff3531dc128e6e11,2026-01-01T00:00:00+00:00,2026-12-31T23:59:59+00:00,ETH,0.0238194,0x4e58c1183b91df3708fb5861ff3531dc128e6e11,2026-09-07T00:15:59+00:00,0xcb55a4da3495c42553a6d7c2a98cde5ff2221b3b05a390addb5abc3c48d0e68d,0xcb55a4da3495c42553a6d7c2a98cde5ff2221b3b05a390addb5abc3c48d0e68d,UNKNOWN_STATUS_NOT_EXTRACTED,25921708,10,PASS
DA-V3-00294,0x9f33171ebcf4e92b74fa84a0cf01999de7c931bb,0x707d45bfe192f5ea3cbe3e98429d599c0178b6c6,VASPCUST-S-0082,VASPCUST-B-0293,VERIFIED,VERIFIED,ETH,5.0,0x707d45bfe192f5ea3cbe3e98429d599c0178b6c6,2026-01-01T00:00:00+00:00,2026-12-31T23:59:59+00:00,ETH,3.3e-06,0x707d45bfe192f5ea3cbe3e98429d599c0178b6c6,2026-09-07T00:16:59+00:00,0x672d697974c375f08fe2e0ad0696a82cc9e3b056f3ec0c06f7a3dee4e7956d2c,0x672d697974c375f08fe2e0ad0696a82cc9e3b056f3ec0c06f7a3dee4e7956d2c,UNKNOWN_STATUS_NOT_EXTRACTED,25921707,2,PASS
DA-V3-00295,0xc5002ff51f2292f484ac1504cd1dfa8571a913b3,0x68b3465833fb72a70ecdf485e0e4c7bd8665fc45,VASPCUST-S-0083,VASPCUST-B-0294,VERIFIED,VERIFIED,ETH,20.0,0x68b3465833fb72a70ecdf485e0e4c7bd8665fc45,2026-01-01T00:00:00+00:00,2026-12-31T23:59:59+00:00,ETH,8.068580326e-06,0x68b3465833fb72a70ecdf485e0e4c7bd8665fc45,2026-09-07T00:17:47+00:00,0x8390c891a65f238c6905fb4dd3f581be0d4d2b2166ebaaf062b02ffcd040ca88,0x8390c891a65f238c6905fb4dd3f581be0d4d2b2166ebaaf062b02ffcd040ca88,UNKNOWN_STATUS_NOT_EXTRACTED,25921707,45,PASS
DA-V3-00296,0xf5b431795406540e225fd9e544eb402c5b9e2032,0x6b175474e89094c44da98b954eedeac495271d0f,VASPCUST-S-0084,VASPCUST-B-0295,VERIFIED,VERIFIED,ETH,0.05,0x6b175474e89094c44da98b954eedeac495271d0f,2026-01-01T00:00:00+00:00,2026-12-31T23:59:59+00:00,ETH,0.0172296,0x6b175474e89094c44da98b954eedeac495271d0f,2026-09-07T00:18:47+00:00,0x952283867f7b9ab4c96917d42749ed4b33d845e6baa0962ebdbaa6868a2a4bbf,0x952283867f7b9ab4c96917d42749ed4b33d845e6baa0962ebdbaa6868a2a4bbf,UNKNOWN_STATUS_NOT_EXTRACTED,25921707,88,PASS
DA-V3-00297,0x6bdfdee5980a10b8bed6bcbe46152c09d7fd263e,0x9008d19f58aabd9ed0d60971565aa8510560ab41,VASPCUST-S-0085,VASPCUST-B-0296,PENDING,VERIFIED,ETH,0.25,0x9008d19f58aabd9ed0d60971565aa8510560ab41,2026-01-01T00:00:00+00:00,2026-12-31T23:59:59+00:00,ETH,0.001,0x9008d19f58aabd9ed0d60971565aa8510560ab41,2026-09-07T00:19:47+00:00,0x3cd70bf279a301e8281c5275f440ee2030ea1cb09fc42641bd5c0849964ce35e,0x3cd70bf279a301e8281c5275f440ee2030ea1cb09fc42641bd5c0849964ce35e,UNKNOWN_STATUS_NOT_EXTRACTED,25921707,131,REVIEW
DA-V3-00298,0x3e5a527fe67353acdce9081c59377407475ef5b1,0x93c30e6e09f698cfea99b09b5166ed90cfaedd17,VASPCUST-S-0086,VASPCUST-B-0297,VERIFIED,UNKNOWN,ETH,1.0,0x93c30e6e09f698cfea99b09b5166ed90cfaedd17,2026-01-01T00:00:00+00:00,2026-12-31T23:59:59+00:00,ETH,0.04,0x93c30e6e09f698cfea99b09b5166ed90cfaedd17,2026-09-07T00:20:47+00:00,0x30de9615a75093a0a09ef6ba34cc4b7e9a4e07047b605577eee879775bfa09d0,0x30de9615a75093a0a09ef6ba34cc4b7e9a4e07047b605577eee879775bfa09d0,UNKNOWN_STATUS_NOT_EXTRACTED,25921707,174,REVIEW
DA-V3-00299,0x0afe1087ee3b584e1192f1fe7349ad3325703e86,0xd01607c3c5ecaba394d8be377a08590149325722,VASPCUST-S-0087,VASPCUST-B-0298,VERIFIED,VERIFIED,ETH,5.0,0xd01607c3c5ecaba394d8be377a08590149325722,2026-01-01T00:00:00+00:00,2026-12-31T23:59:59+00:00,ETH,9.5e-17,0xd01607c3c5ecaba394d8be377a08590149325722,2026-09-07T00:21:47+00:00,0xddfbef669f93505d3f36c030fee8cd1b91b93d6b03c77802b78e673593106300,0xddfbef669f93505d3f36c030fee8cd1b91b93d6b03c77802b78e673593106300,UNKNOWN_STATUS_NOT_EXTRACTED,25921707,217,PASS
DA-V3-00300,0xa267fe0b75cc4248ed179db38ee3a7769d38579c,0xaed837d019bf0082a142483b8fb5e8efd2cb61f6,VASPCUST-S-0088,VASPCUST-B-0299,VERIFIED,VERIFIED,ETH,20.0,0xaed837d019bf0082a142483b8fb5e8efd2cb61f6,2026-01-01T00:00:00+00:00,2026-01-15T23:59:59+00:00,ETH,0.008478311782761034,0xaed837d019bf0082a142483b8fb5e8efd2cb61f6,2026-09-07T00:22:47+00:00,0xd176925ed123d5bcb6c5895c2f51dd55b4aa8c90e164b937cf8d46fe7953fb3c,0xd176925ed123d5bcb6c5895c2f51dd55b4aa8c90e164b937cf8d46fe7953fb3c,UNKNOWN_STATUS_NOT_EXTRACTED,25921707,260,PASS
DA-V3-00301,0x28c6c06298d514db089934071355e5743bf21d60,0xa0b86991c6218b36c1d19d4a2e9eb0ce3606eb48,VASPCUST-S-0089,VASPCUST-B-0300,VERIFIED,VERIFIED,ETH,0.05,0xa0b86991c6218b36c1d19d4a2e9eb0ce3606eb48,2026-01-01T00:00:00+00:00,2026-12-31T23:59:59+00:00,ETH,2.9235,0xa0b86991c6218b36c1d19d4a2e9eb0ce3606eb48,2026-09-07T00:23:47+00:00,0x1081df9fbaab5c844d4197bd9649e0863b83bac2405d31fb1b9bc048451b491b,0x1081df9fbaab5c844d4197bd9649e0863b83bac2405d31fb1b9bc048451b491b,UNKNOWN_STATUS_NOT_EXTRACTED,25921707,303,BLOCK
DA-V3-00302,0xec8e513f909f351665d2ba44c1296536ca286e81,0x6d70fbd682f59dff62135f2a5a7433adc7b7c641,VASPCUST-S-0090,VASPCUST-B-0301,VERIFIED,VERIFIED,ETH,0.25,0x6d70fbd682f59dff62135f2a5a7433adc7b7c641,2026-01-01T00:00:00+00:00,2026-12-31T23:59:59+00:00,ETH,0.00959811995986,0x6d70fbd682f59dff62135f2a5a7433adc7b7c641,2026-09-07T00:24:47+00:00,0x758b49aed652837d10180ea24d81e3f486da3c5ffcb9558f0633898b475ff94f,0x758b49aed652837d10180ea24d81e3f486da3c5ffcb9558f0633898b475ff94f,UNKNOWN_STATUS_NOT_EXTRACTED,25921707,346,PASS
DA-V3-00303,0x837f639862282920d7b9530de84df82075c348ae,0x68b3465833fb72a70ecdf485e0e4c7bd8665fc45,VASPCUST-S-0091,VASPCUST-B-0302,VERIFIED,VERIFIED,ETH,1.0,0x68b3465833fb72a70ecdf485e0e4c7bd8665fc45,2026-01-01T00:00:00+00:00,2026-12-31T23:59:59+00:00,ETH,0.033015,0x68b3465833fb72a70ecdf485e0e4c7bd8665fc45,2026-09-07T00:25:35+00:00,0xda6fd6472a82a68cdc5b9c032fd3a7021c1b0cdd862d6da7fa63b8f6bdc326ea,0xda6fd6472a82a68cdc5b9c032fd3a7021c1b0cdd862d6da7fa63b8f6bdc326ea,UNKNOWN_STATUS_NOT_EXTRACTED,25921707,389,PASS
DA-V3-00304,0x4337013ef5cd421cef649fc58c1b0defd37bbeb1,0xbd7cad5d634cabe8d70c5fbe05aa7368e987ac8e,VASPCUST-S-0092,VASPCUST-B-0303,VERIFIED,VERIFIED,ETH,5.0,0xbd7cad5d634cabe8d70c5fbe05aa7368e987ac8e,2026-01-01T00:00:00+00:00,2026-12-31T23:59:59+00:00,ETH,2.201128697606e-06,0xbd7cad5d634cabe8d70c5fbe05aa7368e987ac8e,2026-09-07T00:26:35+00:00,0x8df5d02cde077f202acf32ac7518fe902aa66749fd68677a2c968a3999458dce,0x8df5d02cde077f202acf32ac7518fe902aa66749fd68677a2c968a3999458dce,UNKNOWN_STATUS_NOT_EXTRACTED,25921707,432,PASS
DA-V3-00305,0xb61c697ccdfb13166fa527947057d9e429bd7597,0xa0b86991c6218b36c1d19d4a2e9eb0ce3606eb48,VASPCUST-S-0093,VASPCUST-B-0304,FAILED,VERIFIED,ETH,20.0,0xa0b86991c6218b36c1d19d4a2e9eb0ce3606eb48,2026-01-01T00:00:00+00:00,2026-12-31T23:59:59+00:00,ETH,0.056986324,0x000000000000000000000000000000000000dEaD,2026-09-07T00:27:35+00:00,0x6fbc7325902b054f3fba56ce91d1c981dc8b7ee28eff8d7ce7aa6cae8666e9a3,0x6fbc7325902b054f3fba56ce91d1c981dc8b7ee28eff8d7ce7aa6cae8666e9a3,UNKNOWN_STATUS_NOT_EXTRACTED,25921707,475,REVIEW
DA-V3-00306,0x7bef16275a88bd9c3004dbd0b85da65b08705c24,0xdac17f958d2ee523a2206206994597c13d831ec7,VASPCUST-S-0094,VASPCUST-B-0305,VERIFIED,VERIFIED,ETH,0.05,0xdac17f958d2ee523a2206206994597c13d831ec7,2026-01-01T00:00:00+00:00,2026-12-31T23:59:59+00:00,ETH,7.5e-05,0xdac17f958d2ee523a2206206994597c13d831ec7,2026-09-07T00:28:35+00:00,0x091405372374e2aab46f734b8f65f835ce4f5dbff0394ca94e82fb8bfee7f29d,0x091405372374e2aab46f734b8f65f835ce4f5dbff0394ca94e82fb8bfee7f29d,UNKNOWN_STATUS_NOT_EXTRACTED,25921707,518,PASS
DA-V3-00307,0x935d2e470284fb536227a76a723f96a94efae6a9,0x58fbc186a8360a33f532927d62e7ce02ba8ba232,VASPCUST-S-0095,VASPCUST-B-0306,VERIFIED,VERIFIED,ETH,0.25,0x58fbc186a8360a33f532927d62e7ce02ba8ba232,2026-01-01T00:00:00+00:00,2026-12-31T23:59:59+00:00,UNAPPROVED_TOKEN,0.026523374299907927,0x58fbc186a8360a33f532927d62e7ce02ba8ba232,2026-09-07T00:29:35+00:00,0x45113f738d12d89596847965c94fdadc2e72459150543dbf14b2b176fa03c726,0x45113f738d12d89596847965c94fdadc2e72459150543dbf14b2b176fa03c726,UNKNOWN_STATUS_NOT_EXTRACTED,25921706,40,BLOCK
DA-V3-00308,0x2a057df8b92385967028f6c11486b87fdce7b95b,0x2e950cafddc55a750eaa24307265dd77c74ff6d7,VASPCUST-S-0096,VASPCUST-B-0000,VERIFIED,VERIFIED,ETH,1.0,0x2e950cafddc55a750eaa24307265dd77c74ff6d7,2026-01-01T00:00:00+00:00,2026-12-31T23:59:59+00:00,ETH,1e-09,0x2e950cafddc55a750eaa24307265dd77c74ff6d7,2026-09-07T00:30:35+00:00,0x1a1be310184aea34f632f30447345fb85345a9d775560ae2b9aa3f99af6533b4,0x1a1be310184aea34f632f30447345fb85345a9d775560ae2b9aa3f99af6533b4,UNKNOWN_STATUS_NOT_EXTRACTED,25921705,6,PASS
DA-V3-00309,0x000000000033214a5ae994caa0458c213e82d2ae,0xdac17f958d2ee523a2206206994597c13d831ec7,VASPCUST-S-0097,VASPCUST-B-0001,VERIFIED,UNKNOWN,ETH,5.0,0xdac17f958d2ee523a2206206994597c13d831ec7,2026-01-01T00:00:00+00:00,2026-12-31T23:59:59+00:00,ETH,0.08109095255260136,0xdac17f958d2ee523a2206206994597c13d831ec7,2026-09-07T00:31:23+00:00,0xd448b9fa2ca50ae3808f1172e5ac51915ed5360be46dbe2d7313244cb3142fc7,0xd448b9fa2ca50ae3808f1172e5ac51915ed5360be46dbe2d7313244cb3142fc7,UNKNOWN_STATUS_NOT_EXTRACTED,25921705,49,REVIEW
DA-V3-00310,0x8bc694d724e5362c0dfae04f5a3147a1c718f52f,0x46f5e99f5cc4792769d5e7525a6b75016daed98c,VASPCUST-S-0098,VASPCUST-B-0002,VERIFIED,VERIFIED,ETH,20.0,0x46f5e99f5cc4792769d5e7525a6b75016daed98c,2026-01-01T00:00:00+00:00,2026-12-31T23:59:59+00:00,ETH,0.001,0x46f5e99f5cc4792769d5e7525a6b75016daed98c,2026-09-07T00:32:23+00:00,0xa26693e28c011e96a746cf8dca0e19dba415adaa5173aa4524d5c72151580745,0xa26693e28c011e96a746cf8dca0e19dba415adaa5173aa4524d5c72151580745,UNKNOWN_STATUS_NOT_EXTRACTED,25921705,92,PASS
DA-V3-00311,0xfca9ac60019f8732298052bbad522bd647070022,0x3eab0fb15aab96137b10f0de994296dad0420cd3,VASPCUST-S-0099,VASPCUST-B-0003,VERIFIED,VERIFIED,ETH,0.05,0x3eab0fb15aab96137b10f0de994296dad0420cd3,2026-01-01T00:00:00+00:00,2026-12-31T23:59:59+00:00,ETH,0.015842378058353375,0x3eab0fb15aab96137b10f0de994296dad0420cd3,2026-09-07T00:33:23+00:00,0xa8ef469e45d7de92bc7f93373e697ec2f6ae2d57fb76ed77cf57c200e48b98a6,0xa8ef469e45d7de92bc7f93373e697ec2f6ae2d57fb76ed77cf57c200e48b98a6,UNKNOWN_STATUS_NOT_EXTRACTED,25921704,42,PASS
DA-V3-00312,0xc68d3ba67e2755c9a2f46a0b51a1694ef53c0ea0,0x5c7bcd6e7de5423a257d81b442095a1a6ced35c5,VASPCUST-S-0100,VASPCUST-B-0004,VERIFIED,VERIFIED,ETH,0.25,0x5c7bcd6e7de5423a257d81b442095a1a6ced35c5,2026-01-01T00:00:00+00:00,2026-12-31T23:59:59+00:00,ETH,0.04,0x5c7bcd6e7de5423a257d81b442095a1a6ced35c5,2026-09-07T00:34:23+00:00,0xa4b59c87dbf0fc0ec7001c0a5e3f98be00819351876336b40580303e2a4f92de,0xa4b59c87dbf0fc0ec7001c0a5e3f98be00819351876336b40580303e2a4f92de,UNKNOWN_STATUS_NOT_EXTRACTED,25921704,85,PASS
DA-V3-00313,0x058b7477d540d7b89b2862952432fde651a93b48,0xbe30af07fffb6b550fa6369af7a096b043cc235b,VASPCUST-S-0101,VASPCUST-B-0005,PENDING,VERIFIED,ETH,1.0,0xbe30af07fffb6b550fa6369af7a096b043cc235b,2026-01-01T00:00:00+00:00,2026-12-31T23:59:59+00:00,ETH,0.0395903,0xbe30af07fffb6b550fa6369af7a096b043cc235b,2026-09-07T00:35:23+00:00,0x213846d8f296e2877e066f6f60088ced2a39a12531978b6f7ecd2d7a688afbd5,0x213846d8f296e2877e066f6f60088ced2a39a12531978b6f7ecd2d7a688afbd5,UNKNOWN_STATUS_NOT_EXTRACTED,25921704,128,REVIEW
DA-V3-00314,0xe57e42ee9265d0387a29e8d80c1fc59e401be175,0x4337084d9e255ff0702461cf8895ce9e3b5ff108,VASPCUST-S-0102,VASPCUST-B-0006,VERIFIED,VERIFIED,ETH,5.0,0x4337084d9e255ff0702461cf8895ce9e3b5ff108,2026-01-01T00:00:00+00:00,2026-12-31T23:59:59+00:00,ETH,0.799999303381511,0x4337084d9e255ff0702461cf8895ce9e3b5ff108,2026-09-07T00:36:23+00:00,0xf5285398c171f03bf719943beb3dbb4d4a45e29e8f8b853173b9421f7fd2cd49,0xf5285398c171f03bf719943beb3dbb4d4a45e29e8f8b853173b9421f7fd2cd49,UNKNOWN_STATUS_NOT_EXTRACTED,25921704,171,PASS
DA-V3-00315,0x754dcfb2861547015b221e963b4133a71dbdc024,0x1ab4973a48dc892cd9971ece8e01dcc7688f8f23,VASPCUST-S-0103,VASPCUST-B-0007,VERIFIED,VERIFIED,ETH,20.0,0x1ab4973a48dc892cd9971ece8e01dcc7688f8f23,2026-01-01T00:00:00+00:00,2026-12-31T23:59:59+00:00,ETH,0.001,0x1ab4973a48dc892cd9971ece8e01dcc7688f8f23,2026-09-07T00:37:23+00:00,0x41f8d8f2650f9b1e40af314535e7a8af34a106df13a07784a8b580063233bb40,0x41f8d8f2650f9b1e40af314535e7a8af34a106df13a07784a8b580063233bb40,UNKNOWN_STATUS_NOT_EXTRACTED,25921704,214,PASS
DA-V3-00316,0xdd57e4ffd844eec028464ba35212a49f96dc29a3,0x6982508145454ce325ddbe47a25d4ec3d2311933,VASPCUST-S-0104,VASPCUST-B-0008,VERIFIED,VERIFIED,ETH,0.05,0x6982508145454ce325ddbe47a25d4ec3d2311933,2026-01-01T00:00:00+00:00,2026-12-31T23:59:59+00:00,ETH,0.001,0x6982508145454ce325ddbe47a25d4ec3d2311933,2026-09-07T00:38:11+00:00,0x40dcefd8e835753744c980debded35e811f859ce5da3b602dfe51ac1c42e4557,0x40dcefd8e835753744c980debded35e811f859ce5da3b602dfe51ac1c42e4557,UNKNOWN_STATUS_NOT_EXTRACTED,25921704,257,PASS
DA-V3-00317,0xbb18be72501c75a5ad57ffde0e5e5ab77d957187,0xeb943c230218e0da7b2ca18b81f7eb7fbbbe9665,VASPCUST-S-0105,VASPCUST-B-0009,VERIFIED,VERIFIED,ETH,0.25,0xeb943c230218e0da7b2ca18b81f7eb7fbbbe9665,2026-01-01T00:00:00+00:00,2026-12-31T23:59:59+00:00,ETH,0.033126965,0xeb943c230218e0da7b2ca18b81f7eb7fbbbe9665,2026-09-07T00:39:11+00:00,0x16726f7818674e3a0e79a2de819b2dd99d786024f6892940f161392775a02cdc,0x16726f7818674e3a0e79a2de819b2dd99d786024f6892940f161392775a02cdc,UNKNOWN_STATUS_NOT_EXTRACTED,25921704,300,PASS
DA-V3-00318,0x126f60fd3388bd7eb1ba42fc4a8a35283472cc3b,0x39fbbabf11738317a448031930706cd3e612e1b9,VASPCUST-S-0106,VASPCUST-B-0010,VERIFIED,VERIFIED,ETH,1.0,0x39fbbabf11738317a448031930706cd3e612e1b9,2026-01-01T00:00:00+00:00,2026-12-31T23:59:59+00:00,ETH,0.0001469158831,0x39fbbabf11738317a448031930706cd3e612e1b9,2026-09-07T00:40:11+00:00,0xc75104055eb92157da25c64aad55c75d5984194a48b0b15e19d2064b0f198b00,0xc75104055eb92157da25c64aad55c75d5984194a48b0b15e19d2064b0f198b00,UNKNOWN_STATUS_NOT_EXTRACTED,25921704,343,PASS
DA-V3-00319,0xb1c3548381126f435f6204b52bbc050685f0450a,0x99f914effa425e303343f497f3ca8b180afde650,VASPCUST-S-0107,VASPCUST-B-0011,VERIFIED,VERIFIED,ETH,5.0,0x99f914effa425e303343f497f3ca8b180afde650,2026-01-01T00:00:00+00:00,2026-12-31T23:59:59+00:00,ETH,5.9731036092e-06,0x99f914effa425e303343f497f3ca8b180afde650,2026-09-07T00:41:11+00:00,0x140ae86dbf8809800ea43b21b09a6c7f43f5f764638869c923ff6ba2d5c0b508,0x140ae86dbf8809800ea43b21b09a6c7f43f5f764638869c923ff6ba2d5c0b508,UNKNOWN_STATUS_NOT_EXTRACTED,25921703,7,PASS
DA-V3-00320,0x979159f671779a9be573c8a1217ddbe9990e24f9,0xdac17f958d2ee523a2206206994597c13d831ec7,VASPCUST-S-0108,VASPCUST-B-0012,VERIFIED,UNKNOWN,ETH,20.0,0xdac17f958d2ee523a2206206994597c13d831ec7,2026-01-01T00:00:00+00:00,2026-12-31T23:59:59+00:00,ETH,0.00482972,0xdac17f958d2ee523a2206206994597c13d831ec7,2026-09-07T00:42:11+00:00,0x9925e145b440300145c91aa0cce7f44fea8d7774b16916ece7b30aa4937f1859,0x9925e145b440300145c91aa0cce7f44fea8d7774b16916ece7b30aa4937f1859,UNKNOWN_STATUS_NOT_EXTRACTED,25921703,50,REVIEW
DA-V3-00321,0xca7ded7e4f4ba8ab3b10009236ae6d1b95094589,0xdac17f958d2ee523a2206206994597c13d831ec7,VASPCUST-S-0109,VASPCUST-B-0013,FAILED,VERIFIED,ETH,0.05,0xdac17f958d2ee523a2206206994597c13d831ec7,2026-01-01T00:00:00+00:00,2026-12-31T23:59:59+00:00,ETH,0.07982378805386615,0xdac17f958d2ee523a2206206994597c13d831ec7,2026-09-07T00:43:11+00:00,0xc5a3529754b5b96a45e854ce1723a4ff6221dae722a76aacf0e91d35c2b7d978,0xc5a3529754b5b96a45e854ce1723a4ff6221dae722a76aacf0e91d35c2b7d978,UNKNOWN_STATUS_NOT_EXTRACTED,25921703,93,REVIEW
DA-V3-00322,0xebedc8e9ff409b23dd251f87ccbffa8075f87255,0x2e950cafddc55a750eaa24307265dd77c74ff6d7,VASPCUST-S-0110,VASPCUST-B-0014,VERIFIED,VERIFIED,ETH,0.25,0x2e950cafddc55a750eaa24307265dd77c74ff6d7,2026-01-01T00:00:00+00:00,2026-12-31T23:59:59+00:00,ETH,0.00789539,0x2e950cafddc55a750eaa24307265dd77c74ff6d7,2026-09-07T00:44:11+00:00,0x29b0c2eeaabf6e08a5884cdda3fd1aa02ff9454f9330dc2fc5f30857281e7547,0x29b0c2eeaabf6e08a5884cdda3fd1aa02ff9454f9330dc2fc5f30857281e7547,UNKNOWN_STATUS_NOT_EXTRACTED,25921703,136,PASS
DA-V3-00323,0x2aeae7d1ea75ce31ba7a91baed00d01fa8376e50,0x3acce66cd37518a6d77d9ea3039e00b3a2955460,VASPCUST-S-0111,VASPCUST-B-0015,VERIFIED,VERIFIED,ETH,1.0,0x3acce66cd37518a6d77d9ea3039e00b3a2955460,2026-01-01T00:00:00+00:00,2026-01-15T23:59:59+00:00,ETH,0.0218888,0x3acce66cd37518a6d77d9ea3039e00b3a2955460,2026-09-07T00:45:11+00:00,0x2577dc6441b6d2a30cd9702886803ada63d7371347f2825d9750b0e8019174f8,0x2577dc6441b6d2a30cd9702886803ada63d7371347f2825d9750b0e8019174f8,UNKNOWN_STATUS_NOT_EXTRACTED,25921702,8,PASS
DA-V3-00324,0xffee5e36d316ebe7a6f4af5decad04e0c51a80e5,0x278d858f05b94576c1e6f73285886876ff6ef8d2,VASPCUST-S-0112,VASPCUST-B-0016,VERIFIED,VERIFIED,ETH,5.0,0x278d858f05b94576c1e6f73285886876ff6ef8d2,2026-01-01T00:00:00+00:00,2026-12-31T23:59:59+00:00,UNAPPROVED_TOKEN,0.8797841253162798,0x000000000000000000000000000000000000dEaD,2026-09-07T00:46:11+00:00,0xac7b986e9b0af00c8268b9ea05c56d609133d1332868f0dae7294f3459a7709f,0xac7b986e9b0af00c8268b9ea05c56d609133d1332868f0dae7294f3459a7709f,UNKNOWN_STATUS_NOT_EXTRACTED,25921702,51,BLOCK
DA-V3-00325,0xe4cb1cc4a206766b891e612ddc0e044306cb45ab,0x3a09c40f8f7b93c8c7e09a5422e56dfe7c7d2794,VASPCUST-S-0113,VASPCUST-B-0017,VERIFIED,VERIFIED,ETH,20.0,0x3a09c40f8f7b93c8c7e09a5422e56dfe7c7d2794,2026-01-01T00:00:00+00:00,2026-12-31T23:59:59+00:00,ETH,8.32e-16,0x3a09c40f8f7b93c8c7e09a5422e56dfe7c7d2794,2026-09-07T00:47:11+00:00,0x5663f772f0d12587c8a0edaf98b0488b89577acc4a5114df6d4b48170f6af9bc,0x5663f772f0d12587c8a0edaf98b0488b89577acc4a5114df6d4b48170f6af9bc,UNKNOWN_STATUS_NOT_EXTRACTED,25921702,94,PASS
DA-V3-00326,0xe7f5c13d2d5fd158018eced17d776ec377d086e6,0xa0b86991c6218b36c1d19d4a2e9eb0ce3606eb48,VASPCUST-S-0114,VASPCUST-B-0018,VERIFIED,VERIFIED,ETH,0.05,0xa0b86991c6218b36c1d19d4a2e9eb0ce3606eb48,2026-01-01T00:00:00+00:00,2026-12-31T23:59:59+00:00,ETH,0.008321517811100323,0xa0b86991c6218b36c1d19d4a2e9eb0ce3606eb48,2026-09-07T00:48:11+00:00,0x85a5bf9a36a0567cd6bc95732ca047d1e4fe063b2b212ce9242312f28df01de7,0x85a5bf9a36a0567cd6bc95732ca047d1e4fe063b2b212ce9242312f28df01de7,UNKNOWN_STATUS_NOT_EXTRACTED,25921702,137,PASS
DA-V3-00327,0x0674bd6031a7138d96982302c84f0520d021c38e,0xb9afbddac010786cfd9b89115e1fb895e5bc164e,VASPCUST-S-0115,VASPCUST-B-0019,VERIFIED,VERIFIED,ETH,0.25,0xb9afbddac010786cfd9b89115e1fb895e5bc164e,2026-01-01T00:00:00+00:00,2026-12-31T23:59:59+00:00,ETH,0.000252163165151493,0xb9afbddac010786cfd9b89115e1fb895e5bc164e,2026-09-07T00:49:11+00:00,0x1b198a914863d03d6e55833d4b3bea422866083145209d9a40ac79ee6ac3da0e,0x1b198a914863d03d6e55833d4b3bea422866083145209d9a40ac79ee6ac3da0e,UNKNOWN_STATUS_NOT_EXTRACTED,25921701,39,PASS
DA-V3-00328,0x199977032f4a12cad0f5970c0728865ead99b739,0xce670919876009ab2e641cf9a1293f570db1831c,VASPCUST-S-0116,VASPCUST-B-0020,VERIFIED,VERIFIED,ETH,1.0,0xce670919876009ab2e641cf9a1293f570db1831c,2026-01-01T00:00:00+00:00,2026-12-31T23:59:59+00:00,ETH,0.79513208,0xce670919876009ab2e641cf9a1293f570db1831c,2026-09-07T00:50:11+00:00,0x8434b76e37d0dc46c2e6c5cb9d3991bcc7ccd011a741546a34bf069b2a7b62ed,0x8434b76e37d0dc46c2e6c5cb9d3991bcc7ccd011a741546a34bf069b2a7b62ed,UNKNOWN_STATUS_NOT_EXTRACTED,25921701,82,PASS
DA-V3-00329,0xa42f4ac0397e09637f832f4f8b5ccdab63b81411,0xfc98ee775c63dd77629b2d84aea75482b11084a4,VASPCUST-S-0117,VASPCUST-B-0021,PENDING,VERIFIED,ETH,5.0,0xfc98ee775c63dd77629b2d84aea75482b11084a4,2026-01-01T00:00:00+00:00,2026-12-31T23:59:59+00:00,ETH,4.295537590869e-06,0xfc98ee775c63dd77629b2d84aea75482b11084a4,2026-09-07T00:51:11+00:00,0x1fd8ea80d5810fa25fbe27dd8c1b66b7f21cc79d9c5d9ccec9c70ae837a2feb3,0x1fd8ea80d5810fa25fbe27dd8c1b66b7f21cc79d9c5d9ccec9c70ae837a2feb3,UNKNOWN_STATUS_NOT_EXTRACTED,25921701,125,REVIEW
DA-V3-00330,0x9c82009c736d1f9ce99995bf18fc818eed168656,0xc10fc8fa761285fa3fa25aafcc10a54456ee8919,VASPCUST-S-0118,VASPCUST-B-0022,VERIFIED,VERIFIED,ETH,20.0,0xc10fc8fa761285fa3fa25aafcc10a54456ee8919,2026-01-01T00:00:00+00:00,2026-12-31T23:59:59+00:00,ETH,0.0994896355574394,0xc10fc8fa761285fa3fa25aafcc10a54456ee8919,2026-09-07T00:52:11+00:00,0x88eaaee78afb2aeb16d60aa3b2160775a00899538c38998efb9d5e550457c15a,0x88eaaee78afb2aeb16d60aa3b2160775a00899538c38998efb9d5e550457c15a,UNKNOWN_STATUS_NOT_EXTRACTED,25921700,11,PASS
DA-V3-00331,0x559432e18b281731c054cd703d4b49872be4ed53,0x87aa4bafaf284f871d3a0ed86b5381946cc95664,VASPCUST-S-0119,VASPCUST-B-0023,VERIFIED,UNKNOWN,ETH,0.05,0x87aa4bafaf284f871d3a0ed86b5381946cc95664,2026-01-01T00:00:00+00:00,2026-12-31T23:59:59+00:00,ETH,7.74565407e-06,0x87aa4bafaf284f871d3a0ed86b5381946cc95664,2026-09-07T00:53:11+00:00,0x210a17955fa9d5e31adc9e0d28e6bf158128dcefbbeadfdb5d15c0eea4ef724d,0x210a17955fa9d5e31adc9e0d28e6bf158128dcefbbeadfdb5d15c0eea4ef724d,UNKNOWN_STATUS_NOT_EXTRACTED,25921700,54,REVIEW
DA-V3-00332,0x6d85f7a7d621d5b1ea1644d718fe73d86b02c87e,0x2e5269b9ea393eae90f15e87d06d10547e4df87e,VASPCUST-S-0120,VASPCUST-B-0024,VERIFIED,VERIFIED,ETH,0.25,0x2e5269b9ea393eae90f15e87d06d10547e4df87e,2026-01-01T00:00:00+00:00,2026-12-31T23:59:59+00:00,ETH,0.005,0x2e5269b9ea393eae90f15e87d06d10547e4df87e,2026-09-07T00:54:11+00:00,0x74fe284911a2dd6dfd21508156fd42e3ca8940e85117423a9a96b938a1f45f5f,0x74fe284911a2dd6dfd21508156fd42e3ca8940e85117423a9a96b938a1f45f5f,UNKNOWN_STATUS_NOT_EXTRACTED,25921700,97,PASS
DA-V3-00333,0x21a31ee1afc51d94c2efccaa2092ad1028285549,0x35499bafc21cfe6e4addfc74adabeb8522359d1d,VASPCUST-S-0121,VASPCUST-B-0025,VERIFIED,VERIFIED,ETH,1.0,0x35499bafc21cfe6e4addfc74adabeb8522359d1d,2026-01-01T00:00:00+00:00,2026-12-31T23:59:59+00:00,ETH,0.030791591024546528,0x35499bafc21cfe6e4addfc74adabeb8522359d1d,2026-09-07T00:55:11+00:00,0xdf5c7bfe0e4497b15df9a30b652309028430d62eeb113f918122088d6b3f5824,0xdf5c7bfe0e4497b15df9a30b652309028430d62eeb113f918122088d6b3f5824,UNKNOWN_STATUS_NOT_EXTRACTED,25921700,140,PASS
DA-V3-00334,0xa5a5491bca93dd4c076e4906e79e7673f4a5a142,0xd82461784eb72d4b67cbab077989eb215315e272,VASPCUST-S-0122,VASPCUST-B-0026,VERIFIED,VERIFIED,ETH,5.0,0xd82461784eb72d4b67cbab077989eb215315e272,2026-01-01T00:00:00+00:00,2026-12-31T23:59:59+00:00,ETH,0.07049681,0xd82461784eb72d4b67cbab077989eb215315e272,2026-09-07T00:56:11+00:00,0xe5f12d9caa8d683a23b0f92d9baa9af1b8325631e752caf06bfccea17f2e78d8,0xe5f12d9caa8d683a23b0f92d9baa9af1b8325631e752caf06bfccea17f2e78d8,UNKNOWN_STATUS_NOT_EXTRACTED,25921700,183,PASS
DA-V3-00335,0x0beb4f9a0abc5c26df02b22d04cda10ee8c93fae,0xdac17f958d2ee523a2206206994597c13d831ec7,VASPCUST-S-0123,VASPCUST-B-0027,VERIFIED,VERIFIED,ETH,20.0,0xdac17f958d2ee523a2206206994597c13d831ec7,2026-01-01T00:00:00+00:00,2026-12-31T23:59:59+00:00,ETH,0.06123392627419572,0xdac17f958d2ee523a2206206994597c13d831ec7,2026-09-07T00:57:11+00:00,0xffb13d61eb82b3b7cb0813c1e7ef533443207ff5c38856f3b49a1ef21dcec6b6,0xffb13d61eb82b3b7cb0813c1e7ef533443207ff5c38856f3b49a1ef21dcec6b6,UNKNOWN_STATUS_NOT_EXTRACTED,25921699,34,PASS
DA-V3-00336,0xe9f97ffa6cc1af87ea21f95ed330562ab63aaed0,0xa0b86991c6218b36c1d19d4a2e9eb0ce3606eb48,VASPCUST-S-0124,VASPCUST-B-0028,VERIFIED,VERIFIED,ETH,0.05,0xa0b86991c6218b36c1d19d4a2e9eb0ce3606eb48,2026-01-01T00:00:00+00:00,2026-12-31T23:59:59+00:00,ETH,0.039877115,0xa0b86991c6218b36c1d19d4a2e9eb0ce3606eb48,2026-09-07T00:57:59+00:00,0x8af2403dc6d5d4043828e81110162efbc54fa8a89e6745a54b0f36a47da7d3ce,0x8af2403dc6d5d4043828e81110162efbc54fa8a89e6745a54b0f36a47da7d3ce,UNKNOWN_STATUS_NOT_EXTRACTED,25921699,77,PASS
DA-V3-00337,0x707d45bfe192f5ea3cbe3e98429d599c0178b6c6,0xda7ee0560e324629515abfc08bac3181397919b7,VASPCUST-S-0125,VASPCUST-B-0029,FAILED,VERIFIED,ETH,0.25,0xda7ee0560e324629515abfc08bac3181397919b7,2026-01-01T00:00:00+00:00,2026-12-31T23:59:59+00:00,ETH,0.051748,0xda7ee0560e324629515abfc08bac3181397919b7,2026-09-07T00:58:59+00:00,0x357f1b49aa76a4f8c3b32d99a4ae2aea75c2bd39e78820f15d09ffdf9fdebec6,0x357f1b49aa76a4f8c3b32d99a4ae2aea75c2bd39e78820f15d09ffdf9fdebec6,UNKNOWN_STATUS_NOT_EXTRACTED,25921699,120,REVIEW
DA-V3-00338,0x09cfee647fa339133380191c8db6b44f24500c9d,0x61981af77614f3d36053f5e6a190aafeff801e58,VASPCUST-S-0126,VASPCUST-B-0030,VERIFIED,VERIFIED,ETH,1.0,0x61981af77614f3d36053f5e6a190aafeff801e58,2026-01-01T00:00:00+00:00,2026-12-31T23:59:59+00:00,ETH,0.19909372536215147,0x61981af77614f3d36053f5e6a190aafeff801e58,2026-09-07T00:59:59+00:00,0x71f4ffd335a2fa4dfceb128f97877e0bc64527a5d0a7f9c17353a47ccd8b28c8,0x71f4ffd335a2fa4dfceb128f97877e0bc64527a5d0a7f9c17353a47ccd8b28c8,UNKNOWN_STATUS_NOT_EXTRACTED,25921699,163,PASS
DA-V3-00339,0x331d9a049d496385998067abf6cbb6371c8d2466,0x9be7e5ee771838b6350c1266124df4289fd423b8,VASPCUST-S-0127,VASPCUST-B-0031,VERIFIED,VERIFIED,ETH,5.0,0x9be7e5ee771838b6350c1266124df4289fd423b8,2026-01-01T00:00:00+00:00,2026-12-31T23:59:59+00:00,ETH,0.000143730171747064,0x9be7e5ee771838b6350c1266124df4289fd423b8,2026-09-07T01:00:59+00:00,0xfbe3c3fb80d3ab3ac3623285998f6bd0013e5ade24f4de235111bb48eef9293c,0xfbe3c3fb80d3ab3ac3623285998f6bd0013e5ade24f4de235111bb48eef9293c,UNKNOWN_STATUS_NOT_EXTRACTED,25921699,206,PASS
DA-V3-00340,0x56eddb7aa87536c09ccc2793473599fd21a8b17f,0x278d858f05b94576c1e6f73285886876ff6ef8d2,VASPCUST-S-0128,VASPCUST-B-0032,VERIFIED,VERIFIED,ETH,20.0,0x278d858f05b94576c1e6f73285886876ff6ef8d2,2026-01-01T00:00:00+00:00,2026-12-31T23:59:59+00:00,ETH,1e-07,0x278d858f05b94576c1e6f73285886876ff6ef8d2,2026-09-07T01:01:59+00:00,0xa01ce738e2734d13d339aa5bc11529e858363e82843846107d6c4b6408a88fd2,0xa01ce738e2734d13d339aa5bc11529e858363e82843846107d6c4b6408a88fd2,UNKNOWN_STATUS_NOT_EXTRACTED,25921699,249,PASS
DA-V3-00341,0xcb1a073a407929401d0a5598dadfeaeb5e5807fc,0xa0b86991c6218b36c1d19d4a2e9eb0ce3606eb48,VASPCUST-S-0129,VASPCUST-B-0033,VERIFIED,VERIFIED,ETH,0.05,0xa0b86991c6218b36c1d19d4a2e9eb0ce3606eb48,2026-01-01T00:00:00+00:00,2026-12-31T23:59:59+00:00,UNAPPROVED_TOKEN,0.059694364851957976,0xa0b86991c6218b36c1d19d4a2e9eb0ce3606eb48,2026-09-07T01:02:47+00:00,0x6da4413421c9574106db76d78ac75ba4fabab4eb45fe98c8dc28dc9579bf54ee,0x6da4413421c9574106db76d78ac75ba4fabab4eb45fe98c8dc28dc9579bf54ee,UNKNOWN_STATUS_NOT_EXTRACTED,25921698,40,BLOCK
DA-V3-00342,0xa0dac8cb734d05760fb66f0ea314ed10a109e654,0x5463a9ba3bdc795aac086ebde037d2bbe10c8e07,VASPCUST-S-0130,VASPCUST-B-0034,VERIFIED,UNKNOWN,ETH,0.25,0x5463a9ba3bdc795aac086ebde037d2bbe10c8e07,2026-01-01T00:00:00+00:00,2026-12-31T23:59:59+00:00,ETH,0.05172717562453,0x5463a9ba3bdc795aac086ebde037d2bbe10c8e07,2026-09-07T01:03:47+00:00,0xf0a7711f6c8cc3087691befa672ac696dd10cfc6be4df928a3073169e48f60e5,0xf0a7711f6c8cc3087691befa672ac696dd10cfc6be4df928a3073169e48f60e5,UNKNOWN_STATUS_NOT_EXTRACTED,25921698,83,REVIEW
DA-V3-00343,0x2ac07f3ad8e3904653014c5dbf3926d7c83bf6b8,0x0361897d757d13a4afad64a2e1bc561b96a8c7cf,VASPCUST-S-0131,VASPCUST-B-0035,VERIFIED,VERIFIED,ETH,1.0,0x0361897d757d13a4afad64a2e1bc561b96a8c7cf,2026-01-01T00:00:00+00:00,2026-12-31T23:59:59+00:00,ETH,0.02,0x000000000000000000000000000000000000dEaD,2026-09-07T01:04:47+00:00,0x3b8e3a59fb732660d4ac58177e1be3cff4bbcd15b8670b8872986717244926f0,0x3b8e3a59fb732660d4ac58177e1be3cff4bbcd15b8670b8872986717244926f0,UNKNOWN_STATUS_NOT_EXTRACTED,25921698,126,BLOCK
DA-V3-00344,0x5e9eb42772639e3ff0677ab06f28f305f8419be7,0xfeeeeee44046c3f61a8cc081e0918ef0de0a7ffc,VASPCUST-S-0132,VASPCUST-B-0036,VERIFIED,VERIFIED,ETH,5.0,0xfeeeeee44046c3f61a8cc081e0918ef0de0a7ffc,2026-01-01T00:00:00+00:00,2026-12-31T23:59:59+00:00,ETH,0.01,0xfeeeeee44046c3f61a8cc081e0918ef0de0a7ffc,2026-09-07T01:05:47+00:00,0x2b7cd856a039f742ac9d533918b2e535e5ad88e80ec26eafca563ac50f276e76,0x2b7cd856a039f742ac9d533918b2e535e5ad88e80ec26eafca563ac50f276e76,UNKNOWN_STATUS_NOT_EXTRACTED,25921697,14,PASS
DA-V3-00345,0xbc141402ac962b5d87d33e168ff40535387ce94d,0xdd5f8b6f5fe724bb6a571237df525563c77456d2,VASPCUST-S-0133,VASPCUST-B-0037,PENDING,VERIFIED,ETH,20.0,0xdd5f8b6f5fe724bb6a571237df525563c77456d2,2026-01-01T00:00:00+00:00,2026-12-31T23:59:59+00:00,ETH,1e-09,0xdd5f8b6f5fe724bb6a571237df525563c77456d2,2026-09-07T01:06:47+00:00,0xbb0610d56900f9093af037c542480fa582d44efd8b2c9f3b87e158b052bc5aec,0xbb0610d56900f9093af037c542480fa582d44efd8b2c9f3b87e158b052bc5aec,UNKNOWN_STATUS_NOT_EXTRACTED,25921697,57,REVIEW
DA-V3-00346,0x3496068d6202e57091985ab26427cb880a6a9237,0x4313c378cc91ea583c91387b9216e2c03096b27f,VASPCUST-S-0134,VASPCUST-B-0038,VERIFIED,VERIFIED,ETH,0.05,0x4313c378cc91ea583c91387b9216e2c03096b27f,2026-01-01T00:00:00+00:00,2026-01-15T23:59:59+00:00,ETH,1.3e-05,0x4313c378cc91ea583c91387b9216e2c03096b27f,2026-09-07T01:07:47+00:00,0xf5c0c7620cdc8566f00aa894ee72f8ec0e6d7ab8dc722aff10fd5a9ee70d883f,0xf5c0c7620cdc8566f00aa894ee72f8ec0e6d7ab8dc722aff10fd5a9ee70d883f,UNKNOWN_STATUS_NOT_EXTRACTED,25921697,100,PASS
DA-V3-00347,0xd267b3c8c9c2d590e10dcafd100a810526ef14f1,0xbadb1a7dfc92cc216f8dd4b70aa85171f607d221,VASPCUST-S-0135,VASPCUST-B-0039,VERIFIED,VERIFIED,ETH,0.25,0xbadb1a7dfc92cc216f8dd4b70aa85171f607d221,2026-01-01T00:00:00+00:00,2026-12-31T23:59:59+00:00,ETH,0.010978399999,0xbadb1a7dfc92cc216f8dd4b70aa85171f607d221,2026-09-07T01:08:47+00:00,0x5594e4b8e1e1d146c35eeab6f9ebd1b861ed294a12718a48f9abb2ff2ad1cf23,0x5594e4b8e1e1d146c35eeab6f9ebd1b861ed294a12718a48f9abb2ff2ad1cf23,UNKNOWN_STATUS_NOT_EXTRACTED,25921697,143,PASS
DA-V3-00348,0x7fe5b1b628fb71a3577bbfc2c4ad26be3be231d3,0x0000000000000068f116a894984e2db1123eb395,VASPCUST-S-0136,VASPCUST-B-0040,VERIFIED,VERIFIED,ETH,1.0,0x0000000000000068f116a894984e2db1123eb395,2026-01-01T00:00:00+00:00,2026-12-31T23:59:59+00:00,ETH,3.9e-17,0x0000000000000068f116a894984e2db1123eb395,2026-09-07T01:09:47+00:00,0xaee2bc297656699d01293296bba7bfe53165ece3b680198d5a09efb6cc848f6e,0xaee2bc297656699d01293296bba7bfe53165ece3b680198d5a09efb6cc848f6e,UNKNOWN_STATUS_NOT_EXTRACTED,25921696,20,PASS
DA-V3-00349,0x739212d5bafe6aac8be49a60b7d003bd41dbf38b,0x51c72848c68a965f66fa7a88855f9f7784502a7f,VASPCUST-S-0137,VASPCUST-B-0041,VERIFIED,VERIFIED,ETH,5.0,0x51c72848c68a965f66fa7a88855f9f7784502a7f,2026-01-01T00:00:00+00:00,2026-12-31T23:59:59+00:00,ETH,0.068,0x51c72848c68a965f66fa7a88855f9f7784502a7f,2026-09-07T01:10:47+00:00,0x9b01d8a73c5dfba7512e9c1ab0d3dfd699a91ad77ebcf02c56c81625b21c63db,0x9b01d8a73c5dfba7512e9c1ab0d3dfd699a91ad77ebcf02c56c81625b21c63db,UNKNOWN_STATUS_NOT_EXTRACTED,25921696,63,PASS
DA-V3-00350,0xec7199e57e69f2f9cf7dbe60e829a4f9a4410ac9,0xdac17f958d2ee523a2206206994597c13d831ec7,VASPCUST-S-0138,VASPCUST-B-0042,VERIFIED,VERIFIED,ETH,20.0,0xdac17f958d2ee523a2206206994597c13d831ec7,2026-01-01T00:00:00+00:00,2026-12-31T23:59:59+00:00,ETH,0.001488408125,0xdac17f958d2ee523a2206206994597c13d831ec7,2026-09-07T01:11:47+00:00,0x94aa4ee08400567a93d1d01f137e54ffc2f83d81857bb0be8af55ce24556e578,0x94aa4ee08400567a93d1d01f137e54ffc2f83d81857bb0be8af55ce24556e578,UNKNOWN_STATUS_NOT_EXTRACTED,25921696,106,PASS
DA-V3-00351,0x73f5b330e52f895893cc4f0bf3cf763f7ab5ef5f,0x7d31942d19ebc1afa1a5bf12e9699b3e736a57f6,VASPCUST-S-0139,VASPCUST-B-0043,VERIFIED,VERIFIED,ETH,0.05,0x7d31942d19ebc1afa1a5bf12e9699b3e736a57f6,2026-01-01T00:00:00+00:00,2026-12-31T23:59:59+00:00,ETH,0.0006,0x7d31942d19ebc1afa1a5bf12e9699b3e736a57f6,2026-09-07T01:12:47+00:00,0xa1b9584227fda6d5701fb031ffb410df8a5040ff6203c95774c579bfbb393b30,0xa1b9584227fda6d5701fb031ffb410df8a5040ff6203c95774c579bfbb393b30,UNKNOWN_STATUS_NOT_EXTRACTED,25921696,149,PASS
DA-V3-00352,0x16046af1bdb9e3ef5a677b55ef867074eae40b8f,0xcb323294d1cfb4547126b0e299af2e1fab7f1943,VASPCUST-S-0140,VASPCUST-B-0044,VERIFIED,VERIFIED,ETH,0.25,0xcb323294d1cfb4547126b0e299af2e1fab7f1943,2026-01-01T00:00:00+00:00,2026-12-31T23:59:59+00:00,ETH,0.00999405254884,0xcb323294d1cfb4547126b0e299af2e1fab7f1943,2026-09-07T01:13:35+00:00,0xe281f793f06c78a9066046c8267c6d245e182fc316ef5f3c0daca5acd427d3f9,0xe281f793f06c78a9066046c8267c6d245e182fc316ef5f3c0daca5acd427d3f9,UNKNOWN_STATUS_NOT_EXTRACTED,25921696,192,PASS
DA-V3-00353,0x785bc2484a15dc9a8b644024fc142e8bca1289ae,0x4337084d9e255ff0702461cf8895ce9e3b5ff108,VASPCUST-S-0141,VASPCUST-B-0045,FAILED,UNKNOWN,ETH,1.0,0x4337084d9e255ff0702461cf8895ce9e3b5ff108,2026-01-01T00:00:00+00:00,2026-12-31T23:59:59+00:00,ETH,0.04,0x4337084d9e255ff0702461cf8895ce9e3b5ff108,2026-09-07T01:14:35+00:00,0xe432ce6f4ab2bf2d2c787c38148902f697d155b89d75e05dcedb605e1a7072ed,0xe432ce6f4ab2bf2d2c787c38148902f697d155b89d75e05dcedb605e1a7072ed,UNKNOWN_STATUS_NOT_EXTRACTED,25921695,13,REVIEW
DA-V3-00354,0x59aab1bd0d26290274398c07b55955c15425e16b,0xbd0d173eeb87d57a09521c24388a12789f33ba96,VASPCUST-S-0142,VASPCUST-B-0046,VERIFIED,VERIFIED,ETH,5.0,0xbd0d173eeb87d57a09521c24388a12789f33ba96,2026-01-01T00:00:00+00:00,2026-12-31T23:59:59+00:00,ETH,3.33e-06,0xbd0d173eeb87d57a09521c24388a12789f33ba96,2026-09-07T01:15:35+00:00,0xa8b3dc8d528173a252fd589b236fc9faf002c516adb0aac93d4294fc1bc427cc,0xa8b3dc8d528173a252fd589b236fc9faf002c516adb0aac93d4294fc1bc427cc,UNKNOWN_STATUS_NOT_EXTRACTED,25921695,56,PASS
DA-V3-00355,0x9696f59e4d72e237be84ffd425dcad154bf96976,0x0361897d757d13a4afad64a2e1bc561b96a8c7cf,VASPCUST-S-0143,VASPCUST-B-0047,VERIFIED,VERIFIED,ETH,20.0,0x0361897d757d13a4afad64a2e1bc561b96a8c7cf,2026-01-01T00:00:00+00:00,2026-12-31T23:59:59+00:00,ETH,0.00411896,0x0361897d757d13a4afad64a2e1bc561b96a8c7cf,2026-09-07T01:16:35+00:00,0x843882240fb0884e23183ee5c5a9236a60bd08b0b9f461290607ed4c629fd541,0x843882240fb0884e23183ee5c5a9236a60bd08b0b9f461290607ed4c629fd541,UNKNOWN_STATUS_NOT_EXTRACTED,25921695,99,PASS
DA-V3-00356,0x1584a8ee67789d1fe161065388657ad2f2a3c7dd,0x6a000f20005980200259b80c5102003040001068,VASPCUST-S-0144,VASPCUST-B-0048,VERIFIED,VERIFIED,ETH,0.05,0x6a000f20005980200259b80c5102003040001068,2026-01-01T00:00:00+00:00,2026-12-31T23:59:59+00:00,ETH,9.57042702e-05,0x6a000f20005980200259b80c5102003040001068,2026-09-07T01:17:35+00:00,0x564a87c321585f2368eccb81135fb135b770a1d0b7f901fcf2ca0ff7b4b90963,0x564a87c321585f2368eccb81135fb135b770a1d0b7f901fcf2ca0ff7b4b90963,UNKNOWN_STATUS_NOT_EXTRACTED,25921695,142,PASS
DA-V3-00357,0xfbc8c2647c8fb0b27566fdcb06eb84976a8cd810,0x9a9ee78e348634f1e011f7a9f364fc44380dd70b,VASPCUST-S-0145,VASPCUST-B-0049,VERIFIED,VERIFIED,ETH,0.25,0x9a9ee78e348634f1e011f7a9f364fc44380dd70b,2026-01-01T00:00:00+00:00,2026-12-31T23:59:59+00:00,ETH,0.6578,0x9a9ee78e348634f1e011f7a9f364fc44380dd70b,2026-09-07T01:18:35+00:00,0x5065085a99e79fc05f8ab2ba7b223793a033717e7496faeb9a0157fdb77b0a4d,0x5065085a99e79fc05f8ab2ba7b223793a033717e7496faeb9a0157fdb77b0a4d,UNKNOWN_STATUS_NOT_EXTRACTED,25921695,185,BLOCK
DA-V3-00358,0xaeec7b44350f3b7fa79c9764d627ba0e4690e877,0x2cff890f0378a11913b6129b2e97417a2c302680,VASPCUST-S-0146,VASPCUST-B-0050,VERIFIED,VERIFIED,ETH,1.0,0x2cff890f0378a11913b6129b2e97417a2c302680,2026-01-01T00:00:00+00:00,2026-12-31T23:59:59+00:00,UNAPPROVED_TOKEN,0.1454117787610003,0x2cff890f0378a11913b6129b2e97417a2c302680,2026-09-07T01:19:35+00:00,0x18a26b1af16aa18cfcdbc9bcb500f954f23ae263ba6f98760b4eb6f4bd5060e2,0x18a26b1af16aa18cfcdbc9bcb500f954f23ae263ba6f98760b4eb6f4bd5060e2,UNKNOWN_STATUS_NOT_EXTRACTED,25921694,3,BLOCK
DA-V3-00359,0xb7762cf214aac6ea178bc597c1ad9a8e7091027d,0x487fafcadf0f380f176223c256380445a5322cd9,VASPCUST-S-0147,VASPCUST-B-0051,VERIFIED,VERIFIED,ETH,5.0,0x487fafcadf0f380f176223c256380445a5322cd9,2026-01-01T00:00:00+00:00,2026-12-31T23:59:59+00:00,ETH,0.009947055307895686,0x487fafcadf0f380f176223c256380445a5322cd9,2026-09-07T01:20:35+00:00,0x05ee0863ba2cbb5e92c5d221d1b32ce8860e4a7676f6730f1dc5509b6b973c08,0x05ee0863ba2cbb5e92c5d221d1b32ce8860e4a7676f6730f1dc5509b6b973c08,UNKNOWN_STATUS_NOT_EXTRACTED,25921694,46,PASS
DA-V3-00360,0xfc42be9494f1af6b03adad71811c62ada2d6f3c3,0xcdea0385014f27eed61780d9362aacb771d6eb2b,VASPCUST-S-0148,VASPCUST-B-0052,VERIFIED,VERIFIED,ETH,20.0,0xcdea0385014f27eed61780d9362aacb771d6eb2b,2026-01-01T00:00:00+00:00,2026-12-31T23:59:59+00:00,ETH,0.009996455280296778,0xcdea0385014f27eed61780d9362aacb771d6eb2b,2026-09-07T01:21:35+00:00,0x6ca3f714c424a8c6509702efbb3823c6df51936537339d8169fab64e21be5a34,0x6ca3f714c424a8c6509702efbb3823c6df51936537339d8169fab64e21be5a34,UNKNOWN_STATUS_NOT_EXTRACTED,25921694,89,PASS
DA-V3-00361,0x832abd0a752ad5501100aa59a972bf9d7f61a37b,0x626e8036deb333b408be468f951bdb42433cbf18,VASPCUST-S-0149,VASPCUST-B-0053,PENDING,VERIFIED,ETH,0.05,0x626e8036deb333b408be468f951bdb42433cbf18,2026-01-01T00:00:00+00:00,2026-12-31T23:59:59+00:00,ETH,1e-05,0x626e8036deb333b408be468f951bdb42433cbf18,2026-09-06T23:52:35+00:00,0x874595e22b36c7f6b5b2f21d55dc32c222adebd45e59f17867e55b65b4b0ae7a,0x874595e22b36c7f6b5b2f21d55dc32c222adebd45e59f17867e55b65b4b0ae7a,UNKNOWN_STATUS_NOT_EXTRACTED,25921694,132,REVIEW
DA-V3-00362,0x453dc79113f7c1d7c40ccc789a800d182f0146ee,0x9e285e2f286ee959e55ab492717afddfcd99b3dd,VASPCUST-S-0150,VASPCUST-B-0054,VERIFIED,VERIFIED,ETH,0.25,0x9e285e2f286ee959e55ab492717afddfcd99b3dd,2026-01-01T00:00:00+00:00,2026-12-31T23:59:59+00:00,ETH,0.4498,0x000000000000000000000000000000000000dEaD,2026-09-06T23:53:35+00:00,0x31f64237855277ae7ed7d16d429ad9a81fd4134ed1f1ff97f327212ead4df571,0x31f64237855277ae7ed7d16d429ad9a81fd4134ed1f1ff97f327212ead4df571,UNKNOWN_STATUS_NOT_EXTRACTED,25921694,175,BLOCK
DA-V3-00363,0xd5a287959e575212df14e37ba902c5b21e9fb4c8,0xeb943c230218e0da7b2ca18b81f7eb7fbbbe9665,VASPCUST-S-0151,VASPCUST-B-0055,VERIFIED,VERIFIED,ETH,1.0,0xeb943c230218e0da7b2ca18b81f7eb7fbbbe9665,2026-01-01T00:00:00+00:00,2026-12-31T23:59:59+00:00,ETH,0.114207683030475,0xeb943c230218e0da7b2ca18b81f7eb7fbbbe9665,2026-09-06T23:54:35+00:00,0xe0eee751b86ebbc9edaff5a6ee95df0a256ea987b683735e0e2ed9b8f3302bfe,0xe0eee751b86ebbc9edaff5a6ee95df0a256ea987b683735e0e2ed9b8f3302bfe,UNKNOWN_STATUS_NOT_EXTRACTED,25921694,218,PASS
DA-V3-00364,0x4e5b2e1dc63f6b91cb6cd759936495434c7e972f,0xfa84720dc394a14434a86cf0d12973a7fa6e8eea,VASPCUST-S-0152,VASPCUST-B-0056,VERIFIED,UNKNOWN,ETH,5.0,0xfa84720dc394a14434a86cf0d12973a7fa6e8eea,2026-01-01T00:00:00+00:00,2026-12-31T23:59:59+00:00,ETH,0.008134607103688,0xfa84720dc394a14434a86cf0d12973a7fa6e8eea,2026-09-06T23:55:23+00:00,0x7e1eaf6823c83698cf167a893a10033cd3be6abf5453d5def486b637aca4d733,0x7e1eaf6823c83698cf167a893a10033cd3be6abf5453d5def486b637aca4d733,UNKNOWN_STATUS_NOT_EXTRACTED,25921694,261,REVIEW
DA-V3-00365,0x185082be2b7ed0f6b7a52571902005e8a3e9b0e6,0xa960d3596ac187b490f718dfcf7a611ee35c23b1,VASPCUST-S-0153,VASPCUST-B-0057,VERIFIED,VERIFIED,ETH,20.0,0xa960d3596ac187b490f718dfcf7a611ee35c23b1,2026-01-01T00:00:00+00:00,2026-12-31T23:59:59+00:00,ETH,0.000877798466888312,0xa960d3596ac187b490f718dfcf7a611ee35c23b1,2026-09-06T23:56:23+00:00,0x891af2a976dfe0e41ee1fedceb9cab397cc7507cf085eaeed90a5af11826ed2f,0x891af2a976dfe0e41ee1fedceb9cab397cc7507cf085eaeed90a5af11826ed2f,UNKNOWN_STATUS_NOT_EXTRACTED,25921694,304,PASS
DA-V3-00366,0xdfd5293d8e347dfe59e90efd55b2956a1343963d,0xdac17f958d2ee523a2206206994597c13d831ec7,VASPCUST-S-0154,VASPCUST-B-0058,VERIFIED,VERIFIED,ETH,0.05,0xdac17f958d2ee523a2206206994597c13d831ec7,2026-01-01T00:00:00+00:00,2026-12-31T23:59:59+00:00,ETH,0.03621968,0xdac17f958d2ee523a2206206994597c13d831ec7,2026-09-06T23:57:23+00:00,0x1efd3b7340df0cfc7aac78d4ff056db656077632665e562b3878ccb54fdd0a8e,0x1efd3b7340df0cfc7aac78d4ff056db656077632665e562b3878ccb54fdd0a8e,UNKNOWN_STATUS_NOT_EXTRACTED,25921694,347,PASS
DA-V3-00367,0x721bc1633350f86fd88b9e2cde1688a20929bddd,0xfeeeeee44046c3f61a8cc081e0918ef0de0a7ffc,VASPCUST-S-0155,VASPCUST-B-0059,VERIFIED,VERIFIED,ETH,0.25,0xfeeeeee44046c3f61a8cc081e0918ef0de0a7ffc,2026-01-01T00:00:00+00:00,2026-12-31T23:59:59+00:00,ETH,0.019902120325701,0xfeeeeee44046c3f61a8cc081e0918ef0de0a7ffc,2026-09-06T23:58:23+00:00,0x568830e163f44b34bc6cc5dbc64c5c92afdca366e49f9118334f188320d430dc,0x568830e163f44b34bc6cc5dbc64c5c92afdca366e49f9118334f188320d430dc,UNKNOWN_STATUS_NOT_EXTRACTED,25921694,390,PASS
DA-V3-00368,0x61b487ea6fa8d80b9fec6e19c41b7a1b193d4b83,0x4d9605e69ae3f09b1efc00c87a48c79114c1dd88,VASPCUST-S-0156,VASPCUST-B-0060,VERIFIED,VERIFIED,ETH,1.0,0x4d9605e69ae3f09b1efc00c87a48c79114c1dd88,2026-01-01T00:00:00+00:00,2026-12-31T23:59:59+00:00,ETH,0.0438496754836201,0x4d9605e69ae3f09b1efc00c87a48c79114c1dd88,2026-09-06T23:59:23+00:00,0x3d03c1c7ad490ad45f697d7c5ea274112c4dfd1e443b0291ed66016e8107de20,0x3d03c1c7ad490ad45f697d7c5ea274112c4dfd1e443b0291ed66016e8107de20,UNKNOWN_STATUS_NOT_EXTRACTED,25921694,433,PASS
DA-V3-00369,0x1954a989f9ab0a0dbfc00a5657251ddc7be1cd5b,0xdac17f958d2ee523a2206206994597c13d831ec7,VASPCUST-S-0157,VASPCUST-B-0061,FAILED,VERIFIED,ETH,5.0,0xdac17f958d2ee523a2206206994597c13d831ec7,2026-01-01T00:00:00+00:00,2026-01-15T23:59:59+00:00,ETH,7.431551910990433,0xdac17f958d2ee523a2206206994597c13d831ec7,2026-09-07T00:00:11+00:00,0x258e2ab0e81b846150d3ccb5a49d0b88fe46e5c8d8d7fc64d4bd1fc3152c88b8,0x258e2ab0e81b846150d3ccb5a49d0b88fe46e5c8d8d7fc64d4bd1fc3152c88b8,UNKNOWN_STATUS_NOT_EXTRACTED,25921694,476,REVIEW
DA-V3-00370,0x1af9cb1fd2cd17f3e017aecc6fef2240e553c0f0,0xa7eff68fda5ca1bd59979a6a69b2ec8c13e67c48,VASPCUST-S-0158,VASPCUST-B-0062,VERIFIED,VERIFIED,ETH,20.0,0xa7eff68fda5ca1bd59979a6a69b2ec8c13e67c48,2026-01-01T00:00:00+00:00,2026-12-31T23:59:59+00:00,ETH,0.35846999271588975,0xa7eff68fda5ca1bd59979a6a69b2ec8c13e67c48,2026-09-07T00:01:11+00:00,0x0b9d46c3bf6ef411e7638b076ece842a0192bfc9a611221df5d69ad8df0d5f2e,0x0b9d46c3bf6ef411e7638b076ece842a0192bfc9a611221df5d69ad8df0d5f2e,UNKNOWN_STATUS_NOT_EXTRACTED,25921694,519,PASS
DA-V3-00371,0x9642b23ed1e01df1092b92641051881a322f5d4e,0x5c7bcd6e7de5423a257d81b442095a1a6ced35c5,VASPCUST-S-0159,VASPCUST-B-0063,VERIFIED,VERIFIED,ETH,0.05,0x5c7bcd6e7de5423a257d81b442095a1a6ced35c5,2026-01-01T00:00:00+00:00,2026-12-31T23:59:59+00:00,ETH,2.194435e-11,0x5c7bcd6e7de5423a257d81b442095a1a6ced35c5,2026-09-07T00:02:11+00:00,0xf6d0d82fd6305e4286e70cd0cad5302e4269436422ee22c5215ee018825e20a8,0xf6d0d82fd6305e4286e70cd0cad5302e4269436422ee22c5215ee018825e20a8,UNKNOWN_STATUS_NOT_EXTRACTED,25921693,32,PASS
DA-V3-00372,0xfa176be60ee2227268030d245c4214599431d27f,0xdac17f958d2ee523a2206206994597c13d831ec7,VASPCUST-S-0160,VASPCUST-B-0064,VERIFIED,VERIFIED,ETH,0.25,0xdac17f958d2ee523a2206206994597c13d831ec7,2026-01-01T00:00:00+00:00,2026-12-31T23:59:59+00:00,ETH,0.000235159855345848,0xdac17f958d2ee523a2206206994597c13d831ec7,2026-09-07T00:03:11+00:00,0xfbc62350c864d136b4c624be01162a4c8d7e2d4ab772641666ecef72d5dff29f,0xfbc62350c864d136b4c624be01162a4c8d7e2d4ab772641666ecef72d5dff29f,UNKNOWN_STATUS_NOT_EXTRACTED,25921693,75,PASS
DA-V3-00373,0x21451f397f523c29d767204cfab7921821c94172,0xdac17f958d2ee523a2206206994597c13d831ec7,VASPCUST-S-0161,VASPCUST-B-0065,VERIFIED,VERIFIED,ETH,1.0,0xdac17f958d2ee523a2206206994597c13d831ec7,2026-01-01T00:00:00+00:00,2026-12-31T23:59:59+00:00,ETH,0.057031985012914,0xdac17f958d2ee523a2206206994597c13d831ec7,2026-09-07T00:04:11+00:00,0xe58f01913b9d61c270efcb28dbdbe5d38e6a8d83bbc059161a6bfc47874adf55,0xe58f01913b9d61c270efcb28dbdbe5d38e6a8d83bbc059161a6bfc47874adf55,UNKNOWN_STATUS_NOT_EXTRACTED,25921693,118,PASS
DA-V3-00374,0xe85091501587b32a323be2512b36fab392d7c6bc,0xfe60a9d06566be3301fa396e9d24ca5adfc1644a,VASPCUST-S-0162,VASPCUST-B-0066,VERIFIED,VERIFIED,ETH,5.0,0xfe60a9d06566be3301fa396e9d24ca5adfc1644a,2026-01-01T00:00:00+00:00,2026-12-31T23:59:59+00:00,ETH,0.009992438222119,0xfe60a9d06566be3301fa396e9d24ca5adfc1644a,2026-09-07T00:05:11+00:00,0x77c2f9170051ec39bbb6bf3c11a2e44c7484fbc7c9846bf38aeb638bcbf0fb9b,0x77c2f9170051ec39bbb6bf3c11a2e44c7484fbc7c9846bf38aeb638bcbf0fb9b,UNKNOWN_STATUS_NOT_EXTRACTED,25921693,161,PASS
DA-V3-00375,0x9971bfed7e71b338cc46383adc84625c0688f471,0x991b767357e9e728b5bdbdb089d16e2ffe919789,VASPCUST-S-0163,VASPCUST-B-0067,VERIFIED,UNKNOWN,ETH,20.0,0x991b767357e9e728b5bdbdb089d16e2ffe919789,2026-01-01T00:00:00+00:00,2026-12-31T23:59:59+00:00,UNAPPROVED_TOKEN,0.05,0x991b767357e9e728b5bdbdb089d16e2ffe919789,2026-09-07T00:05:59+00:00,0xc31b501633edb1e4dee29196c29fc5e20fc462bc777a58617bb12df1826d21f4,0xc31b501633edb1e4dee29196c29fc5e20fc462bc777a58617bb12df1826d21f4,UNKNOWN_STATUS_NOT_EXTRACTED,25921693,204,REVIEW
DA-V3-00376,0x44117b76535fcf450a425356f8de620ac8856074,0x6c3ea9036406852006290770bedfcaba0e23a0e8,VASPCUST-S-0164,VASPCUST-B-0068,VERIFIED,VERIFIED,ETH,0.05,0x6c3ea9036406852006290770bedfcaba0e23a0e8,2026-01-01T00:00:00+00:00,2026-12-31T23:59:59+00:00,ETH,1.99993,0x6c3ea9036406852006290770bedfcaba0e23a0e8,2026-09-07T00:06:59+00:00,0xa0a50464479679358c1b7bceced02ba44a71c232275a4b4324b3428f81a032b9,0xa0a50464479679358c1b7bceced02ba44a71c232275a4b4324b3428f81a032b9,UNKNOWN_STATUS_NOT_EXTRACTED,25921693,247,BLOCK
DA-V3-00377,0x1e5c281f85d140775c43ae9bc5b5477339f3bb5b,0xb82891798c4ea28dce04365cf74128e1e546b4de,VASPCUST-S-0165,VASPCUST-B-0069,PENDING,VERIFIED,ETH,0.25,0xb82891798c4ea28dce04365cf74128e1e546b4de,2026-01-01T00:00:00+00:00,2026-12-31T23:59:59+00:00,ETH,0.2297555789124518,0xb82891798c4ea28dce04365cf74128e1e546b4de,2026-09-07T00:07:47+00:00,0x06f27da77159d2e3cb0e24e14c1dacef61c7f9054cd0085562f6572e87949630,0x06f27da77159d2e3cb0e24e14c1dacef61c7f9054cd0085562f6572e87949630,UNKNOWN_STATUS_NOT_EXTRACTED,25921693,290,REVIEW
DA-V3-00378,0x307576dd4f73f91bb8c4a2edb762938e8e067d31,0x6872b6630a3afcd3117191a8403c2002e13df7de,VASPCUST-S-0166,VASPCUST-B-0070,VERIFIED,VERIFIED,ETH,1.0,0x6872b6630a3afcd3117191a8403c2002e13df7de,2026-01-01T00:00:00+00:00,2026-12-31T23:59:59+00:00,ETH,0.001,0x6872b6630a3afcd3117191a8403c2002e13df7de,2026-09-07T00:08:47+00:00,0x4b75e02ac083a0319158bc25e8a94c8ea1608a1fc9e22ff98076f48d3a29c049,0x4b75e02ac083a0319158bc25e8a94c8ea1608a1fc9e22ff98076f48d3a29c049,UNKNOWN_STATUS_NOT_EXTRACTED,25921693,333,PASS
DA-V3-00379,0x9b009b64680b23050676ff7018bf1a7c8241cb03,0x68b3465833fb72a70ecdf485e0e4c7bd8665fc45,VASPCUST-S-0167,VASPCUST-B-0071,VERIFIED,VERIFIED,ETH,5.0,0x68b3465833fb72a70ecdf485e0e4c7bd8665fc45,2026-01-01T00:00:00+00:00,2026-12-31T23:59:59+00:00,ETH,0.000438526546158937,0x68b3465833fb72a70ecdf485e0e4c7bd8665fc45,2026-09-07T00:09:47+00:00,0xe1c7e0537edb2f9d75c022108303fa19601ea5ed78ce4243b24311e24e214265,0xe1c7e0537edb2f9d75c022108303fa19601ea5ed78ce4243b24311e24e214265,UNKNOWN_STATUS_NOT_EXTRACTED,25921692,24,PASS
DA-V3-00380,0xbbfcc87ffe39264dcff615aed4168f8dd81d1a6c,0xa9d1e08c7793af67e9d92fe308d5697fb81d3e43,VASPCUST-S-0168,VASPCUST-B-0072,VERIFIED,VERIFIED,ETH,20.0,0xa9d1e08c7793af67e9d92fe308d5697fb81d3e43,2026-01-01T00:00:00+00:00,2026-12-31T23:59:59+00:00,ETH,1e-09,0xa9d1e08c7793af67e9d92fe308d5697fb81d3e43,2026-09-07T00:10:47+00:00,0x5aaed0ca1de96aa652238fd28ac48981a6f39d17fbc5f3ce718017a2fb165ad8,0x5aaed0ca1de96aa652238fd28ac48981a6f39d17fbc5f3ce718017a2fb165ad8,UNKNOWN_STATUS_NOT_EXTRACTED,25921692,67,PASS
DA-V3-00381,0x21a31ee1afc51d94c2efccaa2092ad1028285549,0xb81280b1dd9925b838d0b2b080ed0bcfb6cf9fc8,VASPCUST-S-0169,VASPCUST-B-0073,VERIFIED,VERIFIED,ETH,0.05,0xb81280b1dd9925b838d0b2b080ed0bcfb6cf9fc8,2026-01-01T00:00:00+00:00,2026-12-31T23:59:59+00:00,ETH,0.005421056283393914,0x000000000000000000000000000000000000dEaD,2026-09-07T00:11:47+00:00,0xbce3719f4f66f5d3c325944fe7490630f20e84a5dd5028b4bba3608d00514da4,0xbce3719f4f66f5d3c325944fe7490630f20e84a5dd5028b4bba3608d00514da4,UNKNOWN_STATUS_NOT_EXTRACTED,25921691,39,BLOCK
DA-V3-00382,0x04d6f7027ae7ce52654aa21bfb67802f0c9ea303,0x22080792a43c0d34c7d83fdce5d9b5186b4eaf64,VASPCUST-S-0170,VASPCUST-B-0074,VERIFIED,VERIFIED,ETH,0.25,0x22080792a43c0d34c7d83fdce5d9b5186b4eaf64,2026-01-01T00:00:00+00:00,2026-12-31T23:59:59+00:00,ETH,0.021897234778942582,0x22080792a43c0d34c7d83fdce5d9b5186b4eaf64,2026-09-07T00:12:47+00:00,0x7d221802cb6ef8d9c6aba904c3259ac4f96d2591de3b9c3daae60af969156e05,0x7d221802cb6ef8d9c6aba904c3259ac4f96d2591de3b9c3daae60af969156e05,UNKNOWN_STATUS_NOT_EXTRACTED,25921691,82,PASS
DA-V3-00383,0x9cbd8b4c866f49cac180c69098631e98e712dcbb,0xdac17f958d2ee523a2206206994597c13d831ec7,VASPCUST-S-0171,VASPCUST-B-0075,VERIFIED,VERIFIED,ETH,1.0,0xdac17f958d2ee523a2206206994597c13d831ec7,2026-01-01T00:00:00+00:00,2026-12-31T23:59:59+00:00,ETH,19.98147072398262,0xdac17f958d2ee523a2206206994597c13d831ec7,2026-09-07T00:13:35+00:00,0x32cca7c607caf4544c8b1232c2ff5df927125f4929b69050f12b73df68fc95c9,0x32cca7c607caf4544c8b1232c2ff5df927125f4929b69050f12b73df68fc95c9,UNKNOWN_STATUS_NOT_EXTRACTED,25921690,9,BLOCK
DA-V3-00384,0x7dd2f804e46b9aab203c904595948dcd42e62852,0xdac17f958d2ee523a2206206994597c13d831ec7,VASPCUST-S-0172,VASPCUST-B-0076,VERIFIED,VERIFIED,ETH,5.0,0xdac17f958d2ee523a2206206994597c13d831ec7,2026-01-01T00:00:00+00:00,2026-12-31T23:59:59+00:00,ETH,1.0021541034624e-05,0xdac17f958d2ee523a2206206994597c13d831ec7,2026-09-07T00:14:35+00:00,0xfb6d93c500ea3137118ae345055eebc4725c5c6befde2bc9f68e3c8394d3b25b,0xfb6d93c500ea3137118ae345055eebc4725c5c6befde2bc9f68e3c8394d3b25b,UNKNOWN_STATUS_NOT_EXTRACTED,25921690,52,PASS
DA-V3-00385,0x923738745fa5db53a5f57c444854e6eb8379343b,0xdbe0f8831a3a0e85f4a17184aedf08512bcc837f,VASPCUST-S-0173,VASPCUST-B-0077,FAILED,VERIFIED,ETH,20.0,0xdbe0f8831a3a0e85f4a17184aedf08512bcc837f,2026-01-01T00:00:00+00:00,2026-12-31T23:59:59+00:00,ETH,0.01381247,0xdbe0f8831a3a0e85f4a17184aedf08512bcc837f,2026-09-07T00:15:35+00:00,0x8da5a8eae29be1f4fd513fd829cc12afe4b4b20374693b6a37c2a8250d64687a,0x8da5a8eae29be1f4fd513fd829cc12afe4b4b20374693b6a37c2a8250d64687a,UNKNOWN_STATUS_NOT_EXTRACTED,25921690,95,REVIEW
DA-V3-00386,0xfa80838239582e89a296aa1be2ae218dd757961e,0xb5d85cbf7cb3ee0d56b3bb207d5fc4b82f43f511,VASPCUST-S-0174,VASPCUST-B-0078,VERIFIED,UNKNOWN,ETH,0.05,0xb5d85cbf7cb3ee0d56b3bb207d5fc4b82f43f511,2026-01-01T00:00:00+00:00,2026-12-31T23:59:59+00:00,ETH,0.029371651850565995,0xb5d85cbf7cb3ee0d56b3bb207d5fc4b82f43f511,2026-09-07T00:16:35+00:00,0xfced421a800f63798fb26328bbc98bb035b98cf0de4451d881ce2ca2c50bfcd7,0xfced421a800f63798fb26328bbc98bb035b98cf0de4451d881ce2ca2c50bfcd7,UNKNOWN_STATUS_NOT_EXTRACTED,25921689,23,REVIEW
DA-V3-00387,0xb34ca396ce846cdc879455f2191cb1ea573e0a0d,0x93282ddc72b48e3edf71418ac8db0e84f937b212,VASPCUST-S-0175,VASPCUST-B-0079,VERIFIED,VERIFIED,ETH,0.25,0x93282ddc72b48e3edf71418ac8db0e84f937b212,2026-01-01T00:00:00+00:00,2026-12-31T23:59:59+00:00,ETH,1.414e-05,0x93282ddc72b48e3edf71418ac8db0e84f937b212,2026-09-07T00:17:35+00:00,0x5bbe04fb7137f37b68616ca8227c5c0064add284984f8132d6648e7c61e7ae4a,0x5bbe04fb7137f37b68616ca8227c5c0064add284984f8132d6648e7c61e7ae4a,UNKNOWN_STATUS_NOT_EXTRACTED,25921689,66,PASS
DA-V3-00388,0x2a9d26557632540dee642f2dfc7098172227df49,0xccc88a9d1b4ed6b0eaba998850414b24f1c315be,VASPCUST-S-0176,VASPCUST-B-0080,VERIFIED,VERIFIED,ETH,1.0,0xccc88a9d1b4ed6b0eaba998850414b24f1c315be,2026-01-01T00:00:00+00:00,2026-12-31T23:59:59+00:00,ETH,0.003926,0xccc88a9d1b4ed6b0eaba998850414b24f1c315be,2026-09-07T00:18:35+00:00,0xa1fcd6d642443dfeed71780ee98865db1d444c35a252050ba362ac3b5f8484e1,0xa1fcd6d642443dfeed71780ee98865db1d444c35a252050ba362ac3b5f8484e1,UNKNOWN_STATUS_NOT_EXTRACTED,25921689,109,PASS
DA-V3-00389,0xdf1553a2130cbafa70a35e68efc6ccf67f0a278c,0xdac17f958d2ee523a2206206994597c13d831ec7,VASPCUST-S-0177,VASPCUST-B-0081,VERIFIED,VERIFIED,ETH,5.0,0xdac17f958d2ee523a2206206994597c13d831ec7,2026-01-01T00:00:00+00:00,2026-12-31T23:59:59+00:00,ETH,0.000203150402394212,0xdac17f958d2ee523a2206206994597c13d831ec7,2026-09-07T00:19:23+00:00,0xf86cf574c34fb7b17cb2da0ad20b0b0509d6599ae5a237d09b0259665e376029,0xf86cf574c34fb7b17cb2da0ad20b0b0509d6599ae5a237d09b0259665e376029,UNKNOWN_STATUS_NOT_EXTRACTED,25921689,152,PASS
DA-V3-00390,0x8fa129f87b8a11ee1ca35abd46674f8b66984d4a,0x66a9893cc07d91d95644aedd05d03f95e1dba8af,VASPCUST-S-0178,VASPCUST-B-0082,VERIFIED,VERIFIED,ETH,20.0,0x66a9893cc07d91d95644aedd05d03f95e1dba8af,2026-01-01T00:00:00+00:00,2026-12-31T23:59:59+00:00,ETH,1.4453e-14,0x66a9893cc07d91d95644aedd05d03f95e1dba8af,2026-09-07T00:20:23+00:00,0x586575cd6e2db0369a31d32e7a04490bf9a6a49ba6351e483828d4f0961abfe5,0x586575cd6e2db0369a31d32e7a04490bf9a6a49ba6351e483828d4f0961abfe5,UNKNOWN_STATUS_NOT_EXTRACTED,25921689,195,PASS
DA-V3-00391,0x2a6edcb4cb73c037047e994010dabf25ee4818ed,0x1231deb6f5749ef6ce6943a275a1d3e7486f4eae,VASPCUST-S-0179,VASPCUST-B-0083,VERIFIED,VERIFIED,ETH,0.05,0x1231deb6f5749ef6ce6943a275a1d3e7486f4eae,2026-01-01T00:00:00+00:00,2026-12-31T23:59:59+00:00,ETH,6.5e-05,0x1231deb6f5749ef6ce6943a275a1d3e7486f4eae,2026-09-07T00:21:23+00:00,0x9364e4c100e26fac6eb196b94097726b984341858eb7edc257b5c1d3c72dca17,0x9364e4c100e26fac6eb196b94097726b984341858eb7edc257b5c1d3c72dca17,UNKNOWN_STATUS_NOT_EXTRACTED,25921689,238,PASS
DA-V3-00392,0xc84f3b2485d218cd256d1df1278d0cce816ba628,0xfeeeeee44046c3f61a8cc081e0918ef0de0a7ffc,VASPCUST-S-0180,VASPCUST-B-0084,VERIFIED,VERIFIED,ETH,0.25,0xfeeeeee44046c3f61a8cc081e0918ef0de0a7ffc,2026-01-01T00:00:00+00:00,2026-01-15T23:59:59+00:00,UNAPPROVED_TOKEN,0.05,0xfeeeeee44046c3f61a8cc081e0918ef0de0a7ffc,2026-09-07T00:22:23+00:00,0x3e613176dcd02b642f7bf5e97ef1df68196f17fa93a0eb97ece64d065caa9289,0x3e613176dcd02b642f7bf5e97ef1df68196f17fa93a0eb97ece64d065caa9289,UNKNOWN_STATUS_NOT_EXTRACTED,25921689,281,BLOCK
DA-V3-00393,0x4a9a16755a6bf64291cd2c9eb027b39c129ff58d,0xdac17f958d2ee523a2206206994597c13d831ec7,VASPCUST-S-0181,VASPCUST-B-0085,PENDING,VERIFIED,ETH,1.0,0xdac17f958d2ee523a2206206994597c13d831ec7,2026-01-01T00:00:00+00:00,2026-12-31T23:59:59+00:00,ETH,0.001989400474273073,0xdac17f958d2ee523a2206206994597c13d831ec7,2026-09-07T00:23:23+00:00,0x2c3c38bb0a6ec5619c55f5b751aa9fb5d82fcbc9b733e2e85e6e25de3025b220,0x2c3c38bb0a6ec5619c55f5b751aa9fb5d82fcbc9b733e2e85e6e25de3025b220,UNKNOWN_STATUS_NOT_EXTRACTED,25921689,324,REVIEW
DA-V3-00394,0x4337012eaf1f862b8dbdc6b62a01782ae01ef038,0xb875703cb0fb17a1468b834432dcab9eec4e8c73,VASPCUST-S-0182,VASPCUST-B-0086,VERIFIED,VERIFIED,ETH,5.0,0xb875703cb0fb17a1468b834432dcab9eec4e8c73,2026-01-01T00:00:00+00:00,2026-12-31T23:59:59+00:00,ETH,1e-09,0xb875703cb0fb17a1468b834432dcab9eec4e8c73,2026-09-07T00:24:23+00:00,0xd1e9c8e42b8631f1a37036b8b091d8fa2f003470c0d98b86d65192b3f5f0ff1c,0xd1e9c8e42b8631f1a37036b8b091d8fa2f003470c0d98b86d65192b3f5f0ff1c,UNKNOWN_STATUS_NOT_EXTRACTED,25921689,367,PASS
DA-V3-00395,0x66f2db38198547beae2c22f15d0df2da20993190,0x00000000f3c6887fa69a9e4b5cf255d043ba7414,VASPCUST-S-0183,VASPCUST-B-0087,VERIFIED,VERIFIED,ETH,20.0,0x00000000f3c6887fa69a9e4b5cf255d043ba7414,2026-01-01T00:00:00+00:00,2026-12-31T23:59:59+00:00,ETH,8.068580326e-06,0x00000000f3c6887fa69a9e4b5cf255d043ba7414,2026-09-07T00:25:23+00:00,0x90f63aa98a5b7f3d856810b6cece419209a586a17c1da27f0ee8137a0c1f8a08,0x90f63aa98a5b7f3d856810b6cece419209a586a17c1da27f0ee8137a0c1f8a08,UNKNOWN_STATUS_NOT_EXTRACTED,25921689,410,PASS
DA-V3-00396,0xb43434b1164da33347b79fba7738258fa5a5cb64,0x6a000f20005980200259b80c5102003040001068,VASPCUST-S-0184,VASPCUST-B-0088,VERIFIED,VERIFIED,ETH,0.05,0x6a000f20005980200259b80c5102003040001068,2026-01-01T00:00:00+00:00,2026-12-31T23:59:59+00:00,ETH,0.00013699,0x6a000f20005980200259b80c5102003040001068,2026-09-07T00:26:23+00:00,0xf644f149b3f35ca6e267db2aa71d0740c64ddb00ac562f98d6c31935460d1e46,0xf644f149b3f35ca6e267db2aa71d0740c64ddb00ac562f98d6c31935460d1e46,UNKNOWN_STATUS_NOT_EXTRACTED,25921689,453,PASS
DA-V3-00397,0xe54909648c783a8a145cbb614c4ce0f32a14838f,0xa0b86991c6218b36c1d19d4a2e9eb0ce3606eb48,VASPCUST-S-0185,VASPCUST-B-0089,VERIFIED,UNKNOWN,ETH,0.25,0xa0b86991c6218b36c1d19d4a2e9eb0ce3606eb48,2026-01-01T00:00:00+00:00,2026-12-31T23:59:59+00:00,ETH,0.0712449127257273,0xa0b86991c6218b36c1d19d4a2e9eb0ce3606eb48,2026-09-07T00:27:11+00:00,0x861a9503454666f73ac85ead7e51ac83dc177c761dfa6b5db4e5569c9a080c23,0x861a9503454666f73ac85ead7e51ac83dc177c761dfa6b5db4e5569c9a080c23,UNKNOWN_STATUS_NOT_EXTRACTED,25921688,15,REVIEW
DA-V3-00398,0x7b5e6ab3f777222756f573f5edef68389dbda843,0xa0b86991c6218b36c1d19d4a2e9eb0ce3606eb48,VASPCUST-S-0186,VASPCUST-B-0090,VERIFIED,VERIFIED,ETH,1.0,0xa0b86991c6218b36c1d19d4a2e9eb0ce3606eb48,2026-01-01T00:00:00+00:00,2026-12-31T23:59:59+00:00,ETH,6.6556064498156e-05,0xa0b86991c6218b36c1d19d4a2e9eb0ce3606eb48,2026-09-07T00:28:11+00:00,0xbb7d486e801a302acfb266d4d4c6957b1132aa866a877a13c67ebbbc0cd40cfc,0xbb7d486e801a302acfb266d4d4c6957b1132aa866a877a13c67ebbbc0cd40cfc,UNKNOWN_STATUS_NOT_EXTRACTED,25921688,58,PASS
DA-V3-00399,0x307576dd4f73f91bb8c4a2edb762938e8e067d31,0x595cd49be92403aa23db4461a337b799fe0566e9,VASPCUST-S-0187,VASPCUST-B-0091,VERIFIED,VERIFIED,ETH,5.0,0x595cd49be92403aa23db4461a337b799fe0566e9,2026-01-01T00:00:00+00:00,2026-12-31T23:59:59+00:00,ETH,6.2774320327454e-05,0x595cd49be92403aa23db4461a337b799fe0566e9,2026-09-07T00:29:11+00:00,0xa15da4089bc218c4394003dee38d6808ee7c3bcdf8f6691c5015dc6a472d4b6e,0xa15da4089bc218c4394003dee38d6808ee7c3bcdf8f6691c5015dc6a472d4b6e,UNKNOWN_STATUS_NOT_EXTRACTED,25921688,101,PASS
DA-V3-00400,0x2cdf1a1cc0964e6639a99a82634915be2201f0a9,0x09fa8ae770c91bcdee16bbd3f2e4cc1ef35c3ac4,VASPCUST-S-0188,VASPCUST-B-0092,VERIFIED,VERIFIED,ETH,20.0,0x09fa8ae770c91bcdee16bbd3f2e4cc1ef35c3ac4,2026-01-01T00:00:00+00:00,2026-12-31T23:59:59+00:00,ETH,0.001153241833998278,0x000000000000000000000000000000000000dEaD,2026-09-07T00:30:11+00:00,0xbc9ef85d09849693cf397431f1292810182a390733a99f2a4e41e55d34b2d3b7,0xbc9ef85d09849693cf397431f1292810182a390733a99f2a4e41e55d34b2d3b7,UNKNOWN_STATUS_NOT_EXTRACTED,25921688,144,BLOCK
DA-V3-00401,0xbe3c963bf81410b465043b89f7280ebd994dcbb2,0x97ccdbea4632140639ad5ea9b944aa034eb15fd4,VASPCUST-S-0189,VASPCUST-B-0093,FAILED,VERIFIED,ETH,0.05,0x97ccdbea4632140639ad5ea9b944aa034eb15fd4,2026-01-01T00:00:00+00:00,2026-12-31T23:59:59+00:00,ETH,0.068645850984441,0x97ccdbea4632140639ad5ea9b944aa034eb15fd4,2026-09-07T00:31:11+00:00,0x5df6574deef90ed0aab6177ce1879ac8613e39f9066b3fc4064c3bcb3d7eddcf,0x5df6574deef90ed0aab6177ce1879ac8613e39f9066b3fc4064c3bcb3d7eddcf,UNKNOWN_STATUS_NOT_EXTRACTED,25921687,42,REVIEW
DA-V3-00402,0x02fa7c436a30b905709969dc2222239d762838c1,0x4313c378cc91ea583c91387b9216e2c03096b27f,VASPCUST-S-0190,VASPCUST-B-0094,VERIFIED,VERIFIED,ETH,0.25,0x4313c378cc91ea583c91387b9216e2c03096b27f,2026-01-01T00:00:00+00:00,2026-12-31T23:59:59+00:00,ETH,0.06489842,0x4313c378cc91ea583c91387b9216e2c03096b27f,2026-09-07T00:32:11+00:00,0x12ca8ce7bf65ea678ae10fcfd7258367f59a51d46b53ec63f845f0f0866ea6a5,0x12ca8ce7bf65ea678ae10fcfd7258367f59a51d46b53ec63f845f0f0866ea6a5,UNKNOWN_STATUS_NOT_EXTRACTED,25921687,85,PASS
DA-V3-00403,0x05ff6964d21e5dae3b1010d5ae0465b3c450f381,0x4cd00e387622c35bddb9b4c962c136462338bc31,VASPCUST-S-0191,VASPCUST-B-0095,VERIFIED,VERIFIED,ETH,1.0,0x4cd00e387622c35bddb9b4c962c136462338bc31,2026-01-01T00:00:00+00:00,2026-12-31T23:59:59+00:00,ETH,0.00221195,0x4cd00e387622c35bddb9b4c962c136462338bc31,2026-09-07T00:33:11+00:00,0xd0d44e654265580d64f78f18a5059402b1d8c066c7357bcd89cbcba616bfa049,0xd0d44e654265580d64f78f18a5059402b1d8c066c7357bcd89cbcba616bfa049,UNKNOWN_STATUS_NOT_EXTRACTED,25921687,128,PASS
DA-V3-00404,0x91d40e4818f4d4c57b4578d9eca6afc92ac8debe,0x1853612eca220920f516b13237e180b4f4cfc184,VASPCUST-S-0192,VASPCUST-B-0096,VERIFIED,VERIFIED,ETH,5.0,0x1853612eca220920f516b13237e180b4f4cfc184,2026-01-01T00:00:00+00:00,2026-12-31T23:59:59+00:00,ETH,0.000505545966725,0x1853612eca220920f516b13237e180b4f4cfc184,2026-09-07T00:34:11+00:00,0x9187f1bdc32ff55447d1f0f59f4a89bcf22957b66053666bcaa851acac252f7f,0x9187f1bdc32ff55447d1f0f59f4a89bcf22957b66053666bcaa851acac252f7f,UNKNOWN_STATUS_NOT_EXTRACTED,25921687,171,PASS
DA-V3-00405,0xcb491448e5f2e2dadff496d0e7b7162d5845813a,0xa0b86991c6218b36c1d19d4a2e9eb0ce3606eb48,VASPCUST-S-0193,VASPCUST-B-0097,VERIFIED,VERIFIED,ETH,20.0,0xa0b86991c6218b36c1d19d4a2e9eb0ce3606eb48,2026-01-01T00:00:00+00:00,2026-12-31T23:59:59+00:00,ETH,0.05,0xa0b86991c6218b36c1d19d4a2e9eb0ce3606eb48,2026-09-07T00:35:11+00:00,0x83f43269f6392463904fc13771261d0794840ee9a2505c93e7668632fed1eb5f,0x83f43269f6392463904fc13771261d0794840ee9a2505c93e7668632fed1eb5f,UNKNOWN_STATUS_NOT_EXTRACTED,25921687,214,PASS
DA-V3-00406,0x200000000c4d244bc2f02fd0564c59f8db0753fd,0xa0b86991c6218b36c1d19d4a2e9eb0ce3606eb48,VASPCUST-S-0194,VASPCUST-B-0098,VERIFIED,VERIFIED,ETH,0.05,0xa0b86991c6218b36c1d19d4a2e9eb0ce3606eb48,2026-01-01T00:00:00+00:00,2026-12-31T23:59:59+00:00,ETH,2.988e-06,0xa0b86991c6218b36c1d19d4a2e9eb0ce3606eb48,2026-09-07T00:35:59+00:00,0xc8e77596044a0da9f3f6b1bb2155b708c2348dd4666fd74170cc922c304ca80a,0xc8e77596044a0da9f3f6b1bb2155b708c2348dd4666fd74170cc922c304ca80a,UNKNOWN_STATUS_NOT_EXTRACTED,25921685,40,PASS
DA-V3-00407,0xdfd5293d8e347dfe59e90efd55b2956a1343963d,0xdac17f958d2ee523a2206206994597c13d831ec7,VASPCUST-S-0195,VASPCUST-B-0099,VERIFIED,VERIFIED,ETH,0.25,0xdac17f958d2ee523a2206206994597c13d831ec7,2026-01-01T00:00:00+00:00,2026-12-31T23:59:59+00:00,ETH,5.9e-17,0xdac17f958d2ee523a2206206994597c13d831ec7,2026-09-07T00:36:59+00:00,0x783f2d3609bad8aecd8201ea6a396abbc3208d48d35550222d818382cc50ca70,0x783f2d3609bad8aecd8201ea6a396abbc3208d48d35550222d818382cc50ca70,UNKNOWN_STATUS_NOT_EXTRACTED,25921685,83,PASS
DA-V3-00408,0x9430801ebaf509ad49202aabc5f5bc6fd8a3daf8,0x1231deb6f5749ef6ce6943a275a1d3e7486f4eae,VASPCUST-S-0196,VASPCUST-B-0100,VERIFIED,UNKNOWN,ETH,1.0,0x1231deb6f5749ef6ce6943a275a1d3e7486f4eae,2026-01-01T00:00:00+00:00,2026-12-31T23:59:59+00:00,ETH,4.7e-17,0x1231deb6f5749ef6ce6943a275a1d3e7486f4eae,2026-09-07T00:37:47+00:00,0xb45444ddbeef5e7db4cb2f9db0deb8693ce2c169fd9c09e4f58ba607cb6ff4a4,0xb45444ddbeef5e7db4cb2f9db0deb8693ce2c169fd9c09e4f58ba607cb6ff4a4,UNKNOWN_STATUS_NOT_EXTRACTED,25921684,36,REVIEW
DA-V3-00409,0x7626551fd4cf95e9018e966fed57aabe2effb717,0xf5d3eb722f75be7d4976fce2c312b7868619b11b,VASPCUST-S-0197,VASPCUST-B-0101,PENDING,VERIFIED,ETH,5.0,0xf5d3eb722f75be7d4976fce2c312b7868619b11b,2026-01-01T00:00:00+00:00,2026-12-31T23:59:59+00:00,UNAPPROVED_TOKEN,0.195,0xf5d3eb722f75be7d4976fce2c312b7868619b11b,2026-09-07T00:38:47+00:00,0x1a8ce470126f50c6537bc286bd19eab05e33b1e74d615f8b2e183e575f42b663,0x1a8ce470126f50c6537bc286bd19eab05e33b1e74d615f8b2e183e575f42b663,UNKNOWN_STATUS_NOT_EXTRACTED,25921683,27,REVIEW
DA-V3-00410,0x185082be2b7ed0f6b7a52571902005e8a3e9b0e6,0xe00a408610ea02b41b4374436919920aa2ed98b6,VASPCUST-S-0198,VASPCUST-B-0102,VERIFIED,VERIFIED,ETH,20.0,0xe00a408610ea02b41b4374436919920aa2ed98b6,2026-01-01T00:00:00+00:00,2026-12-31T23:59:59+00:00,ETH,0.001,0xe00a408610ea02b41b4374436919920aa2ed98b6,2026-09-07T00:39:47+00:00,0x11264536c21a91569edb6a63ddbd77440be914ec57570572c23e6f0d12fd898e,0x11264536c21a91569edb6a63ddbd77440be914ec57570572c23e6f0d12fd898e,UNKNOWN_STATUS_NOT_EXTRACTED,25921683,70,PASS
DA-V3-00411,0xd9eb1bb96c8c520fb41afcaadd720f15a7879b5c,0x31c089f67462483d51b8d4da452f994f1e3b45a9,VASPCUST-S-0199,VASPCUST-B-0103,VERIFIED,VERIFIED,ETH,0.05,0x31c089f67462483d51b8d4da452f994f1e3b45a9,2026-01-01T00:00:00+00:00,2026-12-31T23:59:59+00:00,ETH,0.000397260491649584,0x31c089f67462483d51b8d4da452f994f1e3b45a9,2026-09-07T00:40:47+00:00,0xbe3ef94e2e5d091e69650dcf69ced6f54fd3ef6ba38db524d2105191268207b5,0xbe3ef94e2e5d091e69650dcf69ced6f54fd3ef6ba38db524d2105191268207b5,UNKNOWN_STATUS_NOT_EXTRACTED,25921683,113,PASS
DA-V3-00412,0x66d70cce1e5f0ecd713aa4b43645d396ebbdd414,0x0000000071727de22e5e9d8baf0edac6f37da032,VASPCUST-S-0200,VASPCUST-B-0104,VERIFIED,VERIFIED,ETH,0.25,0x0000000071727de22e5e9d8baf0edac6f37da032,2026-01-01T00:00:00+00:00,2026-12-31T23:59:59+00:00,ETH,8.065265865e-06,0x0000000071727de22e5e9d8baf0edac6f37da032,2026-09-07T00:41:47+00:00,0x97bd2928fcc188f83403ed450474cc8101c8c3ea7a05697021b1f858b603dbc6,0x97bd2928fcc188f83403ed450474cc8101c8c3ea7a05697021b1f858b603dbc6,UNKNOWN_STATUS_NOT_EXTRACTED,25921683,156,PASS
DA-V3-00413,0x5a8ea70836771d4d2bb495af000a947bffbec354,0x7b259989b76ca6898e1902ec169e244490cf9fa0,VASPCUST-S-0201,VASPCUST-B-0105,VERIFIED,VERIFIED,ETH,1.0,0x7b259989b76ca6898e1902ec169e244490cf9fa0,2026-01-01T00:00:00+00:00,2026-12-31T23:59:59+00:00,ETH,0.00371749329199792,0x7b259989b76ca6898e1902ec169e244490cf9fa0,2026-09-07T00:42:47+00:00,0xd52319da5cf5d64b3a8dd6f3c2805db52c9cfba77b18ea65973f36878b494a84,0xd52319da5cf5d64b3a8dd6f3c2805db52c9cfba77b18ea65973f36878b494a84,UNKNOWN_STATUS_NOT_EXTRACTED,25921682,30,PASS
DA-V3-00414,0xed2e7416c7289e868dc5785c70a1e585320185fc,0xda7afeed01fe625cf15d187a19f94b45f00b8c5f,VASPCUST-S-0202,VASPCUST-B-0106,VERIFIED,VERIFIED,ETH,5.0,0xda7afeed01fe625cf15d187a19f94b45f00b8c5f,2026-01-01T00:00:00+00:00,2026-12-31T23:59:59+00:00,ETH,6e-06,0xda7afeed01fe625cf15d187a19f94b45f00b8c5f,2026-09-07T00:43:47+00:00,0x41156663affdeb58c3d166f588a6c657aa1516cb18756369f051588e2cc6627f,0x41156663affdeb58c3d166f588a6c657aa1516cb18756369f051588e2cc6627f,UNKNOWN_STATUS_NOT_EXTRACTED,25921682,73,PASS
DA-V3-00415,0x307576dd4f73f91bb8c4a2edb762938e8e067d31,0xb6cbc096372b295b0996a1f6450cd72b007fba06,VASPCUST-S-0203,VASPCUST-B-0107,VERIFIED,VERIFIED,ETH,20.0,0xb6cbc096372b295b0996a1f6450cd72b007fba06,2026-01-01T00:00:00+00:00,2026-01-15T23:59:59+00:00,ETH,7.900867751685464,0xb6cbc096372b295b0996a1f6450cd72b007fba06,2026-09-07T00:44:47+00:00,0xbeaa5c42626e20925906a1c109782ef9b9fb41fbcb1dafc0be1006fec63edccc,0xbeaa5c42626e20925906a1c109782ef9b9fb41fbcb1dafc0be1006fec63edccc,UNKNOWN_STATUS_NOT_EXTRACTED,25921682,116,PASS
DA-V3-00416,0x307576dd4f73f91bb8c4a2edb762938e8e067d31,0x5b0407ee99a70539ee8a92c145f60a51b5c290d9,VASPCUST-S-0204,VASPCUST-B-0108,VERIFIED,VERIFIED,ETH,0.05,0x5b0407ee99a70539ee8a92c145f60a51b5c290d9,2026-01-01T00:00:00+00:00,2026-12-31T23:59:59+00:00,ETH,0.0003035732993,0x5b0407ee99a70539ee8a92c145f60a51b5c290d9,2026-09-07T00:45:47+00:00,0xe23f965cd2305f910e75ec0c0169b4a18e312410d67cc6ccaab39ff1aab76dfd,0xe23f965cd2305f910e75ec0c0169b4a18e312410d67cc6ccaab39ff1aab76dfd,UNKNOWN_STATUS_NOT_EXTRACTED,25921682,159,PASS
DA-V3-00417,0xc23c910f3d27a66a21ded29cd50af30f6257a553,0xca11bde05977b3631167028862be2a173976ca11,VASPCUST-S-0205,VASPCUST-B-0109,FAILED,VERIFIED,ETH,0.25,0xca11bde05977b3631167028862be2a173976ca11,2026-01-01T00:00:00+00:00,2026-12-31T23:59:59+00:00,ETH,1e-09,0xca11bde05977b3631167028862be2a173976ca11,2026-09-07T00:46:47+00:00,0xfb694756a4317741e84a6fbab48b7ce5d8b2a238b4a9146468fdb5845deb6811,0xfb694756a4317741e84a6fbab48b7ce5d8b2a238b4a9146468fdb5845deb6811,UNKNOWN_STATUS_NOT_EXTRACTED,25921682,202,REVIEW
DA-V3-00418,0x3ec4e833251aa5751628a40fbbaad1c5f4a0a4a6,0x00000002a22b28512cf6e221e0c94259d7132ee9,VASPCUST-S-0206,VASPCUST-B-0110,VERIFIED,VERIFIED,ETH,1.0,0x00000002a22b28512cf6e221e0c94259d7132ee9,2026-01-01T00:00:00+00:00,2026-12-31T23:59:59+00:00,ETH,0.300600328486987,0x00000002a22b28512cf6e221e0c94259d7132ee9,2026-09-07T00:47:47+00:00,0xb7be0833b5ebb5e229e228d35a54db43d8838cb425c39b42d875a3e8f84f5715,0xb7be0833b5ebb5e229e228d35a54db43d8838cb425c39b42d875a3e8f84f5715,UNKNOWN_STATUS_NOT_EXTRACTED,25921681,15,PASS
DA-V3-00419,0xb00439e6f77af558c79005ee9d158df547490e88,0xb147a8445654e3da2866dc17765551c458c92f1e,VASPCUST-S-0207,VASPCUST-B-0111,VERIFIED,UNKNOWN,ETH,5.0,0xb147a8445654e3da2866dc17765551c458c92f1e,2026-01-01T00:00:00+00:00,2026-12-31T23:59:59+00:00,ETH,0.256516549931891,0x000000000000000000000000000000000000dEaD,2026-09-07T00:48:47+00:00,0xb6694f53172c0792a1d47e8df49db60730a6839b2b49395f2b4e154d1af48776,0xb6694f53172c0792a1d47e8df49db60730a6839b2b49395f2b4e154d1af48776,UNKNOWN_STATUS_NOT_EXTRACTED,25921681,58,REVIEW
DA-V3-00420,0x307576dd4f73f91bb8c4a2edb762938e8e067d31,0xdac17f958d2ee523a2206206994597c13d831ec7,VASPCUST-S-0208,VASPCUST-B-0112,VERIFIED,VERIFIED,ETH,20.0,0xdac17f958d2ee523a2206206994597c13d831ec7,2026-01-01T00:00:00+00:00,2026-12-31T23:59:59+00:00,ETH,0.000126,0xdac17f958d2ee523a2206206994597c13d831ec7,2026-09-07T00:49:47+00:00,0x04a9a0151becff5b78c5fe872bce0597b240555b0676c29e4f39a96a63a6601e,0x04a9a0151becff5b78c5fe872bce0597b240555b0676c29e4f39a96a63a6601e,UNKNOWN_STATUS_NOT_EXTRACTED,25921681,101,PASS
DA-V3-00421,0x4bb5320184f40d660fa9cb2013f607e149ecf5f2,0x278d858f05b94576c1e6f73285886876ff6ef8d2,VASPCUST-S-0209,VASPCUST-B-0113,VERIFIED,VERIFIED,ETH,0.05,0x278d858f05b94576c1e6f73285886876ff6ef8d2,2026-01-01T00:00:00+00:00,2026-12-31T23:59:59+00:00,ETH,0.07,0x278d858f05b94576c1e6f73285886876ff6ef8d2,2026-09-07T00:50:47+00:00,0x925922978abeae8dcd12902bd4832272272ef643047f53320c1fac82ac941b26,0x925922978abeae8dcd12902bd4832272272ef643047f53320c1fac82ac941b26,UNKNOWN_STATUS_NOT_EXTRACTED,25921681,144,BLOCK
DA-V3-00422,0x58b704065b7aff3ed351052f8560019e05925023,0xf30ba13e4b04ce5dc4d254ae5fa95477800f0eb0,VASPCUST-S-0210,VASPCUST-B-0114,VERIFIED,VERIFIED,ETH,0.25,0xf30ba13e4b04ce5dc4d254ae5fa95477800f0eb0,2026-01-01T00:00:00+00:00,2026-12-31T23:59:59+00:00,ETH,0.011114,0xf30ba13e4b04ce5dc4d254ae5fa95477800f0eb0,2026-09-07T00:51:47+00:00,0xb15140812639c4efe3c3ee3b5bed35ccc036d86e7704b24fcc9d7ca2c9ed0e39,0xb15140812639c4efe3c3ee3b5bed35ccc036d86e7704b24fcc9d7ca2c9ed0e39,UNKNOWN_STATUS_NOT_EXTRACTED,25921681,187,PASS
DA-V3-00423,0x559432e18b281731c054cd703d4b49872be4ed53,0xf13176ece4ed8d9aa4c335cd4f247458d4863fe4,VASPCUST-S-0000,VASPCUST-B-0115,VERIFIED,VERIFIED,ETH,1.0,0xf13176ece4ed8d9aa4c335cd4f247458d4863fe4,2026-01-01T00:00:00+00:00,2026-12-31T23:59:59+00:00,ETH,0.001,0xf13176ece4ed8d9aa4c335cd4f247458d4863fe4,2026-09-07T00:52:47+00:00,0x51f9ccc764ed815ab498e033af55a61a42531bef4075677fe69bc0cf9efa606a,0x51f9ccc764ed815ab498e033af55a61a42531bef4075677fe69bc0cf9efa606a,UNKNOWN_STATUS_NOT_EXTRACTED,25921681,230,PASS
DA-V3-00424,0xae39a0fd2806d2f8162a08c27496aa9429bb3396,0x2112cad1f8d2dbf96c5380b63d6874501437af73,VASPCUST-S-0001,VASPCUST-B-0116,VERIFIED,VERIFIED,ETH,5.0,0x2112cad1f8d2dbf96c5380b63d6874501437af73,2026-01-01T00:00:00+00:00,2026-12-31T23:59:59+00:00,ETH,0.0203785588572645,0x2112cad1f8d2dbf96c5380b63d6874501437af73,2026-09-07T00:53:47+00:00,0x706e238b29ae1488e8b25c578fc455a8bba5db2e7a36815eefb1faa8a1843a92,0x706e238b29ae1488e8b25c578fc455a8bba5db2e7a36815eefb1faa8a1843a92,UNKNOWN_STATUS_NOT_EXTRACTED,25921681,273,PASS
DA-V3-00425,0xbacdec8b2575f86659c2ae1959ab6f531628c306,0xa0b86991c6218b36c1d19d4a2e9eb0ce3606eb48,VASPCUST-S-0002,VASPCUST-B-0117,PENDING,VERIFIED,ETH,20.0,0xa0b86991c6218b36c1d19d4a2e9eb0ce3606eb48,2026-01-01T00:00:00+00:00,2026-12-31T23:59:59+00:00,ETH,0.005598929300880361,0xa0b86991c6218b36c1d19d4a2e9eb0ce3606eb48,2026-09-07T00:54:35+00:00,0x9dccb4c9bc42fc9a6040c1aa70ac54e4cca513ce7180ebaafd50abf561315d39,0x9dccb4c9bc42fc9a6040c1aa70ac54e4cca513ce7180ebaafd50abf561315d39,UNKNOWN_STATUS_NOT_EXTRACTED,25921681,316,REVIEW
DA-V3-00426,0x754dcfb2861547015b221e963b4133a71dbdc024,0x525a8f6f3ba4752868cde25164382bfbae3990e1,VASPCUST-S-0003,VASPCUST-B-0118,VERIFIED,VERIFIED,ETH,0.05,0x525a8f6f3ba4752868cde25164382bfbae3990e1,2026-01-01T00:00:00+00:00,2026-12-31T23:59:59+00:00,UNAPPROVED_TOKEN,6.1101e-06,0x525a8f6f3ba4752868cde25164382bfbae3990e1,2026-09-07T00:55:35+00:00,0x57c2bacdde00a9f741fae1b04b62d6f886ce6f2752806d1dd946e5c93c855efa,0x57c2bacdde00a9f741fae1b04b62d6f886ce6f2752806d1dd946e5c93c855efa,UNKNOWN_STATUS_NOT_EXTRACTED,25921681,359,BLOCK
DA-V3-00427,0x9d008edfe846d435796886fd8e8a2824189d81f3,0x924688205682ce3f07540f79d1339dd8b67eef60,VASPCUST-S-0004,VASPCUST-B-0119,VERIFIED,VERIFIED,ETH,0.25,0x924688205682ce3f07540f79d1339dd8b67eef60,2026-01-01T00:00:00+00:00,2026-12-31T23:59:59+00:00,ETH,0.004998258189361545,0x924688205682ce3f07540f79d1339dd8b67eef60,2026-09-07T00:56:23+00:00,0x4be32cf44c1beac204217164bdd878865ba535beebd105fe52757c4f6ead8fb4,0x4be32cf44c1beac204217164bdd878865ba535beebd105fe52757c4f6ead8fb4,UNKNOWN_STATUS_NOT_EXTRACTED,25921680,23,PASS
DA-V3-00428,0xa86fb4a766dad921c867b90a37c431aff57cc204,0xb02016102e7ab27bce2c3087392098a09c2f0f2a,VASPCUST-S-0005,VASPCUST-B-0120,VERIFIED,VERIFIED,ETH,1.0,0xb02016102e7ab27bce2c3087392098a09c2f0f2a,2026-01-01T00:00:00+00:00,2026-12-31T23:59:59+00:00,ETH,5.22676141e-06,0xb02016102e7ab27bce2c3087392098a09c2f0f2a,2026-09-07T00:57:23+00:00,0xf438cde39387934de6fc6ec396420c19a19f8ac1506f24dc10277ad76b887190,0xf438cde39387934de6fc6ec396420c19a19f8ac1506f24dc10277ad76b887190,UNKNOWN_STATUS_NOT_EXTRACTED,25921679,15,PASS
DA-V3-00429,0x396343362be2a4da1ce0c1c210945346fb82aa49,0xdac17f958d2ee523a2206206994597c13d831ec7,VASPCUST-S-0006,VASPCUST-B-0121,VERIFIED,VERIFIED,ETH,5.0,0xdac17f958d2ee523a2206206994597c13d831ec7,2026-01-01T00:00:00+00:00,2026-12-31T23:59:59+00:00,ETH,0.0074225,0xdac17f958d2ee523a2206206994597c13d831ec7,2026-09-07T00:58:23+00:00,0xd980673181c14be82681a1cf66371a687890e75aae59c735800d3a3a50691b3e,0xd980673181c14be82681a1cf66371a687890e75aae59c735800d3a3a50691b3e,UNKNOWN_STATUS_NOT_EXTRACTED,25921679,58,PASS
DA-V3-00430,0xc77e09c6c6db526262b569a3fced00dfda7b4543,0xc02aaa39b223fe8d0a0e5c4f27ead9083c756cc2,VASPCUST-S-0007,VASPCUST-B-0122,VERIFIED,UNKNOWN,ETH,20.0,0xc02aaa39b223fe8d0a0e5c4f27ead9083c756cc2,2026-01-01T00:00:00+00:00,2026-12-31T23:59:59+00:00,ETH,0.4142040064577144,0xc02aaa39b223fe8d0a0e5c4f27ead9083c756cc2,2026-09-07T00:59:11+00:00,0xc16dd863f709b0d085491220882915cc5811fc8edfa1630951378e2da89e7ccc,0xc16dd863f709b0d085491220882915cc5811fc8edfa1630951378e2da89e7ccc,UNKNOWN_STATUS_NOT_EXTRACTED,25921679,101,REVIEW
DA-V3-00431,0x86abe8c7a1ec6334339e118af85cc5c9704a06c3,0xcbc35d5c850a94bf4866b768a72fa688db07dde6,VASPCUST-S-0008,VASPCUST-B-0123,VERIFIED,VERIFIED,ETH,0.05,0xcbc35d5c850a94bf4866b768a72fa688db07dde6,2026-01-01T00:00:00+00:00,2026-12-31T23:59:59+00:00,ETH,1.461438e-05,0xcbc35d5c850a94bf4866b768a72fa688db07dde6,2026-09-07T01:00:11+00:00,0x1e5754f406a7c123ef202752faa48ce5f8fe59f0fab2aa027a2a066239b93936,0x1e5754f406a7c123ef202752faa48ce5f8fe59f0fab2aa027a2a066239b93936,UNKNOWN_STATUS_NOT_EXTRACTED,25921679,144,PASS
DA-V3-00432,0x3ccc263f16fee1f985f02c956ff42fb3b85410d0,0xdac17f958d2ee523a2206206994597c13d831ec7,VASPCUST-S-0009,VASPCUST-B-0124,VERIFIED,VERIFIED,ETH,0.25,0xdac17f958d2ee523a2206206994597c13d831ec7,2026-01-01T00:00:00+00:00,2026-12-31T23:59:59+00:00,ETH,1e-09,0xdac17f958d2ee523a2206206994597c13d831ec7,2026-09-07T01:01:11+00:00,0xc2a830f718610272ab05dc318c5c611fbb33361e8bcd903d18088e23b80410f3,0xc2a830f718610272ab05dc318c5c611fbb33361e8bcd903d18088e23b80410f3,UNKNOWN_STATUS_NOT_EXTRACTED,25921679,187,PASS
DA-V3-00433,0x307576dd4f73f91bb8c4a2edb762938e8e067d31,0x93c30e6e09f698cfea99b09b5166ed90cfaedd17,VASPCUST-S-0010,VASPCUST-B-0125,FAILED,VERIFIED,ETH,1.0,0x93c30e6e09f698cfea99b09b5166ed90cfaedd17,2026-01-01T00:00:00+00:00,2026-12-31T23:59:59+00:00,ETH,7.62e-16,0x93c30e6e09f698cfea99b09b5166ed90cfaedd17,2026-09-07T01:02:11+00:00,0x2c4bf071a54f7d4ea500c69ddca6a3753660e62dd5e580133febaa5c85ada8ce,0x2c4bf071a54f7d4ea500c69ddca6a3753660e62dd5e580133febaa5c85ada8ce,UNKNOWN_STATUS_NOT_EXTRACTED,25921679,230,REVIEW
DA-V3-00434,0x307576dd4f73f91bb8c4a2edb762938e8e067d31,0xa0b86991c6218b36c1d19d4a2e9eb0ce3606eb48,VASPCUST-S-0011,VASPCUST-B-0126,VERIFIED,VERIFIED,ETH,5.0,0xa0b86991c6218b36c1d19d4a2e9eb0ce3606eb48,2026-01-01T00:00:00+00:00,2026-12-31T23:59:59+00:00,ETH,0.003966396687265487,0xa0b86991c6218b36c1d19d4a2e9eb0ce3606eb48,2026-09-07T01:03:11+00:00,0x3b316a1e9f159353e448f0abffb79574388445c73bf64cbc9e241331b49a255a,0x3b316a1e9f159353e448f0abffb79574388445c73bf64cbc9e241331b49a255a,UNKNOWN_STATUS_NOT_EXTRACTED,25921678,17,PASS
DA-V3-00435,0x754dcfb2861547015b221e963b4133a71dbdc024,0xdfaa75323fb721e5f29d43859390f62cc4b600b8,VASPCUST-S-0012,VASPCUST-B-0127,VERIFIED,VERIFIED,ETH,20.0,0xdfaa75323fb721e5f29d43859390f62cc4b600b8,2026-01-01T00:00:00+00:00,2026-12-31T23:59:59+00:00,ETH,1.1218880276706e-05,0xdfaa75323fb721e5f29d43859390f62cc4b600b8,2026-09-07T01:04:11+00:00,0x2319e511a34323f25da6384eb9f19ea2358ea1d9cb281a206962a8fc855fdf84,0x2319e511a34323f25da6384eb9f19ea2358ea1d9cb281a206962a8fc855fdf84,UNKNOWN_STATUS_NOT_EXTRACTED,25921678,60,PASS
DA-V3-00436,0x6c00589d3bc56ffe1596804f4e82026e641c288a,0x2e3ab37a673dbc0084cdbdb740857ceb07edaca8,VASPCUST-S-0013,VASPCUST-B-0128,VERIFIED,VERIFIED,ETH,0.05,0x2e3ab37a673dbc0084cdbdb740857ceb07edaca8,2026-01-01T00:00:00+00:00,2026-12-31T23:59:59+00:00,ETH,1.39e-16,0x2e3ab37a673dbc0084cdbdb740857ceb07edaca8,2026-09-07T01:05:11+00:00,0x016564272762e93277f350e8bc0824b95f3ab6996db72843c28d50962df9acf8,0x016564272762e93277f350e8bc0824b95f3ab6996db72843c28d50962df9acf8,UNKNOWN_STATUS_NOT_EXTRACTED,25921678,103,PASS
DA-V3-00437,0x8557a80e2e57db45b4fd2868ef86fb61b5d50c70,0xa0b86991c6218b36c1d19d4a2e9eb0ce3606eb48,VASPCUST-S-0014,VASPCUST-B-0129,VERIFIED,VERIFIED,ETH,0.25,0xa0b86991c6218b36c1d19d4a2e9eb0ce3606eb48,2026-01-01T00:00:00+00:00,2026-12-31T23:59:59+00:00,ETH,4.207515703e-06,0xa0b86991c6218b36c1d19d4a2e9eb0ce3606eb48,2026-09-07T01:06:11+00:00,0x322849363f075a34cc27f297d6dee0a1832b05162e5c52fb11aea94d0ae0fb38,0x322849363f075a34cc27f297d6dee0a1832b05162e5c52fb11aea94d0ae0fb38,UNKNOWN_STATUS_NOT_EXTRACTED,25921677,18,PASS
DA-V3-00438,0x2b979b7f97a588885da3601f610414453ea53c63,0xbee3211ab312a8d065c4fef0247448e17a8da000,VASPCUST-S-0015,VASPCUST-B-0130,VERIFIED,VERIFIED,ETH,1.0,0xbee3211ab312a8d065c4fef0247448e17a8da000,2026-01-01T00:00:00+00:00,2026-01-15T23:59:59+00:00,ETH,0.09981979217203736,0x000000000000000000000000000000000000dEaD,2026-09-07T01:07:11+00:00,0x765bb1146eb76496227b9b3fcb2c41f9debcb56182321d928aa86c39bec2f507,0x765bb1146eb76496227b9b3fcb2c41f9debcb56182321d928aa86c39bec2f507,UNKNOWN_STATUS_NOT_EXTRACTED,25921677,61,BLOCK
DA-V3-00439,0xcd57d42040b8068ea931423dfa8f0af9b552955f,0xfaf17849fb05a11a4e233f221bac99ca43fc83f8,VASPCUST-S-0016,VASPCUST-B-0131,VERIFIED,VERIFIED,ETH,5.0,0xfaf17849fb05a11a4e233f221bac99ca43fc83f8,2026-01-01T00:00:00+00:00,2026-12-31T23:59:59+00:00,ETH,0.01270099972911049,0xfaf17849fb05a11a4e233f221bac99ca43fc83f8,2026-09-07T01:08:11+00:00,0x3475afb0e8c56532943ad1cf2797a3774275f1273181e36a3ef1273a5be77b9d,0x3475afb0e8c56532943ad1cf2797a3774275f1273181e36a3ef1273a5be77b9d,UNKNOWN_STATUS_NOT_EXTRACTED,25921677,104,PASS
DA-V3-00440,0x5117a54113c742a3e3d0481bc84966981d86d205,0x51c72848c68a965f66fa7a88855f9f7784502a7f,VASPCUST-S-0017,VASPCUST-B-0132,VERIFIED,VERIFIED,ETH,20.0,0x51c72848c68a965f66fa7a88855f9f7784502a7f,2026-01-01T00:00:00+00:00,2026-12-31T23:59:59+00:00,ETH,2.5921683e-11,0x51c72848c68a965f66fa7a88855f9f7784502a7f,2026-09-07T01:09:11+00:00,0x9056739e997d430a3e21946cea80a488ae0ea512917096c3a774d548e6abd049,0x9056739e997d430a3e21946cea80a488ae0ea512917096c3a774d548e6abd049,UNKNOWN_STATUS_NOT_EXTRACTED,25921677,147,PASS
DA-V3-00441,0xf3c17b369d848b47b9319441f2568f8c17028583,0xf30847210ef01eee23d9e7c522e9533701345dde,VASPCUST-S-0018,VASPCUST-B-0133,PENDING,UNKNOWN,ETH,0.05,0xf30847210ef01eee23d9e7c522e9533701345dde,2026-01-01T00:00:00+00:00,2026-12-31T23:59:59+00:00,ETH,0.51690009,0xf30847210ef01eee23d9e7c522e9533701345dde,2026-09-07T01:10:11+00:00,0xa98ebd6349006580d828f9e85a19bacc03da91ad8ad0c044cf9c6bfdcf6543bd,0xa98ebd6349006580d828f9e85a19bacc03da91ad8ad0c044cf9c6bfdcf6543bd,UNKNOWN_STATUS_NOT_EXTRACTED,25921677,190,REVIEW
DA-V3-00442,0xdcab9bc58f23c8e5f6fa8e05fd4dfaadc158567c,0x3e07be15370d8b12d80a159a7ef14b9e51869497,VASPCUST-S-0019,VASPCUST-B-0134,VERIFIED,VERIFIED,ETH,0.25,0x3e07be15370d8b12d80a159a7ef14b9e51869497,2026-01-01T00:00:00+00:00,2026-12-31T23:59:59+00:00,ETH,0.001,0x3e07be15370d8b12d80a159a7ef14b9e51869497,2026-09-07T01:10:59+00:00,0xf4c80ac0cb7a78a77d816bc83fca2eec9a712d3706aa9480608a913ea21465e7,0xf4c80ac0cb7a78a77d816bc83fca2eec9a712d3706aa9480608a913ea21465e7,UNKNOWN_STATUS_NOT_EXTRACTED,25921677,233,PASS
DA-V3-00443,0x10c2f75af623edd8fcd399374aa25e026eb0034d,0xe54891774eed9277236bac10d82788aee0aed313,VASPCUST-S-0020,VASPCUST-B-0135,VERIFIED,VERIFIED,ETH,1.0,0xe54891774eed9277236bac10d82788aee0aed313,2026-01-01T00:00:00+00:00,2026-12-31T23:59:59+00:00,UNAPPROVED_TOKEN,0.04509656,0xe54891774eed9277236bac10d82788aee0aed313,2026-09-07T01:11:59+00:00,0xab015ef16d5be457cba9843bc82e6b1929d79bcf4a298bd502d5c04754fbe867,0xab015ef16d5be457cba9843bc82e6b1929d79bcf4a298bd502d5c04754fbe867,UNKNOWN_STATUS_NOT_EXTRACTED,25921676,15,BLOCK
DA-V3-00444,0xe8832a868c091263ed190a9f4be304a03895dd91,0xa0b86991c6218b36c1d19d4a2e9eb0ce3606eb48,VASPCUST-S-0021,VASPCUST-B-0136,VERIFIED,VERIFIED,ETH,5.0,0xa0b86991c6218b36c1d19d4a2e9eb0ce3606eb48,2026-01-01T00:00:00+00:00,2026-12-31T23:59:59+00:00,ETH,0.02113842,0xa0b86991c6218b36c1d19d4a2e9eb0ce3606eb48,2026-09-07T01:12:59+00:00,0x1be03df00cd5ba6cf26724cfbf233f1dcee91b4a9b0d3246387c207930b7312b,0x1be03df00cd5ba6cf26724cfbf233f1dcee91b4a9b0d3246387c207930b7312b,UNKNOWN_STATUS_NOT_EXTRACTED,25921676,58,PASS
DA-V3-00445,0xa5cbc35f0185232c714897da5b8c59854566483e,0x6872b6630a3afcd3117191a8403c2002e13df7de,VASPCUST-S-0022,VASPCUST-B-0137,VERIFIED,VERIFIED,ETH,20.0,0x6872b6630a3afcd3117191a8403c2002e13df7de,2026-01-01T00:00:00+00:00,2026-12-31T23:59:59+00:00,ETH,0.11,0x6872b6630a3afcd3117191a8403c2002e13df7de,2026-09-07T01:13:59+00:00,0x45e20766455bf8b286ee10e2d6c3623ab6157e386f2edf71f4acd71810593498,0x45e20766455bf8b286ee10e2d6c3623ab6157e386f2edf71f4acd71810593498,UNKNOWN_STATUS_NOT_EXTRACTED,25921676,101,PASS
DA-V3-00446,0xae38b2153413f1f8438340963f298e39e3b25e04,0xdac17f958d2ee523a2206206994597c13d831ec7,VASPCUST-S-0023,VASPCUST-B-0138,VERIFIED,VERIFIED,ETH,0.05,0xdac17f958d2ee523a2206206994597c13d831ec7,2026-01-01T00:00:00+00:00,2026-12-31T23:59:59+00:00,ETH,5.69832802044e-07,0xdac17f958d2ee523a2206206994597c13d831ec7,2026-09-07T01:14:59+00:00,0x2f554ececcda0b3d8cbf628f51fcff65037ef1b1f88dc352d18f3de8e9f8b332,0x2f554ececcda0b3d8cbf628f51fcff65037ef1b1f88dc352d18f3de8e9f8b332,UNKNOWN_STATUS_NOT_EXTRACTED,25921676,144,PASS
DA-V3-00447,0x07bf9bd10ff08a73006bbd009e6a08f812444ba5,0x5dfe0ebf9c03b301d35ce028ee28357624fc69b1,VASPCUST-S-0024,VASPCUST-B-0139,VERIFIED,VERIFIED,ETH,0.25,0x5dfe0ebf9c03b301d35ce028ee28357624fc69b1,2026-01-01T00:00:00+00:00,2026-12-31T23:59:59+00:00,ETH,0.012,0x5dfe0ebf9c03b301d35ce028ee28357624fc69b1,2026-09-07T01:15:59+00:00,0x6b4376a22543e5d268be1aec8b2d577778afb34815d7e14eee7b898f43305468,0x6b4376a22543e5d268be1aec8b2d577778afb34815d7e14eee7b898f43305468,UNKNOWN_STATUS_NOT_EXTRACTED,25921676,187,PASS
DA-V3-00448,0x710b6f9c0646fdd373a4038bf25888dd0505e482,0xa0b86991c6218b36c1d19d4a2e9eb0ce3606eb48,VASPCUST-S-0025,VASPCUST-B-0140,VERIFIED,VERIFIED,ETH,1.0,0xa0b86991c6218b36c1d19d4a2e9eb0ce3606eb48,2026-01-01T00:00:00+00:00,2026-12-31T23:59:59+00:00,ETH,1e-09,0xa0b86991c6218b36c1d19d4a2e9eb0ce3606eb48,2026-09-07T01:16:47+00:00,0x627c243d5766e6ab3217f4c2e3ae09fa182d898f6785fa4d5c4441f1ff6726f9,0x627c243d5766e6ab3217f4c2e3ae09fa182d898f6785fa4d5c4441f1ff6726f9,UNKNOWN_STATUS_NOT_EXTRACTED,25921676,230,PASS
DA-V3-00449,0x8348121df3f5da925496b50d0b6a8a76151d5bb3,0xdac17f958d2ee523a2206206994597c13d831ec7,VASPCUST-S-0026,VASPCUST-B-0141,FAILED,VERIFIED,ETH,5.0,0xdac17f958d2ee523a2206206994597c13d831ec7,2026-01-01T00:00:00+00:00,2026-12-31T23:59:59+00:00,ETH,0.0994,0xdac17f958d2ee523a2206206994597c13d831ec7,2026-09-07T01:17:47+00:00,0x83591b6726856fe19fccfb0d23bfe99575ffa2b2e40c35766f4e3db6819f43c9,0x83591b6726856fe19fccfb0d23bfe99575ffa2b2e40c35766f4e3db6819f43c9,UNKNOWN_STATUS_NOT_EXTRACTED,25921676,273,REVIEW
DA-V3-00450,0x7ab54bec47947c788428988015f8b7a9ff19b641,0xbd216513d74c8cf14cf4747e6aaa6420ff64ee9e,VASPCUST-S-0027,VASPCUST-B-0142,VERIFIED,VERIFIED,ETH,20.0,0xbd216513d74c8cf14cf4747e6aaa6420ff64ee9e,2026-01-01T00:00:00+00:00,2026-12-31T23:59:59+00:00,ETH,0.003889741816608587,0xbd216513d74c8cf14cf4747e6aaa6420ff64ee9e,2026-09-07T01:18:47+00:00,0x4e926bc990859f10ab1e0b80e7bc2d524e1c328f31f025165cd918c93ddbf51c,0x4e926bc990859f10ab1e0b80e7bc2d524e1c328f31f025165cd918c93ddbf51c,UNKNOWN_STATUS_NOT_EXTRACTED,25921675,3,PASS
DA-V3-00451,0xb3e1c997d3f73086e7466b0a12f8bf3fcb98cc2c,0x514910771af9ca656af840dff83e8264ecf986ca,VASPCUST-S-0028,VASPCUST-B-0143,VERIFIED,VERIFIED,ETH,0.05,0x514910771af9ca656af840dff83e8264ecf986ca,2026-01-01T00:00:00+00:00,2026-12-31T23:59:59+00:00,ETH,0.0339469703780988,0x514910771af9ca656af840dff83e8264ecf986ca,2026-09-06T23:49:47+00:00,0x2b556d303a3f4aafe0b93d9a1abef4795f083636b61ed099718ffac7741f25cc,0x2b556d303a3f4aafe0b93d9a1abef4795f083636b61ed099718ffac7741f25cc,UNKNOWN_STATUS_NOT_EXTRACTED,25921675,46,PASS
DA-V3-00452,0xe8832a868c091263ed190a9f4be304a03895dd91,0x3b3ee1931dc30c1957379fac9aba94d1c48a5405,VASPCUST-S-0029,VASPCUST-B-0144,VERIFIED,UNKNOWN,ETH,0.25,0x3b3ee1931dc30c1957379fac9aba94d1c48a5405,2026-01-01T00:00:00+00:00,2026-12-31T23:59:59+00:00,ETH,0.800511578713759,0x3b3ee1931dc30c1957379fac9aba94d1c48a5405,2026-09-06T23:50:35+00:00,0x54958876e76408742f2e3ba90607fc111ae1542863b74c44aec6904140213fcd,0x54958876e76408742f2e3ba90607fc111ae1542863b74c44aec6904140213fcd,UNKNOWN_STATUS_NOT_EXTRACTED,25921675,89,REVIEW
DA-V3-00453,0x0d339e6fcdb66e81b431e7289fc750a3c6f75a3c,0x68b3465833fb72a70ecdf485e0e4c7bd8665fc45,VASPCUST-S-0030,VASPCUST-B-0145,VERIFIED,VERIFIED,ETH,1.0,0x68b3465833fb72a70ecdf485e0e4c7bd8665fc45,2026-01-01T00:00:00+00:00,2026-12-31T23:59:59+00:00,ETH,0.1,0x68b3465833fb72a70ecdf485e0e4c7bd8665fc45,2026-09-06T23:51:35+00:00,0xe5b4984405708eeaa8062f722dc8b70ff63ce10cec4bc8635c275edcc62a089a,0xe5b4984405708eeaa8062f722dc8b70ff63ce10cec4bc8635c275edcc62a089a,UNKNOWN_STATUS_NOT_EXTRACTED,25921675,132,PASS
DA-V3-00454,0xb5235acc3e0ab188a8b4e67e554a7dbd4d9daf52,0x0f5d2fb29fb7d3cfee444a200298f468908cc942,VASPCUST-S-0031,VASPCUST-B-0146,VERIFIED,VERIFIED,ETH,5.0,0x0f5d2fb29fb7d3cfee444a200298f468908cc942,2026-01-01T00:00:00+00:00,2026-12-31T23:59:59+00:00,ETH,0.004436,0x0f5d2fb29fb7d3cfee444a200298f468908cc942,2026-09-06T23:52:35+00:00,0xd3093a16c2f3620381cf8d2122a4b79107f40d043593d2e8eb9367a728221675,0xd3093a16c2f3620381cf8d2122a4b79107f40d043593d2e8eb9367a728221675,UNKNOWN_STATUS_NOT_EXTRACTED,25921675,175,PASS
DA-V3-00455,0xb28df16592965d35b614a27f0cf94aa99adf9fe7,0xdac17f958d2ee523a2206206994597c13d831ec7,VASPCUST-S-0032,VASPCUST-B-0147,VERIFIED,VERIFIED,ETH,20.0,0xdac17f958d2ee523a2206206994597c13d831ec7,2026-01-01T00:00:00+00:00,2026-12-31T23:59:59+00:00,ETH,1e-09,0xdac17f958d2ee523a2206206994597c13d831ec7,2026-09-06T23:53:35+00:00,0x58374f35751bdb94e1a5f689531327fe1c0d7437ac3913e1c0d0fdeb5bb5290a,0x58374f35751bdb94e1a5f689531327fe1c0d7437ac3913e1c0d0fdeb5bb5290a,UNKNOWN_STATUS_NOT_EXTRACTED,25921675,218,PASS
DA-V3-00456,0x7e68892f3d833416ceba99f20672225ca13f3650,0x3b3ee1931dc30c1957379fac9aba94d1c48a5405,VASPCUST-S-0033,VASPCUST-B-0148,VERIFIED,VERIFIED,ETH,0.05,0x3b3ee1931dc30c1957379fac9aba94d1c48a5405,2026-01-01T00:00:00+00:00,2026-12-31T23:59:59+00:00,ETH,2.19994,0x3b3ee1931dc30c1957379fac9aba94d1c48a5405,2026-09-06T23:54:35+00:00,0x9fee53aad3c857df9bb4921db914e0b450caa2270c8084aaba0af4ac93fbc00d,0x9fee53aad3c857df9bb4921db914e0b450caa2270c8084aaba0af4ac93fbc00d,UNKNOWN_STATUS_NOT_EXTRACTED,25921674,38,BLOCK
DA-V3-00457,0xd9d8f818a7a71ed0e1fe936b991508b0e88b1609,0x1ac24987e614e4e90f9ecd74af977f9a3ccb35e2,VASPCUST-S-0034,VASPCUST-B-0149,PENDING,VERIFIED,ETH,0.25,0x1ac24987e614e4e90f9ecd74af977f9a3ccb35e2,2026-01-01T00:00:00+00:00,2026-12-31T23:59:59+00:00,ETH,4.85466989205e-06,0x000000000000000000000000000000000000dEaD,2026-09-06T23:55:23+00:00,0x573e7b6eb7c11c42415f0261914027a2164bacb1fdf0329ade9fc4e027f5c554,0x573e7b6eb7c11c42415f0261914027a2164bacb1fdf0329ade9fc4e027f5c554,UNKNOWN_STATUS_NOT_EXTRACTED,25921674,81,REVIEW
DA-V3-00458,0x8f58efd6d87aeab892332e7ddbd25a588b8a83ca,0xb1d1eae60eea9525032a6dcb4c1ce336a1de71be,VASPCUST-S-0035,VASPCUST-B-0150,VERIFIED,VERIFIED,ETH,1.0,0xb1d1eae60eea9525032a6dcb4c1ce336a1de71be,2026-01-01T00:00:00+00:00,2026-12-31T23:59:59+00:00,ETH,1.900988141742e-06,0xb1d1eae60eea9525032a6dcb4c1ce336a1de71be,2026-09-06T23:56:23+00:00,0xb4fad87ff1c4247a0e772f93d43f45664d8b883cdf2de88ade420779b6845281,0xb4fad87ff1c4247a0e772f93d43f45664d8b883cdf2de88ade420779b6845281,UNKNOWN_STATUS_NOT_EXTRACTED,25921674,124,PASS
DA-V3-00459,0xde02157a7d9cdff5ba44cb1ba6f2a6e2b620103b,0x55d0fb70eda4705b03f68fda990b71155f144bd8,VASPCUST-S-0036,VASPCUST-B-0151,VERIFIED,VERIFIED,ETH,5.0,0x55d0fb70eda4705b03f68fda990b71155f144bd8,2026-01-01T00:00:00+00:00,2026-12-31T23:59:59+00:00,ETH,0.022679738983653,0x55d0fb70eda4705b03f68fda990b71155f144bd8,2026-09-06T23:57:23+00:00,0x8c58438c57f26827d20134c8200a07253f85c29faefdaa7ad13c10eb5ba2dd20,0x8c58438c57f26827d20134c8200a07253f85c29faefdaa7ad13c10eb5ba2dd20,UNKNOWN_STATUS_NOT_EXTRACTED,25921674,167,PASS
DA-V3-00460,0x46a4a89a1e8bb0c03fa880b99121326ba1142ba7,0xdac17f958d2ee523a2206206994597c13d831ec7,VASPCUST-S-0037,VASPCUST-B-0152,VERIFIED,VERIFIED,ETH,20.0,0xdac17f958d2ee523a2206206994597c13d831ec7,2026-01-01T00:00:00+00:00,2026-12-31T23:59:59+00:00,UNAPPROVED_TOKEN,0.021948624054309,0xdac17f958d2ee523a2206206994597c13d831ec7,2026-09-06T23:58:23+00:00,0x3d6abfbeaf67b2864baef2ceecb843ac042ea4c2ef6ae7673ca304fe1fc1d0a8,0x3d6abfbeaf67b2864baef2ceecb843ac042ea4c2ef6ae7673ca304fe1fc1d0a8,UNKNOWN_STATUS_NOT_EXTRACTED,25921674,210,BLOCK
DA-V3-00461,0xe8832a868c091263ed190a9f4be304a03895dd91,0x66a9893cc07d91d95644aedd05d03f95e1dba8af,VASPCUST-S-0038,VASPCUST-B-0153,VERIFIED,VERIFIED,ETH,0.05,0x66a9893cc07d91d95644aedd05d03f95e1dba8af,2026-01-01T00:00:00+00:00,2026-01-15T23:59:59+00:00,ETH,0.19942374549553127,0x66a9893cc07d91d95644aedd05d03f95e1dba8af,2026-09-06T23:59:23+00:00,0x04e1d32d056869489d810e1bf735f60d812833059e67d8f9f722684cf0a55598,0x04e1d32d056869489d810e1bf735f60d812833059e67d8f9f722684cf0a55598,UNKNOWN_STATUS_NOT_EXTRACTED,25921673,35,BLOCK
DA-V3-00462,0x4c766946e606c6bfd04fe7e913b932b4d1679b2e,0xd001ae433f254283fece51d4acce8c53263aa186,VASPCUST-S-0039,VASPCUST-B-0154,VERIFIED,VERIFIED,ETH,0.25,0xd001ae433f254283fece51d4acce8c53263aa186,2026-01-01T00:00:00+00:00,2026-12-31T23:59:59+00:00,ETH,0.004443105931837891,0xd001ae433f254283fece51d4acce8c53263aa186,2026-09-07T00:00:23+00:00,0x5a77a4186081d52a64c985fda2eb498f5cbef0bb5ea3ce0d56ccf0d6d176db43,0x5a77a4186081d52a64c985fda2eb498f5cbef0bb5ea3ce0d56ccf0d6d176db43,UNKNOWN_STATUS_NOT_EXTRACTED,25921673,78,PASS
DA-V3-00463,0x8d02bb7ffd0ae9f6cf9004f290edcc96cd58ba16,0xe28cac160c2a79dfa1fbd2169ac5fa5d061cf186,VASPCUST-S-0040,VASPCUST-B-0155,VERIFIED,UNKNOWN,ETH,1.0,0xe28cac160c2a79dfa1fbd2169ac5fa5d061cf186,2026-01-01T00:00:00+00:00,2026-12-31T23:59:59+00:00,ETH,0.040000980477673,0xe28cac160c2a79dfa1fbd2169ac5fa5d061cf186,2026-09-07T00:01:23+00:00,0xa454115acf2403d534384cb7e6d1bb46a240f8e7932d7bcd07c1c994551bfe64,0xa454115acf2403d534384cb7e6d1bb46a240f8e7932d7bcd07c1c994551bfe64,UNKNOWN_STATUS_NOT_EXTRACTED,25921673,121,REVIEW
DA-V3-00464,0x3b6d695607db2d8f085b44cc3ecac9db7e313c5b,0x7617e89185822f48dfdf7c4cce8c122324191f31,VASPCUST-S-0041,VASPCUST-B-0156,VERIFIED,VERIFIED,ETH,5.0,0x7617e89185822f48dfdf7c4cce8c122324191f31,2026-01-01T00:00:00+00:00,2026-12-31T23:59:59+00:00,ETH,2.5921657e-11,0x7617e89185822f48dfdf7c4cce8c122324191f31,2026-09-07T00:02:11+00:00,0xe9a0306c1f90d39021dca36ab765fa36bcfb5459a3859637a656fdf1c1056ec7,0xe9a0306c1f90d39021dca36ab765fa36bcfb5459a3859637a656fdf1c1056ec7,UNKNOWN_STATUS_NOT_EXTRACTED,25921673,164,PASS
DA-V3-00465,0xae5397045a5c1928c12647d8eb747aa05d7e30f1,0xdac17f958d2ee523a2206206994597c13d831ec7,VASPCUST-S-0042,VASPCUST-B-0157,FAILED,VERIFIED,ETH,20.0,0xdac17f958d2ee523a2206206994597c13d831ec7,2026-01-01T00:00:00+00:00,2026-12-31T23:59:59+00:00,ETH,6.4964903e-06,0xdac17f958d2ee523a2206206994597c13d831ec7,2026-09-07T00:03:11+00:00,0x5c6725cbb53d45d9eade40de466c57d14c9e7df404c18382bcbeaa9e1f67e3d1,0x5c6725cbb53d45d9eade40de466c57d14c9e7df404c18382bcbeaa9e1f67e3d1,UNKNOWN_STATUS_NOT_EXTRACTED,25921673,207,REVIEW
DA-V3-00466,0xb1c22647c5dff6bdf0ec84b303164e7b7d6a833b,0x3e8282bd1bfabd23249701e978e9db3df3d7073a,VASPCUST-S-0043,VASPCUST-B-0158,VERIFIED,VERIFIED,ETH,0.05,0x3e8282bd1bfabd23249701e978e9db3df3d7073a,2026-01-01T00:00:00+00:00,2026-12-31T23:59:59+00:00,ETH,0.001,0x3e8282bd1bfabd23249701e978e9db3df3d7073a,2026-09-07T00:04:11+00:00,0x6e2340336f7ef224b9d329e068cf43c282e6079747bc0b484b5616e631eacb96,0x6e2340336f7ef224b9d329e068cf43c282e6079747bc0b484b5616e631eacb96,UNKNOWN_STATUS_NOT_EXTRACTED,25921673,250,PASS
DA-V3-00467,0xbb2f33f73ccc2c74e3fb9bb8eb75241ac15337e0,0xdac17f958d2ee523a2206206994597c13d831ec7,VASPCUST-S-0044,VASPCUST-B-0159,VERIFIED,VERIFIED,ETH,0.25,0xdac17f958d2ee523a2206206994597c13d831ec7,2026-01-01T00:00:00+00:00,2026-12-31T23:59:59+00:00,ETH,1e-09,0xdac17f958d2ee523a2206206994597c13d831ec7,2026-09-07T00:05:11+00:00,0xb5b3ed223c552eba2e389558a9257cbb53bb850acfffb9d50a47341145b49257,0xb5b3ed223c552eba2e389558a9257cbb53bb850acfffb9d50a47341145b49257,UNKNOWN_STATUS_NOT_EXTRACTED,25921673,293,PASS
DA-V3-00468,0x7e14cef7bb8a8ab483bad8f4ecd31599c713f8f0,0xdac17f958d2ee523a2206206994597c13d831ec7,VASPCUST-S-0045,VASPCUST-B-0160,VERIFIED,VERIFIED,ETH,1.0,0xdac17f958d2ee523a2206206994597c13d831ec7,2026-01-01T00:00:00+00:00,2026-12-31T23:59:59+00:00,ETH,0.01498477,0xdac17f958d2ee523a2206206994597c13d831ec7,2026-09-07T00:06:11+00:00,0x7fddc65a016ea819a54a4884c7925dbf9f94df08d4d52fba7c01dbea82a16d7f,0x7fddc65a016ea819a54a4884c7925dbf9f94df08d4d52fba7c01dbea82a16d7f,UNKNOWN_STATUS_NOT_EXTRACTED,25921673,336,PASS
DA-V3-00469,0x28c6c06298d514db089934071355e5743bf21d60,0xb58e61c3098d85632df34eecfb899a1ed80921cb,VASPCUST-S-0046,VASPCUST-B-0161,VERIFIED,VERIFIED,ETH,5.0,0xb58e61c3098d85632df34eecfb899a1ed80921cb,2026-01-01T00:00:00+00:00,2026-12-31T23:59:59+00:00,ETH,0.04,0xb58e61c3098d85632df34eecfb899a1ed80921cb,2026-09-07T00:07:11+00:00,0xa12122eba81ab8b977b5dd11cf0f47621e594d268a8d0d78da0b4ef84eae9e28,0xa12122eba81ab8b977b5dd11cf0f47621e594d268a8d0d78da0b4ef84eae9e28,UNKNOWN_STATUS_NOT_EXTRACTED,25921672,34,PASS
DA-V3-00470,0x61b487ea6fa8d80b9fec6e19c41b7a1b193d4b83,0xdac17f958d2ee523a2206206994597c13d831ec7,VASPCUST-S-0047,VASPCUST-B-0162,VERIFIED,VERIFIED,ETH,20.0,0xdac17f958d2ee523a2206206994597c13d831ec7,2026-01-01T00:00:00+00:00,2026-12-31T23:59:59+00:00,ETH,4.638651701464e-06,0xdac17f958d2ee523a2206206994597c13d831ec7,2026-09-07T00:08:11+00:00,0x2c03a7a11ba012e8d0062cbafa698f9f89073ed0500eea4af63c347821ef595b,0x2c03a7a11ba012e8d0062cbafa698f9f89073ed0500eea4af63c347821ef595b,UNKNOWN_STATUS_NOT_EXTRACTED,25921672,77,PASS
DA-V3-00471,0x4de6c95f550ba00e0c7666794e611fdf459c8de8,0xdac17f958d2ee523a2206206994597c13d831ec7,VASPCUST-S-0048,VASPCUST-B-0163,VERIFIED,VERIFIED,ETH,0.05,0xdac17f958d2ee523a2206206994597c13d831ec7,2026-01-01T00:00:00+00:00,2026-12-31T23:59:59+00:00,ETH,2.793586377e-09,0xdac17f958d2ee523a2206206994597c13d831ec7,2026-09-07T00:09:11+00:00,0x48c799cf0231da2f047e2e08b504f3b948e3a094b2826316da3f52c2e74b685e,0x48c799cf0231da2f047e2e08b504f3b948e3a094b2826316da3f52c2e74b685e,UNKNOWN_STATUS_NOT_EXTRACTED,25921672,120,PASS
DA-V3-00472,0x4b9942e33a46a5965909f692b94a76fb228419ed,0xaadb3b2a43556b83cd2a758e5b4593acf9397c77,VASPCUST-S-0049,VASPCUST-B-0164,VERIFIED,VERIFIED,ETH,0.25,0xaadb3b2a43556b83cd2a758e5b4593acf9397c77,2026-01-01T00:00:00+00:00,2026-12-31T23:59:59+00:00,ETH,0.00991135240627008,0xaadb3b2a43556b83cd2a758e5b4593acf9397c77,2026-09-07T00:09:59+00:00,0xdf2cbf052e2c70737607e1972aaec5b73c6aa3ffac434aec13a31ec14e6acbdb,0xdf2cbf052e2c70737607e1972aaec5b73c6aa3ffac434aec13a31ec14e6acbdb,UNKNOWN_STATUS_NOT_EXTRACTED,25921672,163,PASS
DA-V3-00473,0xb62b97fa3f499dfd858e9b826fb26e6456e0b180,0x6c3ea9036406852006290770bedfcaba0e23a0e8,VASPCUST-S-0050,VASPCUST-B-0165,PENDING,VERIFIED,ETH,1.0,0x6c3ea9036406852006290770bedfcaba0e23a0e8,2026-01-01T00:00:00+00:00,2026-12-31T23:59:59+00:00,ETH,1e-09,0x6c3ea9036406852006290770bedfcaba0e23a0e8,2026-09-07T00:10:59+00:00,0xc0b4b85d18eba8fd73e30d468483b0ebd10fdf4bf1edddce045c488b7da531e1,0xc0b4b85d18eba8fd73e30d468483b0ebd10fdf4bf1edddce045c488b7da531e1,UNKNOWN_STATUS_NOT_EXTRACTED,25921672,206,REVIEW
DA-V3-00474,0x19b7ee58feeaa11db9c4c089c7ecf7ecfa857420,0xdac17f958d2ee523a2206206994597c13d831ec7,VASPCUST-S-0051,VASPCUST-B-0166,VERIFIED,UNKNOWN,ETH,5.0,0xdac17f958d2ee523a2206206994597c13d831ec7,2026-01-01T00:00:00+00:00,2026-12-31T23:59:59+00:00,ETH,0.05449612455016793,0xdac17f958d2ee523a2206206994597c13d831ec7,2026-09-07T00:11:59+00:00,0xe8fd95a22db757a998908bbf1c3e316d9a8b59ccaf6905de1349f0b3d285bb4e,0xe8fd95a22db757a998908bbf1c3e316d9a8b59ccaf6905de1349f0b3d285bb4e,UNKNOWN_STATUS_NOT_EXTRACTED,25921672,249,REVIEW
DA-V3-00475,0xfeed46c11f57b7126a773eec6ae9ca7ae1c03c9a,0x37d2faa7b70a07f0a9e86ea4606505ef9730c1a6,VASPCUST-S-0052,VASPCUST-B-0167,VERIFIED,VERIFIED,ETH,20.0,0x37d2faa7b70a07f0a9e86ea4606505ef9730c1a6,2026-01-01T00:00:00+00:00,2026-12-31T23:59:59+00:00,ETH,0.006503348912199865,0x37d2faa7b70a07f0a9e86ea4606505ef9730c1a6,2026-09-07T00:12:59+00:00,0xb1ca869691e9c936fe3f959408bd00ddf4702234cec2ca093f9400a8b2154d30,0xb1ca869691e9c936fe3f959408bd00ddf4702234cec2ca093f9400a8b2154d30,UNKNOWN_STATUS_NOT_EXTRACTED,25921672,292,PASS
DA-V3-00476,0x690e269e2d6326593472e984ceceff0c7db835a5,0xdac17f958d2ee523a2206206994597c13d831ec7,VASPCUST-S-0053,VASPCUST-B-0168,VERIFIED,VERIFIED,ETH,0.05,0xdac17f958d2ee523a2206206994597c13d831ec7,2026-01-01T00:00:00+00:00,2026-12-31T23:59:59+00:00,ETH,0.003539694304391496,0x000000000000000000000000000000000000dEaD,2026-09-07T00:13:59+00:00,0xfeb3fb89175963cc5d9fe9b140f9344224562f3e69f84ead93099261e635df89,0xfeb3fb89175963cc5d9fe9b140f9344224562f3e69f84ead93099261e635df89,UNKNOWN_STATUS_NOT_EXTRACTED,25921672,335,BLOCK
DA-V3-00477,0xd47a1bdc6872ad2fd16e50149baa9924c653e624,0x1be893ab888c130cf3bac6140fc5802e6ffcc53f,VASPCUST-S-0054,VASPCUST-B-0169,VERIFIED,VERIFIED,ETH,0.25,0x1be893ab888c130cf3bac6140fc5802e6ffcc53f,2026-01-01T00:00:00+00:00,2026-12-31T23:59:59+00:00,UNAPPROVED_TOKEN,1e-09,0x1be893ab888c130cf3bac6140fc5802e6ffcc53f,2026-09-07T00:14:47+00:00,0x9e51ddcdcbf2c16f827a4d05e9ccb808f367408c212b8f88226999db3eb4a29c,0x9e51ddcdcbf2c16f827a4d05e9ccb808f367408c212b8f88226999db3eb4a29c,UNKNOWN_STATUS_NOT_EXTRACTED,25921671,40,BLOCK
DA-V3-00478,0xf9bf1cd52c00a0f611432943b0499bdeff9ade28,0x60943cb06b76a24431659165c81a03c16f1c325c,VASPCUST-S-0055,VASPCUST-B-0170,VERIFIED,VERIFIED,ETH,1.0,0x60943cb06b76a24431659165c81a03c16f1c325c,2026-01-01T00:00:00+00:00,2026-12-31T23:59:59+00:00,ETH,0.04,0x60943cb06b76a24431659165c81a03c16f1c325c,2026-09-07T00:15:47+00:00,0x3caacb694497a1f5ed6a0f51700fb8ee9406481a0b5fbfe0b31ddf5ae75318be,0x3caacb694497a1f5ed6a0f51700fb8ee9406481a0b5fbfe0b31ddf5ae75318be,UNKNOWN_STATUS_NOT_EXTRACTED,25921671,83,PASS
DA-V3-00479,0x0c040b09607be51f067566d7216da8e9fe90b460,0xebfb65a5ee11305de5a63de49c2f2b23b2b92917,VASPCUST-S-0056,VASPCUST-B-0171,VERIFIED,VERIFIED,ETH,5.0,0xebfb65a5ee11305de5a63de49c2f2b23b2b92917,2026-01-01T00:00:00+00:00,2026-12-31T23:59:59+00:00,ETH,0.000195,0xebfb65a5ee11305de5a63de49c2f2b23b2b92917,2026-09-07T00:16:47+00:00,0xf73d5e0c1c3a7e0795e569d0fbb522c89dffafcfb7e3417f8dbde595186eb40e,0xf73d5e0c1c3a7e0795e569d0fbb522c89dffafcfb7e3417f8dbde595186eb40e,UNKNOWN_STATUS_NOT_EXTRACTED,25921671,126,PASS
DA-V3-00480,0x07a46d8e4897b2cec492bb5122d2b2251d561a87,0x1231deb6f5749ef6ce6943a275a1d3e7486f4eae,VASPCUST-S-0057,VASPCUST-B-0172,VERIFIED,VERIFIED,ETH,20.0,0x1231deb6f5749ef6ce6943a275a1d3e7486f4eae,2026-01-01T00:00:00+00:00,2026-12-31T23:59:59+00:00,ETH,5.6790211247663e-05,0x1231deb6f5749ef6ce6943a275a1d3e7486f4eae,2026-09-07T00:17:47+00:00,0x16cfa4cfa35b25a43ebe4ad356817930015d8ba268ce443e3dc904885842693e,0x16cfa4cfa35b25a43ebe4ad356817930015d8ba268ce443e3dc904885842693e,UNKNOWN_STATUS_NOT_EXTRACTED,25921671,169,PASS
DA-V3-00481,0xab0290364a026fd8ef7fe26bbfcb2fb755900eef,0xdac17f958d2ee523a2206206994597c13d831ec7,VASPCUST-S-0058,VASPCUST-B-0173,FAILED,VERIFIED,ETH,0.05,0xdac17f958d2ee523a2206206994597c13d831ec7,2026-01-01T00:00:00+00:00,2026-12-31T23:59:59+00:00,ETH,0.000272041682356884,0xdac17f958d2ee523a2206206994597c13d831ec7,2026-09-07T00:18:47+00:00,0x0d285486af1b82b632e9017fec7897f0ca8ced769a6f08f7f6421c50badef0b0,0x0d285486af1b82b632e9017fec7897f0ca8ced769a6f08f7f6421c50badef0b0,UNKNOWN_STATUS_NOT_EXTRACTED,25921670,34,REVIEW
DA-V3-00482,0x6ba25b6f5e408c305bc33f94e87ff520fa067d17,0x45312ea0eff7e09c83cbe249fa1d7598c4c8cd4e,VASPCUST-S-0059,VASPCUST-B-0174,VERIFIED,VERIFIED,ETH,0.25,0x45312ea0eff7e09c83cbe249fa1d7598c4c8cd4e,2026-01-01T00:00:00+00:00,2026-12-31T23:59:59+00:00,ETH,0.03029057,0x45312ea0eff7e09c83cbe249fa1d7598c4c8cd4e,2026-09-07T00:19:35+00:00,0x7b3b12935433279a9c148b55c75bc26ebb6501c5e5b96e42b2e3266d52316c06,0x7b3b12935433279a9c148b55c75bc26ebb6501c5e5b96e42b2e3266d52316c06,UNKNOWN_STATUS_NOT_EXTRACTED,25921670,77,PASS
DA-V3-00483,0x50e57555a2a215a850de0f08bdb6f917253e19ed,0xdac17f958d2ee523a2206206994597c13d831ec7,VASPCUST-S-0060,VASPCUST-B-0175,VERIFIED,VERIFIED,ETH,1.0,0xdac17f958d2ee523a2206206994597c13d831ec7,2026-01-01T00:00:00+00:00,2026-12-31T23:59:59+00:00,ETH,0.003383175031503551,0xdac17f958d2ee523a2206206994597c13d831ec7,2026-09-07T00:20:35+00:00,0x1afe9688f4b7995266c0e2521aea561492ebc15938b8d364c2d6c26e9e4e2dc8,0x1afe9688f4b7995266c0e2521aea561492ebc15938b8d364c2d6c26e9e4e2dc8,UNKNOWN_STATUS_NOT_EXTRACTED,25921670,120,PASS
DA-V3-00484,0x9f33171ebcf4e92b74fa84a0cf01999de7c931bb,0x87870bca3f3fd6335c3f4ce8392d69350b4fa4e2,VASPCUST-S-0061,VASPCUST-B-0176,VERIFIED,VERIFIED,ETH,5.0,0x87870bca3f3fd6335c3f4ce8392d69350b4fa4e2,2026-01-01T00:00:00+00:00,2026-01-15T23:59:59+00:00,ETH,0.3009763052917391,0x87870bca3f3fd6335c3f4ce8392d69350b4fa4e2,2026-09-07T00:21:35+00:00,0x6b28f02bc06f5b6db49359cf23f254017f3050c6ef264d8c3c87dbaff8fc8eb2,0x6b28f02bc06f5b6db49359cf23f254017f3050c6ef264d8c3c87dbaff8fc8eb2,UNKNOWN_STATUS_NOT_EXTRACTED,25921670,163,PASS
DA-V3-00485,0xc711f8acc65306d4f16f874fe88c43ef23504f5c,0x66a9893cc07d91d95644aedd05d03f95e1dba8af,VASPCUST-S-0062,VASPCUST-B-0177,VERIFIED,UNKNOWN,ETH,20.0,0x66a9893cc07d91d95644aedd05d03f95e1dba8af,2026-01-01T00:00:00+00:00,2026-12-31T23:59:59+00:00,ETH,0.01515139,0x66a9893cc07d91d95644aedd05d03f95e1dba8af,2026-09-07T00:22:35+00:00,0xc442c3a74fd11938666c3c2a25a7faa1b891033ca2d1a0a60d22ad07ab37d5ba,0xc442c3a74fd11938666c3c2a25a7faa1b891033ca2d1a0a60d22ad07ab37d5ba,UNKNOWN_STATUS_NOT_EXTRACTED,25921670,206,REVIEW
DA-V3-00486,0xce54f65abb8b61b83c14cbe97de97fce75bbf556,0xdac17f958d2ee523a2206206994597c13d831ec7,VASPCUST-S-0063,VASPCUST-B-0178,VERIFIED,VERIFIED,ETH,0.05,0xdac17f958d2ee523a2206206994597c13d831ec7,2026-01-01T00:00:00+00:00,2026-12-31T23:59:59+00:00,ETH,0.009994364835745,0xdac17f958d2ee523a2206206994597c13d831ec7,2026-09-07T00:23:35+00:00,0xb37fc43ca7bd7b713680899dd1cc634bba360127878c279fb6c802e016ec5ac3,0xb37fc43ca7bd7b713680899dd1cc634bba360127878c279fb6c802e016ec5ac3,UNKNOWN_STATUS_NOT_EXTRACTED,25921670,249,PASS
DA-V3-00487,0xb03feca507224d3da5f7e703782a052bc6b19edb,0xa0b86991c6218b36c1d19d4a2e9eb0ce3606eb48,VASPCUST-S-0064,VASPCUST-B-0179,VERIFIED,VERIFIED,ETH,0.25,0xa0b86991c6218b36c1d19d4a2e9eb0ce3606eb48,2026-01-01T00:00:00+00:00,2026-12-31T23:59:59+00:00,ETH,0.000204648401049845,0xa0b86991c6218b36c1d19d4a2e9eb0ce3606eb48,2026-09-07T00:24:35+00:00,0x7e319d895922c5162519431993a5365e5107b14c73fbe10ea265a44ae063351d,0x7e319d895922c5162519431993a5365e5107b14c73fbe10ea265a44ae063351d,UNKNOWN_STATUS_NOT_EXTRACTED,25921670,292,PASS
DA-V3-00488,0x91c78270162aa4c894a207538f8e2f7b4e39e48c,0xd79df36587505d3ad97b4ece1225980b00d56a01,VASPCUST-S-0065,VASPCUST-B-0180,VERIFIED,VERIFIED,ETH,1.0,0xd79df36587505d3ad97b4ece1225980b00d56a01,2026-01-01T00:00:00+00:00,2026-12-31T23:59:59+00:00,ETH,0.04,0xd79df36587505d3ad97b4ece1225980b00d56a01,2026-09-07T00:25:35+00:00,0xa842953caea0fa2957c08096a6e778233b351f1bf2520ae6f1a5ac37e090df21,0xa842953caea0fa2957c08096a6e778233b351f1bf2520ae6f1a5ac37e090df21,UNKNOWN_STATUS_NOT_EXTRACTED,25921670,335,PASS
DA-V3-00489,0x4337017d2e3f5e4160a27f6fdbdc38719343c62f,0x721829f8217798d06a3a34ab1845bb53e96ed270,VASPCUST-S-0066,VASPCUST-B-0181,PENDING,VERIFIED,ETH,5.0,0x721829f8217798d06a3a34ab1845bb53e96ed270,2026-01-01T00:00:00+00:00,2026-12-31T23:59:59+00:00,ETH,0.17,0x721829f8217798d06a3a34ab1845bb53e96ed270,2026-09-07T00:26:23+00:00,0x947c3d970230fc7ee3f808ec56c6b407657da8d8aea20663f2d930669b8441c7,0x947c3d970230fc7ee3f808ec56c6b407657da8d8aea20663f2d930669b8441c7,UNKNOWN_STATUS_NOT_EXTRACTED,25921670,378,REVIEW
DA-V3-00490,0xf856d7b9025907f441fe60232f84f6b61476942a,0x6c3ea9036406852006290770bedfcaba0e23a0e8,VASPCUST-S-0067,VASPCUST-B-0182,VERIFIED,VERIFIED,ETH,20.0,0x6c3ea9036406852006290770bedfcaba0e23a0e8,2026-01-01T00:00:00+00:00,2026-12-31T23:59:59+00:00,ETH,0.005610954810134646,0x6c3ea9036406852006290770bedfcaba0e23a0e8,2026-09-07T00:27:23+00:00,0xdb301f1eff4cf265ad9d3dff6aace9221463f8195eecf2cd93e1293470db1246,0xdb301f1eff4cf265ad9d3dff6aace9221463f8195eecf2cd93e1293470db1246,UNKNOWN_STATUS_NOT_EXTRACTED,25921670,421,PASS
DA-V3-00491,0x823e2b195624af246b176986ba8bdc0ba0f73e71,0xdac17f958d2ee523a2206206994597c13d831ec7,VASPCUST-S-0068,VASPCUST-B-0183,VERIFIED,VERIFIED,ETH,0.05,0xdac17f958d2ee523a2206206994597c13d831ec7,2026-01-01T00:00:00+00:00,2026-12-31T23:59:59+00:00,ETH,0.2499980522267887,0xdac17f958d2ee523a2206206994597c13d831ec7,2026-09-07T00:28:23+00:00,0x5091d1cb0aa08d12948fc7d53c73b05e06a6277ee5c794385120448a94a12266,0x5091d1cb0aa08d12948fc7d53c73b05e06a6277ee5c794385120448a94a12266,UNKNOWN_STATUS_NOT_EXTRACTED,25921670,464,BLOCK
DA-V3-00492,0x1ea2d0135e01e087715f6b518b074b691b62662b,0x0f63ebdf4e2cc35bc395dda17326a08518796da2,VASPCUST-S-0069,VASPCUST-B-0184,VERIFIED,VERIFIED,ETH,0.25,0x0f63ebdf4e2cc35bc395dda17326a08518796da2,2026-01-01T00:00:00+00:00,2026-12-31T23:59:59+00:00,ETH,0.00165,0x0f63ebdf4e2cc35bc395dda17326a08518796da2,2026-09-07T00:29:23+00:00,0x168ac70c25cf787886ecd7e3b1534b941f144f44c54a04cf452648291e151b65,0x168ac70c25cf787886ecd7e3b1534b941f144f44c54a04cf452648291e151b65,UNKNOWN_STATUS_NOT_EXTRACTED,25921670,507,PASS
DA-V3-00493,0x9736603a31cf71efcb62631cc28f60bcbd31d565,0xda3b7ab48fe7f77e9ef761e0a0933128a1f2392d,VASPCUST-S-0070,VASPCUST-B-0185,VERIFIED,VERIFIED,ETH,1.0,0xda3b7ab48fe7f77e9ef761e0a0933128a1f2392d,2026-01-01T00:00:00+00:00,2026-12-31T23:59:59+00:00,ETH,0.0041,0xda3b7ab48fe7f77e9ef761e0a0933128a1f2392d,2026-09-07T00:30:23+00:00,0x79b1621f50d1a5063b1fa0badd774afb19553d10b08cf618919e0559203c9743,0x79b1621f50d1a5063b1fa0badd774afb19553d10b08cf618919e0559203c9743,UNKNOWN_STATUS_NOT_EXTRACTED,25921669,42,PASS
DA-V3-00494,0xa77ee901eb5629380ce9d9aeb4a7339bad25c1a4,0x1c9483ea5c2dd5dd43198522845cd0209b63139f,VASPCUST-S-0071,VASPCUST-B-0186,VERIFIED,VERIFIED,ETH,5.0,0x1c9483ea5c2dd5dd43198522845cd0209b63139f,2026-01-01T00:00:00+00:00,2026-12-31T23:59:59+00:00,UNAPPROVED_TOKEN,2.18675e-06,0x1c9483ea5c2dd5dd43198522845cd0209b63139f,2026-09-07T00:31:23+00:00,0xab740a9defd2783a6334436780b0c7132849bd53c1bfc8701d96539adba40afd,0xab740a9defd2783a6334436780b0c7132849bd53c1bfc8701d96539adba40afd,UNKNOWN_STATUS_NOT_EXTRACTED,25921669,85,BLOCK
DA-V3-00495,0x590c5f7a344cb81c58371be1a3a7ab86d2545175,0x487cab40f6d11a278fa7c442c6741eabe44eab5d,VASPCUST-S-0072,VASPCUST-B-0187,VERIFIED,VERIFIED,ETH,20.0,0x487cab40f6d11a278fa7c442c6741eabe44eab5d,2026-01-01T00:00:00+00:00,2026-12-31T23:59:59+00:00,ETH,0.02,0x000000000000000000000000000000000000dEaD,2026-09-07T00:32:23+00:00,0x12c837f6941038513d695d6612d2c908cae91de1e37b6e5cabb4100cbc0aedb5,0x12c837f6941038513d695d6612d2c908cae91de1e37b6e5cabb4100cbc0aedb5,UNKNOWN_STATUS_NOT_EXTRACTED,25921669,128,BLOCK
DA-V3-00496,0xd994c467fa6c6554a9b0b6808b16f0f957fa1681,0xdac17f958d2ee523a2206206994597c13d831ec7,VASPCUST-S-0073,VASPCUST-B-0188,VERIFIED,UNKNOWN,ETH,0.05,0xdac17f958d2ee523a2206206994597c13d831ec7,2026-01-01T00:00:00+00:00,2026-12-31T23:59:59+00:00,ETH,0.0159263,0xdac17f958d2ee523a2206206994597c13d831ec7,2026-09-07T00:33:23+00:00,0x87ac57a7783ceef44073ce4cff9cc3c36eb2354fa50835b5c1df9435d766b7b4,0x87ac57a7783ceef44073ce4cff9cc3c36eb2354fa50835b5c1df9435d766b7b4,UNKNOWN_STATUS_NOT_EXTRACTED,25921668,24,REVIEW
DA-V3-00497,0x28c6c06298d514db089934071355e5743bf21d60,0xeb943c230218e0da7b2ca18b81f7eb7fbbbe9665,VASPCUST-S-0074,VASPCUST-B-0189,FAILED,VERIFIED,ETH,0.25,0xeb943c230218e0da7b2ca18b81f7eb7fbbbe9665,2026-01-01T00:00:00+00:00,2026-12-31T23:59:59+00:00,ETH,0.059596,0xeb943c230218e0da7b2ca18b81f7eb7fbbbe9665,2026-09-07T00:34:11+00:00,0x187063d0e4f04000b806ed9eb2ffcf9719eb5ab1151ab76a55a282072bab2f7a,0x187063d0e4f04000b806ed9eb2ffcf9719eb5ab1151ab76a55a282072bab2f7a,UNKNOWN_STATUS_NOT_EXTRACTED,25921668,67,REVIEW
DA-V3-00498,0x82a53178e7a7e454ab31eea6063fdca338418f74,0xa0b86991c6218b36c1d19d4a2e9eb0ce3606eb48,VASPCUST-S-0075,VASPCUST-B-0190,VERIFIED,VERIFIED,ETH,1.0,0xa0b86991c6218b36c1d19d4a2e9eb0ce3606eb48,2026-01-01T00:00:00+00:00,2026-12-31T23:59:59+00:00,ETH,4.3810339451e-06,0xa0b86991c6218b36c1d19d4a2e9eb0ce3606eb48,2026-09-07T00:35:11+00:00,0x9a841ace1c71d2367e3493f13ac7de9756fd3dd0b2697cfc3db51c01c52176c5,0x9a841ace1c71d2367e3493f13ac7de9756fd3dd0b2697cfc3db51c01c52176c5,UNKNOWN_STATUS_NOT_EXTRACTED,25921668,110,PASS
DA-V3-00499,0x18dd3c14e34c1bc379f7538068c59160d9f68e25,0xb02016102e7ab27bce2c3087392098a09c2f0f2a,VASPCUST-S-0076,VASPCUST-B-0191,VERIFIED,VERIFIED,ETH,5.0,0xb02016102e7ab27bce2c3087392098a09c2f0f2a,2026-01-01T00:00:00+00:00,2026-12-31T23:59:59+00:00,ETH,0.048969151539322,0xb02016102e7ab27bce2c3087392098a09c2f0f2a,2026-09-07T00:36:11+00:00,0xf223ed62609fd6cf41a2573cf2b96e0b31d0a3b3c2f51534a28d46eea9b84fae,0xf223ed62609fd6cf41a2573cf2b96e0b31d0a3b3c2f51534a28d46eea9b84fae,UNKNOWN_STATUS_NOT_EXTRACTED,25921668,153,PASS
DA-V3-00500,0x91604f590d66ace8975eed6bd16cf55647d1c499,0xeb943c230218e0da7b2ca18b81f7eb7fbbbe9665,VASPCUST-S-0077,VASPCUST-B-0192,VERIFIED,VERIFIED,ETH,20.0,0xeb943c230218e0da7b2ca18b81f7eb7fbbbe9665,2026-01-01T00:00:00+00:00,2026-12-31T23:59:59+00:00,ETH,0.00079569,0xeb943c230218e0da7b2ca18b81f7eb7fbbbe9665,2026-09-07T00:37:11+00:00,0x43fc6af16fb1cfb026ddc8bc292e9d5a442b1bb2e257a94263f7d145ddca2f90,0x43fc6af16fb1cfb026ddc8bc292e9d5a442b1bb2e257a94263f7d145ddca2f90,UNKNOWN_STATUS_NOT_EXTRACTED,25921668,196,PASS
DA-V3-00501,0xbb2f33f73ccc2c74e3fb9bb8eb75241ac15337e0,0x111111125421ca6dc452d289314280a0f8842a65,VASPCUST-S-0078,VASPCUST-B-0193,VERIFIED,VERIFIED,ETH,0.05,0x111111125421ca6dc452d289314280a0f8842a65,2026-01-01T00:00:00+00:00,2026-12-31T23:59:59+00:00,ETH,3.4683326503999e-05,0x111111125421ca6dc452d289314280a0f8842a65,2026-09-07T00:38:11+00:00,0x1bfdd1e51277f8923caea617f9d8ef3eb6840888ef54a16b21053ae7890ce07a,0x1bfdd1e51277f8923caea617f9d8ef3eb6840888ef54a16b21053ae7890ce07a,UNKNOWN_STATUS_NOT_EXTRACTED,25921667,11,PASS
DA-V3-00502,0x866f1accacac3a2ec668b9c9741c5e9cf42fc383,0x4c9af439b1a6761b8e549d8d226a468a6b2803a8,VASPCUST-S-0079,VASPCUST-B-0194,VERIFIED,VERIFIED,ETH,0.25,0x4c9af439b1a6761b8e549d8d226a468a6b2803a8,2026-01-01T00:00:00+00:00,2026-12-31T23:59:59+00:00,ETH,0.002921584861991608,0x4c9af439b1a6761b8e549d8d226a468a6b2803a8,2026-09-07T00:39:11+00:00,0x23a3ce4234ee0e81e90c11a817cd8cc2ae1efef24b0b19a6ffab8817c18b8f2e,0x23a3ce4234ee0e81e90c11a817cd8cc2ae1efef24b0b19a6ffab8817c18b8f2e,UNKNOWN_STATUS_NOT_EXTRACTED,25921667,54,PASS
DA-V3-00503,0x81e3add2b2b6ee38558c8c5a347d4f79e7aeb98e,0x81d40f21f12a8f0e3252bccb954d722d4c464b64,VASPCUST-S-0080,VASPCUST-B-0195,VERIFIED,VERIFIED,ETH,1.0,0x81d40f21f12a8f0e3252bccb954d722d4c464b64,2026-01-01T00:00:00+00:00,2026-12-31T23:59:59+00:00,ETH,0.022148029804912536,0x81d40f21f12a8f0e3252bccb954d722d4c464b64,2026-09-07T00:40:11+00:00,0xf91063b73731ae0de66b2343a2b187caaedd5e976b392b4ee6dc45f6e4babbd9,0xf91063b73731ae0de66b2343a2b187caaedd5e976b392b4ee6dc45f6e4babbd9,UNKNOWN_STATUS_NOT_EXTRACTED,25921667,97,PASS
DA-V3-00504,0xa35fc1a61ea4f13188d3cdbef07bae7d735289eb,0x278d858f05b94576c1e6f73285886876ff6ef8d2,VASPCUST-S-0081,VASPCUST-B-0196,VERIFIED,VERIFIED,ETH,5.0,0x278d858f05b94576c1e6f73285886876ff6ef8d2,2026-01-01T00:00:00+00:00,2026-12-31T23:59:59+00:00,ETH,0.02784213682041,0x278d858f05b94576c1e6f73285886876ff6ef8d2,2026-09-07T00:41:11+00:00,0xa0132d4bb9459ac84f8bcf90e75cfe33ff178e2ac4274b6882c16643b4d2b515,0xa0132d4bb9459ac84f8bcf90e75cfe33ff178e2ac4274b6882c16643b4d2b515,UNKNOWN_STATUS_NOT_EXTRACTED,25921667,140,PASS
DA-V3-00505,0x9ea58ebbaa097c45b3e8afe4d90eca00c2e33e00,0xfc7a31f8f419fd7f43065dc25cd9407f37d4cb6e,VASPCUST-S-0082,VASPCUST-B-0197,PENDING,VERIFIED,ETH,20.0,0xfc7a31f8f419fd7f43065dc25cd9407f37d4cb6e,2026-01-01T00:00:00+00:00,2026-12-31T23:59:59+00:00,ETH,0.038080962910329724,0xfc7a31f8f419fd7f43065dc25cd9407f37d4cb6e,2026-09-07T00:42:11+00:00,0xf802e1706dd12b2750d6a350039738b1220c9411b08e26cd76b8ecde703a2855,0xf802e1706dd12b2750d6a350039738b1220c9411b08e26cd76b8ecde703a2855,UNKNOWN_STATUS_NOT_EXTRACTED,25921667,183,REVIEW
DA-V3-00506,0xc46d3a76dfba6f15868d388f2fadb6c48373488b,0x0000000071727de22e5e9d8baf0edac6f37da032,VASPCUST-S-0083,VASPCUST-B-0198,VERIFIED,VERIFIED,ETH,0.05,0x0000000071727de22e5e9d8baf0edac6f37da032,2026-01-01T00:00:00+00:00,2026-12-31T23:59:59+00:00,ETH,0.012,0x0000000071727de22e5e9d8baf0edac6f37da032,2026-09-07T00:43:11+00:00,0xd2dc85a54f18bec5aa2d524eb58efc3013b05c2119ed48864d9bfe3aa1869353,0xd2dc85a54f18bec5aa2d524eb58efc3013b05c2119ed48864d9bfe3aa1869353,UNKNOWN_STATUS_NOT_EXTRACTED,25921666,31,PASS
DA-V3-00507,0xaf40f94b4559737a90b6bf293d55b871e65cfc42,0x5c00d1ec0aa5adfd3a0a689a2368d8ac7fd952ba,VASPCUST-S-0084,VASPCUST-B-0199,VERIFIED,UNKNOWN,ETH,0.25,0x5c00d1ec0aa5adfd3a0a689a2368d8ac7fd952ba,2026-01-01T00:00:00+00:00,2026-01-15T23:59:59+00:00,ETH,1.78805e-12,0x5c00d1ec0aa5adfd3a0a689a2368d8ac7fd952ba,2026-09-07T00:44:11+00:00,0x41e0ea56a50a5ae3796e775819062f34191b7e067cbbdb81260267ce9029a0fa,0x41e0ea56a50a5ae3796e775819062f34191b7e067cbbdb81260267ce9029a0fa,UNKNOWN_STATUS_NOT_EXTRACTED,25921666,74,REVIEW
DA-V3-00508,0x8ceb1b32ca2ecf85dbb01649e8b5acadffb32b01,0x4cd00e387622c35bddb9b4c962c136462338bc31,VASPCUST-S-0085,VASPCUST-B-0200,VERIFIED,VERIFIED,ETH,1.0,0x4cd00e387622c35bddb9b4c962c136462338bc31,2026-01-01T00:00:00+00:00,2026-12-31T23:59:59+00:00,ETH,8.32e-16,0x4cd00e387622c35bddb9b4c962c136462338bc31,2026-09-07T00:45:11+00:00,0xdcdb23ebc9b0087fb3be256829f591bfcf309890a89a3a15d168885ea7bbf10e,0xdcdb23ebc9b0087fb3be256829f591bfcf309890a89a3a15d168885ea7bbf10e,UNKNOWN_STATUS_NOT_EXTRACTED,25921666,117,PASS
DA-V3-00509,0x63259a528b9186992e55b265b2bd05eee8df64e1,0x0de8bf93da2f7eecb3d9169422413a9bef4ef628,VASPCUST-S-0086,VASPCUST-B-0201,VERIFIED,VERIFIED,ETH,5.0,0x0de8bf93da2f7eecb3d9169422413a9bef4ef628,2026-01-01T00:00:00+00:00,2026-12-31T23:59:59+00:00,ETH,0.0216186755995,0x0de8bf93da2f7eecb3d9169422413a9bef4ef628,2026-09-07T00:46:11+00:00,0xc479be3a51b51f9319eca4028ac0eb9ca710af39bf816beaf72e3a1b4aadc03e,0xc479be3a51b51f9319eca4028ac0eb9ca710af39bf816beaf72e3a1b4aadc03e,UNKNOWN_STATUS_NOT_EXTRACTED,25921666,160,PASS
DA-V3-00510,0x6887246668a3b87f54deb3b94ba47a6f63f32985,0xbfa32b3eb21e63bb8dcf71739cdb43f8cd0a6bf0,VASPCUST-S-0087,VASPCUST-B-0202,VERIFIED,VERIFIED,ETH,20.0,0xbfa32b3eb21e63bb8dcf71739cdb43f8cd0a6bf0,2026-01-01T00:00:00+00:00,2026-12-31T23:59:59+00:00,ETH,6.90659058528e-07,0xbfa32b3eb21e63bb8dcf71739cdb43f8cd0a6bf0,2026-09-07T00:47:11+00:00,0xffa013834dad7666f57172fb785f4cb21be3bb0d8ca2cc5a2a6d492e8c089d13,0xffa013834dad7666f57172fb785f4cb21be3bb0d8ca2cc5a2a6d492e8c089d13,UNKNOWN_STATUS_NOT_EXTRACTED,25921666,203,PASS
DA-V3-00511,0xfc42be9494f1af6b03adad71811c62ada2d6f3c3,0x1f9840a85d5af5bf1d1762f925bdaddc4201f984,VASPCUST-S-0088,VASPCUST-B-0203,VERIFIED,VERIFIED,ETH,0.05,0x1f9840a85d5af5bf1d1762f925bdaddc4201f984,2026-01-01T00:00:00+00:00,2026-12-31T23:59:59+00:00,UNAPPROVED_TOKEN,0.04,0x1f9840a85d5af5bf1d1762f925bdaddc4201f984,2026-09-07T00:48:11+00:00,0x2129013b237dcd2a5f4e05fc68986ad889852a405dd748f5c34a322425fbcff6,0x2129013b237dcd2a5f4e05fc68986ad889852a405dd748f5c34a322425fbcff6,UNKNOWN_STATUS_NOT_EXTRACTED,25921666,246,BLOCK
DA-V3-00512,0xa54dc4425190570cb5c841adf445bbecf3b249f5,0x4313c378cc91ea583c91387b9216e2c03096b27f,VASPCUST-S-0089,VASPCUST-B-0204,VERIFIED,VERIFIED,ETH,0.25,0x4313c378cc91ea583c91387b9216e2c03096b27f,2026-01-01T00:00:00+00:00,2026-12-31T23:59:59+00:00,ETH,1e-09,0x4313c378cc91ea583c91387b9216e2c03096b27f,2026-09-07T00:49:11+00:00,0x7b3699bc3ccc2024ab014ec4fdbea370e0c5216db299eb29dd28dd068858097f,0x7b3699bc3ccc2024ab014ec4fdbea370e0c5216db299eb29dd28dd068858097f,UNKNOWN_STATUS_NOT_EXTRACTED,25921666,289,PASS
DA-V3-00513,0x4a807391024dcf9697a09a68bbde8077e8545b9a,0x0dbe350743b56f76ca65aeeca12f1966076f9770,VASPCUST-S-0090,VASPCUST-B-0205,FAILED,VERIFIED,ETH,1.0,0x0dbe350743b56f76ca65aeeca12f1966076f9770,2026-01-01T00:00:00+00:00,2026-12-31T23:59:59+00:00,ETH,0.0541568,0x0dbe350743b56f76ca65aeeca12f1966076f9770,2026-09-07T00:50:11+00:00,0x9b7a27271deb742a65640268a4850b6f3c3bbf813cd8f13a8044d6c1d1c22a0a,0x9b7a27271deb742a65640268a4850b6f3c3bbf813cd8f13a8044d6c1d1c22a0a,UNKNOWN_STATUS_NOT_EXTRACTED,25921665,7,REVIEW
DA-V3-00514,0xabb2acd3be814a80e502575d6c1dc5f789e9cd10,0xeb943c230218e0da7b2ca18b81f7eb7fbbbe9665,VASPCUST-S-0091,VASPCUST-B-0206,VERIFIED,VERIFIED,ETH,5.0,0xeb943c230218e0da7b2ca18b81f7eb7fbbbe9665,2026-01-01T00:00:00+00:00,2026-12-31T23:59:59+00:00,ETH,2.2471594439209e-05,0x000000000000000000000000000000000000dEaD,2026-09-07T00:50:59+00:00,0x9722fbcca8bfe1af092c30431e31cba97911e358dabe32db364baba50d5194bd,0x9722fbcca8bfe1af092c30431e31cba97911e358dabe32db364baba50d5194bd,UNKNOWN_STATUS_NOT_EXTRACTED,25921665,50,BLOCK
DA-V3-00515,0x683bf0b3222704caf40e7722364c59b27de642cf,0xdac17f958d2ee523a2206206994597c13d831ec7,VASPCUST-S-0092,VASPCUST-B-0207,VERIFIED,VERIFIED,ETH,20.0,0xdac17f958d2ee523a2206206994597c13d831ec7,2026-01-01T00:00:00+00:00,2026-12-31T23:59:59+00:00,ETH,0.04,0xdac17f958d2ee523a2206206994597c13d831ec7,2026-09-07T00:51:59+00:00,0xffbd54140ea05e2a6d0c57405d512d33005bf5961e2c60c81ec15d89ba55a793,0xffbd54140ea05e2a6d0c57405d512d33005bf5961e2c60c81ec15d89ba55a793,UNKNOWN_STATUS_NOT_EXTRACTED,25921665,93,PASS
DA-V3-00516,0x7b09fc3bdd9a1eb0059f0c9d391f5d684e0f9918,0x3e07be15370d8b12d80a159a7ef14b9e51869497,VASPCUST-S-0093,VASPCUST-B-0208,VERIFIED,VERIFIED,ETH,0.05,0x3e07be15370d8b12d80a159a7ef14b9e51869497,2026-01-01T00:00:00+00:00,2026-12-31T23:59:59+00:00,ETH,0.026902820648027858,0x3e07be15370d8b12d80a159a7ef14b9e51869497,2026-09-07T00:52:59+00:00,0x824f0a269e8622b96c1606fb18352d6f6501e58aba9658fcc694b24abc214f53,0x824f0a269e8622b96c1606fb18352d6f6501e58aba9658fcc694b24abc214f53,UNKNOWN_STATUS_NOT_EXTRACTED,25921665,136,PASS
DA-V3-00517,0x84bdfb21ed7c8b332a42bfd595744a84f3101e4e,0x7a250d5630b4cf539739df2c5dacb4c659f2488d,VASPCUST-S-0094,VASPCUST-B-0209,VERIFIED,VERIFIED,ETH,0.25,0x7a250d5630b4cf539739df2c5dacb4c659f2488d,2026-01-01T00:00:00+00:00,2026-12-31T23:59:59+00:00,ETH,1.6,0x7a250d5630b4cf539739df2c5dacb4c659f2488d,2026-09-07T00:53:59+00:00,0x6c41d24baaa35abff5d3a3ca35b9941c030d2195a90e80a5dad1e39153b29179,0x6c41d24baaa35abff5d3a3ca35b9941c030d2195a90e80a5dad1e39153b29179,UNKNOWN_STATUS_NOT_EXTRACTED,25921665,179,BLOCK
DA-V3-00518,0xe2b84f36fe4b3c4949fa3ba2a17b1e5b16146b62,0x0439e60f02a8900a951603950d8d4527f400c3f1,VASPCUST-S-0095,VASPCUST-B-0210,VERIFIED,UNKNOWN,ETH,1.0,0x0439e60f02a8900a951603950d8d4527f400c3f1,2026-01-01T00:00:00+00:00,2026-12-31T23:59:59+00:00,ETH,0.01986061,0x0439e60f02a8900a951603950d8d4527f400c3f1,2026-09-07T00:54:59+00:00,0xc4dbdb9ca3e377c4b4aab3b59385a7e9e8536305f7fa18072435dcd5485c8416,0xc4dbdb9ca3e377c4b4aab3b59385a7e9e8536305f7fa18072435dcd5485c8416,UNKNOWN_STATUS_NOT_EXTRACTED,25921665,222,REVIEW
DA-V3-00519,0x2cff890f0378a11913b6129b2e97417a2c302680,0x4605cc6559f0a6ea876932ffbf676122ccb16fef,VASPCUST-S-0096,VASPCUST-B-0211,VERIFIED,VERIFIED,ETH,5.0,0x4605cc6559f0a6ea876932ffbf676122ccb16fef,2026-01-01T00:00:00+00:00,2026-12-31T23:59:59+00:00,ETH,0.000101634411285,0x4605cc6559f0a6ea876932ffbf676122ccb16fef,2026-09-07T00:55:59+00:00,0xdd5136409f75cc6314670dd09c87a29b7aadfbe8cf57a529728a72f324001131,0xdd5136409f75cc6314670dd09c87a29b7aadfbe8cf57a529728a72f324001131,UNKNOWN_STATUS_NOT_EXTRACTED,25921665,265,PASS
DA-V3-00520,0x64c7663bffe42724b6c30d7b88e69435f15fbbc8,0x471aefb21dd24cf8d518f17702629c4b2bc6d138,VASPCUST-S-0097,VASPCUST-B-0212,VERIFIED,VERIFIED,ETH,20.0,0x471aefb21dd24cf8d518f17702629c4b2bc6d138,2026-01-01T00:00:00+00:00,2026-12-31T23:59:59+00:00,ETH,0.00012,0x471aefb21dd24cf8d518f17702629c4b2bc6d138,2026-09-07T00:56:59+00:00,0xa2f1a42dcf622075e3f41aa16779a0744814d87a253afa01437e077449083db6,0xa2f1a42dcf622075e3f41aa16779a0744814d87a253afa01437e077449083db6,UNKNOWN_STATUS_NOT_EXTRACTED,25921665,308,PASS
DA-V3-00521,0xf31d72209edfaf495526430914b89d5e0da46eb1,0x827f9f24ca33e5872d4b5685a5dd7c7bc8417ba5,VASPCUST-S-0098,VASPCUST-B-0213,PENDING,VERIFIED,ETH,0.05,0x827f9f24ca33e5872d4b5685a5dd7c7bc8417ba5,2026-01-01T00:00:00+00:00,2026-12-31T23:59:59+00:00,ETH,0.10146,0x827f9f24ca33e5872d4b5685a5dd7c7bc8417ba5,2026-09-07T00:57:59+00:00,0xc8bd9134eb429b3b4c08b37385f35e5965e3de7af86a9c802576242b3f192396,0xc8bd9134eb429b3b4c08b37385f35e5965e3de7af86a9c802576242b3f192396,UNKNOWN_STATUS_NOT_EXTRACTED,25921664,24,REVIEW
DA-V3-00522,0x67e13ceb5ee3fc9b9917853471c774f1c6a9deac,0xd47a1bdc6872ad2fd16e50149baa9924c653e624,VASPCUST-S-0099,VASPCUST-B-0214,VERIFIED,VERIFIED,ETH,0.25,0xd47a1bdc6872ad2fd16e50149baa9924c653e624,2026-01-01T00:00:00+00:00,2026-12-31T23:59:59+00:00,ETH,1.2900769594495e-05,0xd47a1bdc6872ad2fd16e50149baa9924c653e624,2026-09-07T00:58:59+00:00,0xd501a35fc8ddfad6b712312feedf70d65d99fdaff32a1595d8702b9bede3dd6a,0xd501a35fc8ddfad6b712312feedf70d65d99fdaff32a1595d8702b9bede3dd6a,UNKNOWN_STATUS_NOT_EXTRACTED,25921664,67,PASS
DA-V3-00523,0x0942a3c188fe6088562c32734eda669c8220a4ab,0xb8270eef1319173de9f5033fed442f638ff1607d,VASPCUST-S-0100,VASPCUST-B-0215,VERIFIED,VERIFIED,ETH,1.0,0xb8270eef1319173de9f5033fed442f638ff1607d,2026-01-01T00:00:00+00:00,2026-12-31T23:59:59+00:00,ETH,0.16,0xb8270eef1319173de9f5033fed442f638ff1607d,2026-09-07T00:59:59+00:00,0x98424e75d7befcaed4f0c4862873eb6cebbf477f85f9ca9f946e818ba728736b,0x98424e75d7befcaed4f0c4862873eb6cebbf477f85f9ca9f946e818ba728736b,UNKNOWN_STATUS_NOT_EXTRACTED,25921664,110,PASS
DA-V3-00524,0xfa84720dc394a14434a86cf0d12973a7fa6e8eea,0x0439e60f02a8900a951603950d8d4527f400c3f1,VASPCUST-S-0101,VASPCUST-B-0216,VERIFIED,VERIFIED,ETH,5.0,0x0439e60f02a8900a951603950d8d4527f400c3f1,2026-01-01T00:00:00+00:00,2026-12-31T23:59:59+00:00,ETH,6.0384e-06,0x0439e60f02a8900a951603950d8d4527f400c3f1,2026-09-07T01:00:59+00:00,0xca71c6165fc85b2910579c90f3bbc2ab23e3d9c91f20119ba2e7ad489f1b4593,0xca71c6165fc85b2910579c90f3bbc2ab23e3d9c91f20119ba2e7ad489f1b4593,UNKNOWN_STATUS_NOT_EXTRACTED,25921664,153,PASS
DA-V3-00525,0x289b6603e8981cc213071002d5afa44ce4f040f9,0x2fc617e933a52713247ce25730f6695920b3befe,VASPCUST-S-0102,VASPCUST-B-0217,VERIFIED,VERIFIED,ETH,20.0,0x2fc617e933a52713247ce25730f6695920b3befe,2026-01-01T00:00:00+00:00,2026-12-31T23:59:59+00:00,ETH,9.0443e-06,0x2fc617e933a52713247ce25730f6695920b3befe,2026-09-07T01:01:47+00:00,0x49346c88012be4d4578fcea38b9106ca7e8437044cc162dc1850940edf1adbe2,0x49346c88012be4d4578fcea38b9106ca7e8437044cc162dc1850940edf1adbe2,UNKNOWN_STATUS_NOT_EXTRACTED,25921663,21,PASS
DA-V3-00526,0x80ed97ff038cae9be7d9132347b9a3128d5f09fc,0x1b9dbb891dfb545ccf2536a7ce239ac1cbb962cc,VASPCUST-S-0103,VASPCUST-B-0218,VERIFIED,VERIFIED,ETH,0.05,0x1b9dbb891dfb545ccf2536a7ce239ac1cbb962cc,2026-01-01T00:00:00+00:00,2026-12-31T23:59:59+00:00,ETH,1e-09,0x1b9dbb891dfb545ccf2536a7ce239ac1cbb962cc,2026-09-07T01:02:47+00:00,0xca021164a77c82df47537422fc51c724c1db59432e97295410571fdff3891e99,0xca021164a77c82df47537422fc51c724c1db59432e97295410571fdff3891e99,UNKNOWN_STATUS_NOT_EXTRACTED,25921663,64,PASS
DA-V3-00527,0x4976a4a02f38326660d17bf34b431dc6e2eb2327,0xf9280799c85d376e0425f6fb38e4a674e8bedb56,VASPCUST-S-0104,VASPCUST-B-0219,VERIFIED,VERIFIED,ETH,0.25,0xf9280799c85d376e0425f6fb38e4a674e8bedb56,2026-01-01T00:00:00+00:00,2026-12-31T23:59:59+00:00,ETH,0.00079675,0xf9280799c85d376e0425f6fb38e4a674e8bedb56,2026-09-07T01:03:35+00:00,0xab1f9f44a1fcbdf7d47c80ca215e67b3b3874514c848317257f1a381119fc97a,0xab1f9f44a1fcbdf7d47c80ca215e67b3b3874514c848317257f1a381119fc97a,UNKNOWN_STATUS_NOT_EXTRACTED,25921663,107,PASS
DA-V3-00528,0x9736603a31cf71efcb62631cc28f60bcbd31d565,0x5c7bcd6e7de5423a257d81b442095a1a6ced35c5,VASPCUST-S-0105,VASPCUST-B-0220,VERIFIED,VERIFIED,ETH,1.0,0x5c7bcd6e7de5423a257d81b442095a1a6ced35c5,2026-01-01T00:00:00+00:00,2026-12-31T23:59:59+00:00,UNAPPROVED_TOKEN,0.03899197230770698,0x5c7bcd6e7de5423a257d81b442095a1a6ced35c5,2026-09-07T01:04:35+00:00,0xe8ce5b333275a3f771dd85ef0a4341628a887d5e43f6d7c84accb83f7d8c41c1,0xe8ce5b333275a3f771dd85ef0a4341628a887d5e43f6d7c84accb83f7d8c41c1,UNKNOWN_STATUS_NOT_EXTRACTED,25921663,150,BLOCK
DA-V3-00529,0x4838b106fce9647bdf1e7877bf73ce8b0bad5f97,0xfeeeeee44046c3f61a8cc081e0918ef0de0a7ffc,VASPCUST-S-0106,VASPCUST-B-0221,FAILED,UNKNOWN,ETH,5.0,0xfeeeeee44046c3f61a8cc081e0918ef0de0a7ffc,2026-01-01T00:00:00+00:00,2026-12-31T23:59:59+00:00,ETH,1.3e-05,0xfeeeeee44046c3f61a8cc081e0918ef0de0a7ffc,2026-09-07T01:05:35+00:00,0xf40697892695928fe6161923972de789f1af4d03d7ab1bbc925c0fa41845a0a5,0xf40697892695928fe6161923972de789f1af4d03d7ab1bbc925c0fa41845a0a5,UNKNOWN_STATUS_NOT_EXTRACTED,25921662,18,REVIEW
DA-V3-00530,0x50bf934781f63028c5c8ef49c4affe19a86d99b6,0xdac17f958d2ee523a2206206994597c13d831ec7,VASPCUST-S-0107,VASPCUST-B-0222,VERIFIED,VERIFIED,ETH,20.0,0xdac17f958d2ee523a2206206994597c13d831ec7,2026-01-01T00:00:00+00:00,2026-01-15T23:59:59+00:00,ETH,0.01990862553880197,0xdac17f958d2ee523a2206206994597c13d831ec7,2026-09-07T01:06:35+00:00,0x0bca8a1f25fde58785d0747d99ed175290d0f6cdb955cfd31ca0c7721582082d,0x0bca8a1f25fde58785d0747d99ed175290d0f6cdb955cfd31ca0c7721582082d,UNKNOWN_STATUS_NOT_EXTRACTED,25921662,61,PASS
DA-V3-00531,0x5e9d829566e4ae453cfa8d29d62b1af483a0b534,0x31d543e7be1da6efdc2206ef7822879045b9f481,VASPCUST-S-0108,VASPCUST-B-0223,VERIFIED,VERIFIED,ETH,0.05,0x31d543e7be1da6efdc2206ef7822879045b9f481,2026-01-01T00:00:00+00:00,2026-12-31T23:59:59+00:00,ETH,0.001,0x31d543e7be1da6efdc2206ef7822879045b9f481,2026-09-07T01:07:23+00:00,0x0600cbfbaec6a79e86fc6ecec6046597425bb33167539f0640c559b19525396f,0x0600cbfbaec6a79e86fc6ecec6046597425bb33167539f0640c559b19525396f,UNKNOWN_STATUS_NOT_EXTRACTED,25921662,104,PASS
DA-V3-00532,0x65db642183c9ea57ebe3be73c05677e5da2b2f7e,0x8141a8402f2e94a5adb1cd3a2b3a35a6f89d0059,VASPCUST-S-0109,VASPCUST-B-0224,VERIFIED,VERIFIED,ETH,0.25,0x8141a8402f2e94a5adb1cd3a2b3a35a6f89d0059,2026-01-01T00:00:00+00:00,2026-12-31T23:59:59+00:00,ETH,0.03482175699286662,0x8141a8402f2e94a5adb1cd3a2b3a35a6f89d0059,2026-09-07T01:08:23+00:00,0x68f8e2095c76d32bb05bdbdcfe762810eccbd5ad11cfede38d68d3481a6403dc,0x68f8e2095c76d32bb05bdbdcfe762810eccbd5ad11cfede38d68d3481a6403dc,UNKNOWN_STATUS_NOT_EXTRACTED,25921662,147,PASS
DA-V3-00533,0x4e0fb94480f579f136832ee9542d67d92bfe8dd1,0xb300000b72deaeb607a12d5f54773d1c19c7028d,VASPCUST-S-0110,VASPCUST-B-0225,VERIFIED,VERIFIED,ETH,1.0,0xb300000b72deaeb607a12d5f54773d1c19c7028d,2026-01-01T00:00:00+00:00,2026-12-31T23:59:59+00:00,ETH,0.04,0x000000000000000000000000000000000000dEaD,2026-09-07T01:09:23+00:00,0x50c9fb115883627456a1132cc7ebdfec58c2f4ee2179cc21af1e87d5c0651c86,0x50c9fb115883627456a1132cc7ebdfec58c2f4ee2179cc21af1e87d5c0651c86,UNKNOWN_STATUS_NOT_EXTRACTED,25921662,190,BLOCK
DA-V3-00534,0x14e870f0a7c764ca71289952006d6bf130058927,0xaa390a37006e22b5775a34f2147f81ebd6a63641,VASPCUST-S-0111,VASPCUST-B-0226,VERIFIED,VERIFIED,ETH,5.0,0xaa390a37006e22b5775a34f2147f81ebd6a63641,2026-01-01T00:00:00+00:00,2026-12-31T23:59:59+00:00,ETH,4.7e-17,0xaa390a37006e22b5775a34f2147f81ebd6a63641,2026-09-07T01:10:23+00:00,0xc9d048771d1d6abc572855a075b17ca17672da55a29508e90ce14242f6e187e2,0xc9d048771d1d6abc572855a075b17ca17672da55a29508e90ce14242f6e187e2,UNKNOWN_STATUS_NOT_EXTRACTED,25921662,233,PASS
DA-V3-00535,0x3b6003c7325d146a348da4a58249e8ed0fb69130,0x66a9893cc07d91d95644aedd05d03f95e1dba8af,VASPCUST-S-0112,VASPCUST-B-0227,VERIFIED,VERIFIED,ETH,20.0,0x66a9893cc07d91d95644aedd05d03f95e1dba8af,2026-01-01T00:00:00+00:00,2026-12-31T23:59:59+00:00,ETH,0.045221592076111,0x66a9893cc07d91d95644aedd05d03f95e1dba8af,2026-09-07T01:11:11+00:00,0x7c271583d011d9811c974b652798020c471030a6922eb87cfac59486716fdd77,0x7c271583d011d9811c974b652798020c471030a6922eb87cfac59486716fdd77,UNKNOWN_STATUS_NOT_EXTRACTED,25921661,9,PASS
DA-V3-00536,0x82a53178e7a7e454ab31eea6063fdca338418f74,0xdac17f958d2ee523a2206206994597c13d831ec7,VASPCUST-S-0113,VASPCUST-B-0228,VERIFIED,VERIFIED,ETH,0.05,0xdac17f958d2ee523a2206206994597c13d831ec7,2026-01-01T00:00:00+00:00,2026-12-31T23:59:59+00:00,ETH,0.024863972511794,0xdac17f958d2ee523a2206206994597c13d831ec7,2026-09-07T01:12:11+00:00,0x498763c1a85d1bc40f502f8d97731d48b01f014a9516bfaed4a8923bd7afb287,0x498763c1a85d1bc40f502f8d97731d48b01f014a9516bfaed4a8923bd7afb287,UNKNOWN_STATUS_NOT_EXTRACTED,25921661,52,PASS
DA-V3-00537,0xdee33e4dc3a7b6073fdd1cc3b90a967db31a3450,0x1d6d074c711ec1a4d79456eaf7822c8e6c1801e5,VASPCUST-S-0114,VASPCUST-B-0229,PENDING,VERIFIED,ETH,0.25,0x1d6d074c711ec1a4d79456eaf7822c8e6c1801e5,2026-01-01T00:00:00+00:00,2026-12-31T23:59:59+00:00,ETH,0.09149466,0x1d6d074c711ec1a4d79456eaf7822c8e6c1801e5,2026-09-07T01:13:11+00:00,0x68b159316ea3429dca69e392fe5a94192a37cd80dde948c0d425a8e0a300fe08,0x68b159316ea3429dca69e392fe5a94192a37cd80dde948c0d425a8e0a300fe08,UNKNOWN_STATUS_NOT_EXTRACTED,25921661,95,REVIEW
DA-V3-00538,0x64f54b2a86014fc3e23f3576e83b359c3deb956d,0x663a5c229c09b049e36dcc11a9b0d4a8eb9db214,VASPCUST-S-0115,VASPCUST-B-0230,VERIFIED,VERIFIED,ETH,1.0,0x663a5c229c09b049e36dcc11a9b0d4a8eb9db214,2026-01-01T00:00:00+00:00,2026-12-31T23:59:59+00:00,ETH,0.04,0x663a5c229c09b049e36dcc11a9b0d4a8eb9db214,2026-09-07T01:14:11+00:00,0xd28974a5f289dac458a6724d2d3ec4da30e81891a211e07dcb6596aa0bf15fb5,0xd28974a5f289dac458a6724d2d3ec4da30e81891a211e07dcb6596aa0bf15fb5,UNKNOWN_STATUS_NOT_EXTRACTED,25921661,138,PASS
DA-V3-00539,0xf40f59c155c785aa04242f07e01d5cccd40acff9,0xa0b86991c6218b36c1d19d4a2e9eb0ce3606eb48,VASPCUST-S-0116,VASPCUST-B-0231,VERIFIED,VERIFIED,ETH,5.0,0xa0b86991c6218b36c1d19d4a2e9eb0ce3606eb48,2026-01-01T00:00:00+00:00,2026-12-31T23:59:59+00:00,ETH,3.48e-06,0xa0b86991c6218b36c1d19d4a2e9eb0ce3606eb48,2026-09-07T01:15:11+00:00,0x308fa827fc2ccf9c616b48a83db1ea1c2a91ddeee0076571ab0b715ca2fb477b,0x308fa827fc2ccf9c616b48a83db1ea1c2a91ddeee0076571ab0b715ca2fb477b,UNKNOWN_STATUS_NOT_EXTRACTED,25921661,181,PASS
DA-V3-00540,0x1e5df15c0ba847e5df62f0fae48b387f7460f45f,0x7a250d5630b4cf539739df2c5dacb4c659f2488d,VASPCUST-S-0117,VASPCUST-B-0232,VERIFIED,UNKNOWN,ETH,20.0,0x7a250d5630b4cf539739df2c5dacb4c659f2488d,2026-01-01T00:00:00+00:00,2026-12-31T23:59:59+00:00,ETH,0.24,0x7a250d5630b4cf539739df2c5dacb4c659f2488d,2026-09-07T01:16:11+00:00,0x5ad384071cf2ced3bc25f09e1482b799ede347c56bd8db1d0fab217da198566f,0x5ad384071cf2ced3bc25f09e1482b799ede347c56bd8db1d0fab217da198566f,UNKNOWN_STATUS_NOT_EXTRACTED,25921660,30,REVIEW
DA-V3-00541,0x078830b5fe8e2fd33bd61bdcdc466a1e3eb9e9ce,0xdac17f958d2ee523a2206206994597c13d831ec7,VASPCUST-S-0118,VASPCUST-B-0233,VERIFIED,VERIFIED,ETH,0.05,0xdac17f958d2ee523a2206206994597c13d831ec7,2026-01-01T00:00:00+00:00,2026-12-31T23:59:59+00:00,ETH,3.33e-06,0xdac17f958d2ee523a2206206994597c13d831ec7,2026-09-06T23:47:11+00:00,0xabb7d691ddf747792ce8854b86281f97717e85e3cf9ab02c05ef089f000be223,0xabb7d691ddf747792ce8854b86281f97717e85e3cf9ab02c05ef089f000be223,UNKNOWN_STATUS_NOT_EXTRACTED,25921660,73,PASS
DA-V3-00542,0xabead749d237736d1e9cc212347a8976f9401ae4,0xdac17f958d2ee523a2206206994597c13d831ec7,VASPCUST-S-0119,VASPCUST-B-0234,VERIFIED,VERIFIED,ETH,0.25,0xdac17f958d2ee523a2206206994597c13d831ec7,2026-01-01T00:00:00+00:00,2026-12-31T23:59:59+00:00,ETH,1e-09,0xdac17f958d2ee523a2206206994597c13d831ec7,2026-09-06T23:48:11+00:00,0xe77990e1ec1c6249bd169ffe6c2ef52cd74556059291e52cc75800b0f70d51ed,0xe77990e1ec1c6249bd169ffe6c2ef52cd74556059291e52cc75800b0f70d51ed,UNKNOWN_STATUS_NOT_EXTRACTED,25921660,116,PASS
DA-V3-00543,0x37b2df786929eefc2fd53a7448f8b2377f4c0bb5,0xeff6cb8b614999d130e537751ee99724d01aa167,VASPCUST-S-0120,VASPCUST-B-0235,VERIFIED,VERIFIED,ETH,1.0,0xeff6cb8b614999d130e537751ee99724d01aa167,2026-01-01T00:00:00+00:00,2026-12-31T23:59:59+00:00,ETH,0.5,0xeff6cb8b614999d130e537751ee99724d01aa167,2026-09-06T23:49:11+00:00,0x015eb1a179c8de64ba0ecd9c36315142f5ca677a9f62d3ef12411f059b214e52,0x015eb1a179c8de64ba0ecd9c36315142f5ca677a9f62d3ef12411f059b214e52,UNKNOWN_STATUS_NOT_EXTRACTED,25921660,159,PASS
DA-V3-00544,0x126f60fd3388bd7eb1ba42fc4a8a35283472cc3b,0xdeaddeaddeaddeaddeaddeaddeaddeaddeaddead,VASPCUST-S-0121,VASPCUST-B-0236,VERIFIED,VERIFIED,ETH,5.0,0xdeaddeaddeaddeaddeaddeaddeaddeaddeaddead,2026-01-01T00:00:00+00:00,2026-12-31T23:59:59+00:00,ETH,0.0001471327046,0xdeaddeaddeaddeaddeaddeaddeaddeaddeaddead,2026-09-06T23:50:11+00:00,0x364f0022edda43d0573cb370d629b43009f069bd095e9e62de2a42321897bb69,0x364f0022edda43d0573cb370d629b43009f069bd095e9e62de2a42321897bb69,UNKNOWN_STATUS_NOT_EXTRACTED,25921660,202,PASS
DA-V3-00545,0x827e77a9186090203feea67f3f3d34fbc42895ef,0xa0b86991c6218b36c1d19d4a2e9eb0ce3606eb48,VASPCUST-S-0122,VASPCUST-B-0237,FAILED,VERIFIED,ETH,20.0,0xa0b86991c6218b36c1d19d4a2e9eb0ce3606eb48,2026-01-01T00:00:00+00:00,2026-12-31T23:59:59+00:00,UNAPPROVED_TOKEN,0.3,0xa0b86991c6218b36c1d19d4a2e9eb0ce3606eb48,2026-09-06T23:51:11+00:00,0x765ef0a6d1fd05c84196cb4cdcf8e4b7620306c6d6227ce649c316bad5c658d1,0x765ef0a6d1fd05c84196cb4cdcf8e4b7620306c6d6227ce649c316bad5c658d1,UNKNOWN_STATUS_NOT_EXTRACTED,25921659,37,REVIEW
DA-V3-00546,0xf5e25edaf3d07a2d4d1881fe7fd3b84e61e6d04b,0x536c4921d1aafde6a5cda882fb5ca046f3601c65,VASPCUST-S-0123,VASPCUST-B-0238,VERIFIED,VERIFIED,ETH,0.05,0x536c4921d1aafde6a5cda882fb5ca046f3601c65,2026-01-01T00:00:00+00:00,2026-12-31T23:59:59+00:00,ETH,0.059736728633636216,0x536c4921d1aafde6a5cda882fb5ca046f3601c65,2026-09-06T23:52:11+00:00,0x85f7eca0924a1cdb5de946a5f1b55f0b37d3fe4a9ecaa0a9f9f55f29b265a73f,0x85f7eca0924a1cdb5de946a5f1b55f0b37d3fe4a9ecaa0a9f9f55f29b265a73f,UNKNOWN_STATUS_NOT_EXTRACTED,25921659,80,BLOCK
DA-V3-00547,0xd9d8f818a7a71ed0e1fe936b991508b0e88b1609,0xda7afeed01fe625cf15d187a19f94b45f00b8c5f,VASPCUST-S-0124,VASPCUST-B-0239,VERIFIED,VERIFIED,ETH,0.25,0xda7afeed01fe625cf15d187a19f94b45f00b8c5f,2026-01-01T00:00:00+00:00,2026-12-31T23:59:59+00:00,ETH,0.49946101685033617,0xda7afeed01fe625cf15d187a19f94b45f00b8c5f,2026-09-06T23:53:11+00:00,0xf8a2834b03fed300c21942f2d89f9f3b7570640f5a5006120e04dc80fb515112,0xf8a2834b03fed300c21942f2d89f9f3b7570640f5a5006120e04dc80fb515112,UNKNOWN_STATUS_NOT_EXTRACTED,25921659,123,BLOCK
DA-V3-00548,0x24aa914966ee0db2414718fac2a4f879d9f4d0e5,0x51c72848c68a965f66fa7a88855f9f7784502a7f,VASPCUST-S-0125,VASPCUST-B-0240,VERIFIED,VERIFIED,ETH,1.0,0x51c72848c68a965f66fa7a88855f9f7784502a7f,2026-01-01T00:00:00+00:00,2026-12-31T23:59:59+00:00,ETH,0.024453347770482,0x51c72848c68a965f66fa7a88855f9f7784502a7f,2026-09-06T23:54:11+00:00,0xde5f6619a83f00eee28b349f96ba821528c54dac95daa47903ec53be7a333a8d,0xde5f6619a83f00eee28b349f96ba821528c54dac95daa47903ec53be7a333a8d,UNKNOWN_STATUS_NOT_EXTRACTED,25921659,166,PASS
DA-V3-00549,0x3247f6b66f24f672eacf52080e0381fa45deb307,0xdac17f958d2ee523a2206206994597c13d831ec7,VASPCUST-S-0126,VASPCUST-B-0241,VERIFIED,VERIFIED,ETH,5.0,0xdac17f958d2ee523a2206206994597c13d831ec7,2026-01-01T00:00:00+00:00,2026-12-31T23:59:59+00:00,ETH,1.0,0xdac17f958d2ee523a2206206994597c13d831ec7,2026-09-06T23:55:11+00:00,0xbf4bf77b6bb9247558fb210823bcc0d8c5e04be771384333735f87be7109b9e0,0xbf4bf77b6bb9247558fb210823bcc0d8c5e04be771384333735f87be7109b9e0,UNKNOWN_STATUS_NOT_EXTRACTED,25921659,209,PASS
DA-V3-00550,0x9e3194175366642d9a9f5aac559c5414f50326af,0x51c72848c68a965f66fa7a88855f9f7784502a7f,VASPCUST-S-0127,VASPCUST-B-0242,VERIFIED,VERIFIED,ETH,20.0,0x51c72848c68a965f66fa7a88855f9f7784502a7f,2026-01-01T00:00:00+00:00,2026-12-31T23:59:59+00:00,ETH,0.004190652813177628,0x51c72848c68a965f66fa7a88855f9f7784502a7f,2026-09-06T23:55:59+00:00,0x4fcf04ef0af1059d88751f292b9bc8d302119a9a5cfecb2d3aaed0bd31249a87,0x4fcf04ef0af1059d88751f292b9bc8d302119a9a5cfecb2d3aaed0bd31249a87,UNKNOWN_STATUS_NOT_EXTRACTED,25921659,252,PASS
DA-V3-00551,0xc3b018faea9e98af838bbb76db4925578e9667bb,0xea93d1f421d8b98aaba1d212dfc91df853f9b08e,VASPCUST-S-0128,VASPCUST-B-0243,VERIFIED,UNKNOWN,ETH,0.05,0xea93d1f421d8b98aaba1d212dfc91df853f9b08e,2026-01-01T00:00:00+00:00,2026-12-31T23:59:59+00:00,ETH,0.001929401680257046,0xea93d1f421d8b98aaba1d212dfc91df853f9b08e,2026-09-06T23:56:59+00:00,0x23892b026e1dc6adf26e42902dc414ce6c3b01c663e71fab2a7f26c085ac033d,0x23892b026e1dc6adf26e42902dc414ce6c3b01c663e71fab2a7f26c085ac033d,UNKNOWN_STATUS_NOT_EXTRACTED,25921658,42,REVIEW
DA-V3-00552,0x9235910f410478b89f86e06be0e4535335af6dea,0xc14d550632db8592d1243edc8b95b0ad06703867,VASPCUST-S-0129,VASPCUST-B-0244,VERIFIED,VERIFIED,ETH,0.25,0xc14d550632db8592d1243edc8b95b0ad06703867,2026-01-01T00:00:00+00:00,2026-12-31T23:59:59+00:00,ETH,0.08,0x000000000000000000000000000000000000dEaD,2026-09-06T23:57:59+00:00,0x93c24319d0789a83a46322996b06c4d044c93c94761bb31f747a63d42aa8cc38,0x93c24319d0789a83a46322996b06c4d044c93c94761bb31f747a63d42aa8cc38,UNKNOWN_STATUS_NOT_EXTRACTED,25921658,85,BLOCK
DA-V3-00553,0xca4985dbbd8152786369638169f46705b28c1b15,0x7ec8a30a34b86927dc77b302603d1d53e640bef7,VASPCUST-S-0130,VASPCUST-B-0245,PENDING,VERIFIED,ETH,1.0,0x7ec8a30a34b86927dc77b302603d1d53e640bef7,2026-01-01T00:00:00+00:00,2026-01-15T23:59:59+00:00,ETH,0.000126087509017257,0x7ec8a30a34b86927dc77b302603d1d53e640bef7,2026-09-06T23:58:59+00:00,0x105a15863da795fecc5ceb9f1f9c18a1766b168eeb88cb5f3a7ff5650cbff48f,0x105a15863da795fecc5ceb9f1f9c18a1766b168eeb88cb5f3a7ff5650cbff48f,UNKNOWN_STATUS_NOT_EXTRACTED,25921658,128,REVIEW
DA-V3-00554,0x6db6161fc5662450e801398bad62dd9921216b98,0xc2338e30ed76070490e650ddaf93c6829b34970c,VASPCUST-S-0131,VASPCUST-B-0246,VERIFIED,VERIFIED,ETH,5.0,0xc2338e30ed76070490e650ddaf93c6829b34970c,2026-01-01T00:00:00+00:00,2026-12-31T23:59:59+00:00,ETH,0.0455256258111922,0xc2338e30ed76070490e650ddaf93c6829b34970c,2026-09-06T23:59:59+00:00,0xff88be9703a6161020fbd609dbc2c745480bc80fdd5cda84a6611096e2eb0960,0xff88be9703a6161020fbd609dbc2c745480bc80fdd5cda84a6611096e2eb0960,UNKNOWN_STATUS_NOT_EXTRACTED,25921658,171,PASS
DA-V3-00555,0x64b4949ffbee7fa45188b258aa06f96711bfb09c,0x4337084d9e255ff0702461cf8895ce9e3b5ff108,VASPCUST-S-0132,VASPCUST-B-0247,VERIFIED,VERIFIED,ETH,20.0,0x4337084d9e255ff0702461cf8895ce9e3b5ff108,2026-01-01T00:00:00+00:00,2026-12-31T23:59:59+00:00,ETH,0.013153656,0x4337084d9e255ff0702461cf8895ce9e3b5ff108,2026-09-07T00:00:47+00:00,0xdf4c4bf4283f68aa0784425ad280c25ee06b768fd6cf32261a7aa45846d3bb96,0xdf4c4bf4283f68aa0784425ad280c25ee06b768fd6cf32261a7aa45846d3bb96,UNKNOWN_STATUS_NOT_EXTRACTED,25921657,4,PASS
DA-V3-00556,0x4d16ebd8a910425aa05d52385cf4ec3a05e1be30,0xa0f1c3ad83e07d97b5e7030e177718be175275ea,VASPCUST-S-0133,VASPCUST-B-0248,VERIFIED,VERIFIED,ETH,0.05,0xa0f1c3ad83e07d97b5e7030e177718be175275ea,2026-01-01T00:00:00+00:00,2026-12-31T23:59:59+00:00,ETH,0.21440137884,0xa0f1c3ad83e07d97b5e7030e177718be175275ea,2026-09-07T00:01:47+00:00,0x65a730ce19d37ebe8a98366dddba4969aa09471d5e499cc5dd4c8f28b6ce360f,0x65a730ce19d37ebe8a98366dddba4969aa09471d5e499cc5dd4c8f28b6ce360f,UNKNOWN_STATUS_NOT_EXTRACTED,25921657,47,BLOCK
DA-V3-00557,0x9f514c40e74890a55525b85bab366306f934564b,0xdac17f958d2ee523a2206206994597c13d831ec7,VASPCUST-S-0134,VASPCUST-B-0249,VERIFIED,VERIFIED,ETH,0.25,0xdac17f958d2ee523a2206206994597c13d831ec7,2026-01-01T00:00:00+00:00,2026-12-31T23:59:59+00:00,ETH,3.828425e-05,0xdac17f958d2ee523a2206206994597c13d831ec7,2026-09-07T00:02:47+00:00,0x6bbde062046f09440f7618c490fb8d5ec1812ac88a066c8b2990e52e0f7e4516,0x6bbde062046f09440f7618c490fb8d5ec1812ac88a066c8b2990e52e0f7e4516,UNKNOWN_STATUS_NOT_EXTRACTED,25921657,90,PASS
DA-V3-00558,0x8d18d00074dd99de3e3f22210b705b9b0a19835a,0xa887afee07f47ff77a4f279c27f0ef34c512cbd4,VASPCUST-S-0135,VASPCUST-B-0250,VERIFIED,VERIFIED,ETH,1.0,0xa887afee07f47ff77a4f279c27f0ef34c512cbd4,2026-01-01T00:00:00+00:00,2026-12-31T23:59:59+00:00,ETH,484.0,0xa887afee07f47ff77a4f279c27f0ef34c512cbd4,2026-09-07T00:03:47+00:00,0x10edffc85432b118bc758c0925048f44548fcddaa1edd7f47c0a6d097713641c,0x10edffc85432b118bc758c0925048f44548fcddaa1edd7f47c0a6d097713641c,UNKNOWN_STATUS_NOT_EXTRACTED,25921657,133,BLOCK
DA-V3-00559,0xef03b7bd0a161176e6365ea4607fb232c9bc2f07,0x4c488f89d9841fbcba182bf3f38dac114cae4403,VASPCUST-S-0136,VASPCUST-B-0251,VERIFIED,VERIFIED,ETH,5.0,0x4c488f89d9841fbcba182bf3f38dac114cae4403,2026-01-01T00:00:00+00:00,2026-12-31T23:59:59+00:00,ETH,0.035976541,0x4c488f89d9841fbcba182bf3f38dac114cae4403,2026-09-07T00:04:47+00:00,0x8b6fb1b19e9a8da663a8fdfbc4b149afd3548cc90a38a6d6eca9a9f635da4770,0x8b6fb1b19e9a8da663a8fdfbc4b149afd3548cc90a38a6d6eca9a9f635da4770,UNKNOWN_STATUS_NOT_EXTRACTED,25921657,176,PASS
DA-V3-00560,0xe09ad398e1deee1f18fec1255c58d3dff57068a3,0x6ac19a384bae4c753e6611903e6c7340af91624c,VASPCUST-S-0137,VASPCUST-B-0252,VERIFIED,VERIFIED,ETH,20.0,0x6ac19a384bae4c753e6611903e6c7340af91624c,2026-01-01T00:00:00+00:00,2026-12-31T23:59:59+00:00,ETH,0.000199782246005028,0x6ac19a384bae4c753e6611903e6c7340af91624c,2026-09-07T00:05:47+00:00,0xaaf9daae6a27163683604c60ac51eedf417a6ea34c640dc473fb89f9cc4d8fdc,0xaaf9daae6a27163683604c60ac51eedf417a6ea34c640dc473fb89f9cc4d8fdc,UNKNOWN_STATUS_NOT_EXTRACTED,25921657,219,PASS
DA-V3-00561,0x11fa8f2064096a51f4ef9e83732f2ad68d089b9a,0xdac17f958d2ee523a2206206994597c13d831ec7,VASPCUST-S-0138,VASPCUST-B-0253,FAILED,VERIFIED,ETH,0.05,0xdac17f958d2ee523a2206206994597c13d831ec7,2026-01-01T00:00:00+00:00,2026-12-31T23:59:59+00:00,ETH,19.0,0xdac17f958d2ee523a2206206994597c13d831ec7,2026-09-07T00:06:47+00:00,0x37555a3cbc5928939dc682931ba6e78992d66761cb1a88146567f81cd842c608,0x37555a3cbc5928939dc682931ba6e78992d66761cb1a88146567f81cd842c608,UNKNOWN_STATUS_NOT_EXTRACTED,25921657,262,REVIEW
DA-V3-00562,0xca7ded7e4f4ba8ab3b10009236ae6d1b95094589,0x196cf0b1ded4366029c5e32b5d7b853ea36d3cd9,VASPCUST-S-0139,VASPCUST-B-0254,VERIFIED,UNKNOWN,ETH,0.25,0x196cf0b1ded4366029c5e32b5d7b853ea36d3cd9,2026-01-01T00:00:00+00:00,2026-12-31T23:59:59+00:00,UNAPPROVED_TOKEN,0.0026,0x196cf0b1ded4366029c5e32b5d7b853ea36d3cd9,2026-09-07T00:07:23+00:00,0x037888f3e301c4416872cb2e30083fd78e7a103be5fb3d9a83f13c843d26c38f,0x037888f3e301c4416872cb2e30083fd78e7a103be5fb3d9a83f13c843d26c38f,UNKNOWN_STATUS_NOT_EXTRACTED,25921657,305,REVIEW
DA-V3-00563,0xb00439e6f77af558c79005ee9d158df547490e88,0x0000000000000068f116a894984e2db1123eb395,VASPCUST-S-0140,VASPCUST-B-0255,VERIFIED,VERIFIED,ETH,1.0,0x0000000000000068f116a894984e2db1123eb395,2026-01-01T00:00:00+00:00,2026-12-31T23:59:59+00:00,ETH,0.13450467647598788,0x0000000000000068f116a894984e2db1123eb395,2026-09-07T00:08:23+00:00,0xd4e31506a13ac281510b02c0925f06338a469059edac3e59559835ffee207450,0xd4e31506a13ac281510b02c0925f06338a469059edac3e59559835ffee207450,UNKNOWN_STATUS_NOT_EXTRACTED,25921657,348,PASS
DA-V3-00564,0xf034fd9612e3f917cca089de426a2b15ec899233,0x60783ceb035b029da636e92c9bd190406b34f0b8,VASPCUST-S-0141,VASPCUST-B-0256,VERIFIED,VERIFIED,ETH,5.0,0x60783ceb035b029da636e92c9bd190406b34f0b8,2026-01-01T00:00:00+00:00,2026-12-31T23:59:59+00:00,ETH,0.001772556462316108,0x60783ceb035b029da636e92c9bd190406b34f0b8,2026-09-07T00:09:23+00:00,0x0129cb5a5aecc4a5db6a66bfbaf8171035c21656fae6a4bd936db8754dafdfb3,0x0129cb5a5aecc4a5db6a66bfbaf8171035c21656fae6a4bd936db8754dafdfb3,UNKNOWN_STATUS_NOT_EXTRACTED,25921656,41,PASS
DA-V3-00565,0x798fa2455a1f6ac8874258d9fa9bece0afec823f,0xda7afeed01fe625cf15d187a19f94b45f00b8c5f,VASPCUST-S-0142,VASPCUST-B-0257,VERIFIED,VERIFIED,ETH,20.0,0xda7afeed01fe625cf15d187a19f94b45f00b8c5f,2026-01-01T00:00:00+00:00,2026-12-31T23:59:59+00:00,ETH,1e-09,0xda7afeed01fe625cf15d187a19f94b45f00b8c5f,2026-09-07T00:10:11+00:00,0x96a3be00de3ac69d339764f7aa4f48892b553c0d24a83dbb20b4845999c36f02,0x96a3be00de3ac69d339764f7aa4f48892b553c0d24a83dbb20b4845999c36f02,UNKNOWN_STATUS_NOT_EXTRACTED,25921655,26,PASS
DA-V3-00566,0xdfaa75323fb721e5f29d43859390f62cc4b600b8,0xa9d1e08c7793af67e9d92fe308d5697fb81d3e43,VASPCUST-S-0143,VASPCUST-B-0258,VERIFIED,VERIFIED,ETH,0.05,0xa9d1e08c7793af67e9d92fe308d5697fb81d3e43,2026-01-01T00:00:00+00:00,2026-12-31T23:59:59+00:00,ETH,0.001,0xa9d1e08c7793af67e9d92fe308d5697fb81d3e43,2026-09-07T00:11:11+00:00,0xefbc080c79d0a08b976e8a9d3f60ada0b307738d9d77fc6aa254fa261057c728,0xefbc080c79d0a08b976e8a9d3f60ada0b307738d9d77fc6aa254fa261057c728,UNKNOWN_STATUS_NOT_EXTRACTED,25921655,69,PASS
DA-V3-00567,0x315d2ee4fccda0def532ef4108ff57204f8d9eba,0x4de23f3f0fb3318287378adbde030cf61714b2f3,VASPCUST-S-0144,VASPCUST-B-0259,VERIFIED,VERIFIED,ETH,0.25,0x4de23f3f0fb3318287378adbde030cf61714b2f3,2026-01-01T00:00:00+00:00,2026-12-31T23:59:59+00:00,ETH,0.000169,0x4de23f3f0fb3318287378adbde030cf61714b2f3,2026-09-07T00:11:59+00:00,0x259e3cab60158fbd019eaf7846634fa4b251c0bc411404a7305972260a8fc699,0x259e3cab60158fbd019eaf7846634fa4b251c0bc411404a7305972260a8fc699,UNKNOWN_STATUS_NOT_EXTRACTED,25921655,112,PASS
DA-V3-00568,0x15692b56fc6fe3ca4c57371bd8a951cc700965f5,0x9ce281822b608a2b26e06e3ab9e88dcdc83b2b31,VASPCUST-S-0145,VASPCUST-B-0260,VERIFIED,VERIFIED,ETH,1.0,0x9ce281822b608a2b26e06e3ab9e88dcdc83b2b31,2026-01-01T00:00:00+00:00,2026-12-31T23:59:59+00:00,ETH,0.02110097,0x9ce281822b608a2b26e06e3ab9e88dcdc83b2b31,2026-09-07T00:12:59+00:00,0xf550385b5108faa7004fcccd488ae9b9b0637d5c550429ee12cdd131672654ec,0xf550385b5108faa7004fcccd488ae9b9b0637d5c550429ee12cdd131672654ec,UNKNOWN_STATUS_NOT_EXTRACTED,25921655,155,PASS
DA-V3-00569,0x98245d0adf4595c66f0a9db8e13c44cbff6be459,0x2aeae7d1ea75ce31ba7a91baed00d01fa8376e50,VASPCUST-S-0146,VASPCUST-B-0261,PENDING,VERIFIED,ETH,5.0,0x2aeae7d1ea75ce31ba7a91baed00d01fa8376e50,2026-01-01T00:00:00+00:00,2026-12-31T23:59:59+00:00,ETH,0.001663574198761,0x2aeae7d1ea75ce31ba7a91baed00d01fa8376e50,2026-09-07T00:13:59+00:00,0x2d0c4135abf3ba7a1fd62fdf0988123c1d09bb78b3ca1ce7aaf18f8353b6f579,0x2d0c4135abf3ba7a1fd62fdf0988123c1d09bb78b3ca1ce7aaf18f8353b6f579,UNKNOWN_STATUS_NOT_EXTRACTED,25921655,198,REVIEW
DA-V3-00570,0x2b65071932872bd24343b710880e1a8193f5b626,0xf4679ac40bd5920475c950303e02c287b2059a9e,VASPCUST-S-0147,VASPCUST-B-0262,VERIFIED,VERIFIED,ETH,20.0,0xf4679ac40bd5920475c950303e02c287b2059a9e,2026-01-01T00:00:00+00:00,2026-12-31T23:59:59+00:00,ETH,1e-09,0xf4679ac40bd5920475c950303e02c287b2059a9e,2026-09-07T00:14:59+00:00,0xcce92ee2bd4e669507df1d9421908af38cbf60884e6cd60fb68176b41f3a7367,0xcce92ee2bd4e669507df1d9421908af38cbf60884e6cd60fb68176b41f3a7367,UNKNOWN_STATUS_NOT_EXTRACTED,25921655,241,PASS
DA-V3-00571,0x6b61ee6f85efd06aa41882e4145da8599457eb01,0x084a54dd5c640909fc15d0bef84466b5c1c10d63,VASPCUST-S-0148,VASPCUST-B-0263,VERIFIED,VERIFIED,ETH,0.05,0x084a54dd5c640909fc15d0bef84466b5c1c10d63,2026-01-01T00:00:00+00:00,2026-12-31T23:59:59+00:00,ETH,0.0059,0x000000000000000000000000000000000000dEaD,2026-09-07T00:15:59+00:00,0x32cd66fa87ce8eee033cff062de14c89d4e6e60fae13a793814078307f66886d,0x32cd66fa87ce8eee033cff062de14c89d4e6e60fae13a793814078307f66886d,UNKNOWN_STATUS_NOT_EXTRACTED,25921655,284,BLOCK
DA-V3-00572,0xce54f65abb8b61b83c14cbe97de97fce75bbf556,0x246ad14ce08fd305f488cc5f073cc40f7111c2de,VASPCUST-S-0149,VASPCUST-B-0264,VERIFIED,VERIFIED,ETH,0.25,0x246ad14ce08fd305f488cc5f073cc40f7111c2de,2026-01-01T00:00:00+00:00,2026-12-31T23:59:59+00:00,ETH,0.20129777075981176,0x246ad14ce08fd305f488cc5f073cc40f7111c2de,2026-09-07T00:16:47+00:00,0x695247625495dc7c8ef5e2ab6d6a540cfc23f1cc5703e2b224031c8c9e5dcaf7,0x695247625495dc7c8ef5e2ab6d6a540cfc23f1cc5703e2b224031c8c9e5dcaf7,UNKNOWN_STATUS_NOT_EXTRACTED,25921655,327,PASS
DA-V3-00573,0xb43d12ef2f8fa383d2292dd86d51b78962d722cf,0xff00000000000000000000000000000000008453,VASPCUST-S-0150,VASPCUST-B-0265,VERIFIED,UNKNOWN,ETH,1.0,0xff00000000000000000000000000000000008453,2026-01-01T00:00:00+00:00,2026-12-31T23:59:59+00:00,ETH,0.00128713,0xff00000000000000000000000000000000008453,2026-09-07T00:17:47+00:00,0x7fd547779a701870fb4baec203fa9f9e5cff177f203c93e65dd65096c634d8d8,0x7fd547779a701870fb4baec203fa9f9e5cff177f203c93e65dd65096c634d8d8,UNKNOWN_STATUS_NOT_EXTRACTED,25921655,370,REVIEW
DA-V3-00574,0xff38f06875788eafe57180e703afcd85a27e9a38,0x48518fe7f9b24c603691cb52376001e22395011f,VASPCUST-S-0151,VASPCUST-B-0266,VERIFIED,VERIFIED,ETH,5.0,0x48518fe7f9b24c603691cb52376001e22395011f,2026-01-01T00:00:00+00:00,2026-12-31T23:59:59+00:00,ETH,0.00551782031848,0x48518fe7f9b24c603691cb52376001e22395011f,2026-09-07T00:18:47+00:00,0x1b2b11488fc2cb4d0a71cc45a1a892eb5b4d05c479a696f772a992e512de8490,0x1b2b11488fc2cb4d0a71cc45a1a892eb5b4d05c479a696f772a992e512de8490,UNKNOWN_STATUS_NOT_EXTRACTED,25921655,413,PASS
DA-V3-00575,0x1723a5dd7c25fd2c3fb2bdba35f326073f1ebde9,0xff00000000000000000000000000000000000010,VASPCUST-S-0152,VASPCUST-B-0267,VERIFIED,VERIFIED,ETH,20.0,0xff00000000000000000000000000000000000010,2026-01-01T00:00:00+00:00,2026-12-31T23:59:59+00:00,ETH,0.00010001,0xff00000000000000000000000000000000000010,2026-09-07T00:19:47+00:00,0x4a344cd1085aaf1aa62ac3549256015b8c9f4e033b34c6299691a6dfb1789940,0x4a344cd1085aaf1aa62ac3549256015b8c9f4e033b34c6299691a6dfb1789940,UNKNOWN_STATUS_NOT_EXTRACTED,25921654,32,PASS
DA-V3-00576,0xdb61db256a30f3ef46110b8e2520aaec0db08153,0xaa72c874bacabb8eb9a5efe0fb2c24218f245853,VASPCUST-S-0153,VASPCUST-B-0268,VERIFIED,VERIFIED,ETH,0.05,0xaa72c874bacabb8eb9a5efe0fb2c24218f245853,2026-01-01T00:00:00+00:00,2026-01-15T23:59:59+00:00,ETH,0.02,0xaa72c874bacabb8eb9a5efe0fb2c24218f245853,2026-09-07T00:20:47+00:00,0x1d5f5778fd32076196279b3a3b67172fae7306b55a697b0603007028e132d06e,0x1d5f5778fd32076196279b3a3b67172fae7306b55a697b0603007028e132d06e,UNKNOWN_STATUS_NOT_EXTRACTED,25921654,75,PASS
DA-V3-00577,0x185082be2b7ed0f6b7a52571902005e8a3e9b0e6,0xdac17f958d2ee523a2206206994597c13d831ec7,VASPCUST-S-0154,VASPCUST-B-0269,FAILED,VERIFIED,ETH,0.25,0xdac17f958d2ee523a2206206994597c13d831ec7,2026-01-01T00:00:00+00:00,2026-12-31T23:59:59+00:00,ETH,0.3,0xdac17f958d2ee523a2206206994597c13d831ec7,2026-09-07T00:21:47+00:00,0x494557e64d151d5031ff41ef3640a3c052532370c5f3734fec60cb63d33bdd26,0x494557e64d151d5031ff41ef3640a3c052532370c5f3734fec60cb63d33bdd26,UNKNOWN_STATUS_NOT_EXTRACTED,25921654,118,REVIEW
DA-V3-00578,0x21a31ee1afc51d94c2efccaa2092ad1028285549,0x8292bb45bf1ee4d140127049757c2e0ff06317ed,VASPCUST-S-0155,VASPCUST-B-0270,VERIFIED,VERIFIED,ETH,1.0,0x8292bb45bf1ee4d140127049757c2e0ff06317ed,2026-01-01T00:00:00+00:00,2026-12-31T23:59:59+00:00,ETH,3.659943189638e-06,0x8292bb45bf1ee4d140127049757c2e0ff06317ed,2026-09-07T00:22:47+00:00,0x6636d653cf1ad2b032181f9bf71369c62b7df86fc17635981456452cf85535b7,0x6636d653cf1ad2b032181f9bf71369c62b7df86fc17635981456452cf85535b7,UNKNOWN_STATUS_NOT_EXTRACTED,25921653,42,PASS
DA-V3-00579,0x61b487ea6fa8d80b9fec6e19c41b7a1b193d4b83,0x3cadefd4c1761c2bf37711b6e48bbc6966658f93,VASPCUST-S-0156,VASPCUST-B-0271,VERIFIED,VERIFIED,ETH,5.0,0x3cadefd4c1761c2bf37711b6e48bbc6966658f93,2026-01-01T00:00:00+00:00,2026-12-31T23:59:59+00:00,UNAPPROVED_TOKEN,4.1e-06,0x3cadefd4c1761c2bf37711b6e48bbc6966658f93,2026-09-07T00:23:35+00:00,0x7cac5c5418740795642f44eec0c2bbab414b25b14bc7f9814fabc85da4a7956f,0x7cac5c5418740795642f44eec0c2bbab414b25b14bc7f9814fabc85da4a7956f,UNKNOWN_STATUS_NOT_EXTRACTED,25921653,85,BLOCK
DA-V3-00580,0xeaa9ebddd373c4bd8bb92dfcc9c7e7fcdb268e51,0xdac17f958d2ee523a2206206994597c13d831ec7,VASPCUST-S-0157,VASPCUST-B-0272,VERIFIED,VERIFIED,ETH,20.0,0xdac17f958d2ee523a2206206994597c13d831ec7,2026-01-01T00:00:00+00:00,2026-12-31T23:59:59+00:00,ETH,0.04687737438367336,0xdac17f958d2ee523a2206206994597c13d831ec7,2026-09-07T00:24:35+00:00,0x6a5d02bbf3fdd0c7a687556362532bf6209d919d17f1a6f2d0d482aaff901939,0x6a5d02bbf3fdd0c7a687556362532bf6209d919d17f1a6f2d0d482aaff901939,UNKNOWN_STATUS_NOT_EXTRACTED,25921653,128,PASS
DA-V3-00581,0x91c78270162aa4c894a207538f8e2f7b4e39e48c,0x0ca8e8d976df3321f6ff0a8cca96536a51565c81,VASPCUST-S-0158,VASPCUST-B-0273,VERIFIED,VERIFIED,ETH,0.05,0x0ca8e8d976df3321f6ff0a8cca96536a51565c81,2026-01-01T00:00:00+00:00,2026-12-31T23:59:59+00:00,ETH,0.01,0x0ca8e8d976df3321f6ff0a8cca96536a51565c81,2026-09-07T00:25:35+00:00,0xa293d7a99146421edc4808df47fc46ab7886cd0f4cf211ea599966d5e7b4096e,0xa293d7a99146421edc4808df47fc46ab7886cd0f4cf211ea599966d5e7b4096e,UNKNOWN_STATUS_NOT_EXTRACTED,25921653,171,PASS
DA-V3-00582,0x989998ecb2e3cb631fff4e756582ceb28afa1b19,0x38bf6e51ac6dc2ddff3391ebcb1ab51fe6c3fbdc,VASPCUST-S-0159,VASPCUST-B-0274,VERIFIED,VERIFIED,ETH,0.25,0x38bf6e51ac6dc2ddff3391ebcb1ab51fe6c3fbdc,2026-01-01T00:00:00+00:00,2026-12-31T23:59:59+00:00,ETH,0.335131771106691,0x38bf6e51ac6dc2ddff3391ebcb1ab51fe6c3fbdc,2026-09-07T00:26:35+00:00,0xe856596c686e81afff3746df379afbe9095acea4be5ea5b05bbbd74c92b93f37,0xe856596c686e81afff3746df379afbe9095acea4be5ea5b05bbbd74c92b93f37,UNKNOWN_STATUS_NOT_EXTRACTED,25921652,2,BLOCK
DA-V3-00583,0x370a7e2d300c14d79d4a7ee07aaca46c4b3012cf,0x25f8087ead173b73d6e8b84329989a8eea16cf73,VASPCUST-S-0160,VASPCUST-B-0275,VERIFIED,VERIFIED,ETH,1.0,0x25f8087ead173b73d6e8b84329989a8eea16cf73,2026-01-01T00:00:00+00:00,2026-12-31T23:59:59+00:00,ETH,2.1e-05,0x25f8087ead173b73d6e8b84329989a8eea16cf73,2026-09-07T00:27:35+00:00,0xa0d98f69f6645b5807e2e7974663adf9696732815a9cb01280b91d4bb7feee15,0xa0d98f69f6645b5807e2e7974663adf9696732815a9cb01280b91d4bb7feee15,UNKNOWN_STATUS_NOT_EXTRACTED,25921652,45,PASS
DA-V3-00584,0x2d368d6a84b791d634e6f9f81908d884849fd43d,0x25f8087ead173b73d6e8b84329989a8eea16cf73,VASPCUST-S-0161,VASPCUST-B-0276,VERIFIED,UNKNOWN,ETH,5.0,0x25f8087ead173b73d6e8b84329989a8eea16cf73,2026-01-01T00:00:00+00:00,2026-12-31T23:59:59+00:00,ETH,8.3e-16,0x25f8087ead173b73d6e8b84329989a8eea16cf73,2026-09-07T00:28:35+00:00,0x1a3b5a6ea304e47a1683b4055b963bdf0c27ff71306bc27450e41c69931f9792,0x1a3b5a6ea304e47a1683b4055b963bdf0c27ff71306bc27450e41c69931f9792,UNKNOWN_STATUS_NOT_EXTRACTED,25921652,88,REVIEW
DA-V3-00585,0x0c7e4f7608502ba0159e7c535a0967742c961e0a,0xa0b86991c6218b36c1d19d4a2e9eb0ce3606eb48,VASPCUST-S-0162,VASPCUST-B-0277,PENDING,VERIFIED,ETH,20.0,0xa0b86991c6218b36c1d19d4a2e9eb0ce3606eb48,2026-01-01T00:00:00+00:00,2026-12-31T23:59:59+00:00,ETH,0.1900003996,0xa0b86991c6218b36c1d19d4a2e9eb0ce3606eb48,2026-09-07T00:29:35+00:00,0xaad9d446721e531ffc0d45e01cbb061add5ecf8e51307d8790f5bf982e9de64b,0xaad9d446721e531ffc0d45e01cbb061add5ecf8e51307d8790f5bf982e9de64b,UNKNOWN_STATUS_NOT_EXTRACTED,25921652,131,REVIEW
DA-V3-00586,0x004b38217d000000001e4f000034a6f30026bf1c,0xdac17f958d2ee523a2206206994597c13d831ec7,VASPCUST-S-0163,VASPCUST-B-0278,VERIFIED,VERIFIED,ETH,0.05,0xdac17f958d2ee523a2206206994597c13d831ec7,2026-01-01T00:00:00+00:00,2026-12-31T23:59:59+00:00,ETH,0.001,0xdac17f958d2ee523a2206206994597c13d831ec7,2026-09-07T00:30:35+00:00,0x03378e56eeee800db2762374851e3355421904741b0d2cfc430301cda4e34100,0x03378e56eeee800db2762374851e3355421904741b0d2cfc430301cda4e34100,UNKNOWN_STATUS_NOT_EXTRACTED,25921651,9,PASS
DA-V3-00587,0x13c22c7d6f26ca979a23ec4d7d7734ae14652262,0xb802cfb943e3873c1377947624a1bd77970622e5,VASPCUST-S-0164,VASPCUST-B-0279,VERIFIED,VERIFIED,ETH,0.25,0xb802cfb943e3873c1377947624a1bd77970622e5,2026-01-01T00:00:00+00:00,2026-12-31T23:59:59+00:00,ETH,0.012,0xb802cfb943e3873c1377947624a1bd77970622e5,2026-09-07T00:31:35+00:00,0x62a1b0af56e0503d8b9b77187cb9b8e967482101589e0584235cd5fc571087ff,0x62a1b0af56e0503d8b9b77187cb9b8e967482101589e0584235cd5fc571087ff,UNKNOWN_STATUS_NOT_EXTRACTED,25921651,52,PASS
DA-V3-00588,0x4f43c1683fcfa2937169be2ef9c22aef1b9347b2,0x6b175474e89094c44da98b954eedeac495271d0f,VASPCUST-S-0165,VASPCUST-B-0280,VERIFIED,VERIFIED,ETH,1.0,0x6b175474e89094c44da98b954eedeac495271d0f,2026-01-01T00:00:00+00:00,2026-12-31T23:59:59+00:00,ETH,0.0125575,0x6b175474e89094c44da98b954eedeac495271d0f,2026-09-07T00:32:35+00:00,0xa979ebd52f8cfe4c3fbc0b30baa0b3073c8c6aa14b57f8df56d04b40ec13a1a4,0xa979ebd52f8cfe4c3fbc0b30baa0b3073c8c6aa14b57f8df56d04b40ec13a1a4,UNKNOWN_STATUS_NOT_EXTRACTED,25921651,95,PASS
DA-V3-00589,0x200000000c4d244bc2f02fd0564c59f8db0753fd,0x2786ed4ce17214579e359064827715ad2acb1477,VASPCUST-S-0166,VASPCUST-B-0281,VERIFIED,VERIFIED,ETH,5.0,0x2786ed4ce17214579e359064827715ad2acb1477,2026-01-01T00:00:00+00:00,2026-12-31T23:59:59+00:00,ETH,1e-09,0x2786ed4ce17214579e359064827715ad2acb1477,2026-09-07T00:33:35+00:00,0xab74a4916568831da59ac2c6d935e952b48b80fbb62254c862190595736b9388,0xab74a4916568831da59ac2c6d935e952b48b80fbb62254c862190595736b9388,UNKNOWN_STATUS_NOT_EXTRACTED,25921651,138,PASS
DA-V3-00590,0x96d4ba916ff8a35917d0fbd22aa4b44d1e2a2439,0x8feab81d36e7576107d5de0758c1b839be31b4f6,VASPCUST-S-0167,VASPCUST-B-0282,VERIFIED,VERIFIED,ETH,20.0,0x8feab81d36e7576107d5de0758c1b839be31b4f6,2026-01-01T00:00:00+00:00,2026-12-31T23:59:59+00:00,ETH,0.009259352921747548,0x000000000000000000000000000000000000dEaD,2026-09-07T00:34:35+00:00,0xe39bc06adaa1921c182881bc88e74ce367e4b528c0d8229b14eda1222d578aa7,0xe39bc06adaa1921c182881bc88e74ce367e4b528c0d8229b14eda1222d578aa7,UNKNOWN_STATUS_NOT_EXTRACTED,25921651,181,BLOCK
DA-V3-00591,0x4f8b3871effe1e602485537c234020388b0d3fd6,0xc02ab410f0734efa3f14628780e6e695156024c2,VASPCUST-S-0168,VASPCUST-B-0283,VERIFIED,VERIFIED,ETH,0.05,0xc02ab410f0734efa3f14628780e6e695156024c2,2026-01-01T00:00:00+00:00,2026-12-31T23:59:59+00:00,ETH,0.53,0xc02ab410f0734efa3f14628780e6e695156024c2,2026-09-07T00:35:35+00:00,0x4066d4d993d0dca253f529cac6fd4c1f8bdfbd3cae5f1d0a780cd35705cde7d1,0x4066d4d993d0dca253f529cac6fd4c1f8bdfbd3cae5f1d0a780cd35705cde7d1,UNKNOWN_STATUS_NOT_EXTRACTED,25921650,23,BLOCK
DA-V3-00592,0xdaa526086787d9debe1d7f3ffdb1fe50cf8687f4,0x0000000071727de22e5e9d8baf0edac6f37da032,VASPCUST-S-0169,VASPCUST-B-0284,VERIFIED,VERIFIED,ETH,0.25,0x0000000071727de22e5e9d8baf0edac6f37da032,2026-01-01T00:00:00+00:00,2026-12-31T23:59:59+00:00,ETH,0.003802789755407,0x0000000071727de22e5e9d8baf0edac6f37da032,2026-09-07T00:36:23+00:00,0xc3a80aab0a5db36fecd611444a83fa96b396b83696dda06d5c2c964b51eeb5ac,0xc3a80aab0a5db36fecd611444a83fa96b396b83696dda06d5c2c964b51eeb5ac,UNKNOWN_STATUS_NOT_EXTRACTED,25921650,66,PASS
DA-V3-00593,0xebdb3602e99311abf21d8508cf288455f104b206,0xdac17f958d2ee523a2206206994597c13d831ec7,VASPCUST-S-0170,VASPCUST-B-0285,FAILED,VERIFIED,ETH,1.0,0xdac17f958d2ee523a2206206994597c13d831ec7,2026-01-01T00:00:00+00:00,2026-12-31T23:59:59+00:00,ETH,0.15,0xdac17f958d2ee523a2206206994597c13d831ec7,2026-09-07T00:37:11+00:00,0xea4caab1b9963209e1ce307d5baadf4fe9f371686bdf029b3d133fb3bff1d3d2,0xea4caab1b9963209e1ce307d5baadf4fe9f371686bdf029b3d133fb3bff1d3d2,UNKNOWN_STATUS_NOT_EXTRACTED,25921650,109,REVIEW
DA-V3-00594,0x0067cc2416f792cf0ec5629f5506324ac508f859,0xdac17f958d2ee523a2206206994597c13d831ec7,VASPCUST-S-0171,VASPCUST-B-0286,VERIFIED,VERIFIED,ETH,5.0,0xdac17f958d2ee523a2206206994597c13d831ec7,2026-01-01T00:00:00+00:00,2026-12-31T23:59:59+00:00,ETH,8.9008818879114e-05,0xdac17f958d2ee523a2206206994597c13d831ec7,2026-09-07T00:38:11+00:00,0xf9e71551bfba60ead51f7f7d74bc20e2ef46055a1b8894dc4df7cabcafd8a0c7,0xf9e71551bfba60ead51f7f7d74bc20e2ef46055a1b8894dc4df7cabcafd8a0c7,UNKNOWN_STATUS_NOT_EXTRACTED,25921650,152,PASS
DA-V3-00595,0x62f3314fedcd30f816e7d4ee50e779c654df0d58,0x61af3bab2d6ef1cdf48f876f83d517ce8e795fc6,VASPCUST-S-0172,VASPCUST-B-0287,VERIFIED,UNKNOWN,ETH,20.0,0x61af3bab2d6ef1cdf48f876f83d517ce8e795fc6,2026-01-01T00:00:00+00:00,2026-12-31T23:59:59+00:00,ETH,0.017577831097378,0x61af3bab2d6ef1cdf48f876f83d517ce8e795fc6,2026-09-07T00:39:11+00:00,0x761a2f2e26e126d9bb49ab4771126d30d25274a522b3409c3eafeea79350aff6,0x761a2f2e26e126d9bb49ab4771126d30d25274a522b3409c3eafeea79350aff6,UNKNOWN_STATUS_NOT_EXTRACTED,25921649,1,REVIEW
DA-V3-00596,0xd6f4567bfa29bc70b26dccaeb07e5868905d667c,0x51c72848c68a965f66fa7a88855f9f7784502a7f,VASPCUST-S-0173,VASPCUST-B-0288,VERIFIED,VERIFIED,ETH,0.05,0x51c72848c68a965f66fa7a88855f9f7784502a7f,2026-01-01T00:00:00+00:00,2026-12-31T23:59:59+00:00,UNAPPROVED_TOKEN,3.16039296348e-06,0x51c72848c68a965f66fa7a88855f9f7784502a7f,2026-09-07T00:40:11+00:00,0x4cf8fa1310e1453a1d1fcc54685b0245f5761cb8058af8228ead5035e9e4a08d,0x4cf8fa1310e1453a1d1fcc54685b0245f5761cb8058af8228ead5035e9e4a08d,UNKNOWN_STATUS_NOT_EXTRACTED,25921649,44,BLOCK
DA-V3-00597,0x6dfc8cb548a9009ade97e56670d8565989227b3c,0xd1c6aca7ea7ed44e1873dafa054c28ceb690c7eb,VASPCUST-S-0174,VASPCUST-B-0289,VERIFIED,VERIFIED,ETH,0.25,0xd1c6aca7ea7ed44e1873dafa054c28ceb690c7eb,2026-01-01T00:00:00+00:00,2026-12-31T23:59:59+00:00,ETH,0.000220949126907224,0xd1c6aca7ea7ed44e1873dafa054c28ceb690c7eb,2026-09-07T00:41:11+00:00,0x89353595a922681832e6f32a4eccf80df305842e7a35f0807b647031621c4f5f,0x89353595a922681832e6f32a4eccf80df305842e7a35f0807b647031621c4f5f,UNKNOWN_STATUS_NOT_EXTRACTED,25921649,87,PASS
DA-V3-00598,0xc3b018faea9e98af838bbb76db4925578e9667bb,0x0000000071727de22e5e9d8baf0edac6f37da032,VASPCUST-S-0175,VASPCUST-B-0290,VERIFIED,VERIFIED,ETH,1.0,0x0000000071727de22e5e9d8baf0edac6f37da032,2026-01-01T00:00:00+00:00,2026-12-31T23:59:59+00:00,ETH,0.26984442008117815,0x0000000071727de22e5e9d8baf0edac6f37da032,2026-09-07T00:42:11+00:00,0xca145251a90dd3c96f89f31e04f090646aa599edab078d7bca4979f89f685167,0xca145251a90dd3c96f89f31e04f090646aa599edab078d7bca4979f89f685167,UNKNOWN_STATUS_NOT_EXTRACTED,25921649,130,PASS
DA-V3-00599,0xa2691594f2bb398fbd6dff4846b596521e9d319b,0x7b32e9f7419836aa50fda10af4137400ae5c5f1b,VASPCUST-S-0176,VASPCUST-B-0291,VERIFIED,VERIFIED,ETH,5.0,0x7b32e9f7419836aa50fda10af4137400ae5c5f1b,2026-01-01T00:00:00+00:00,2026-01-15T23:59:59+00:00,ETH,0.010002359955618208,0x7b32e9f7419836aa50fda10af4137400ae5c5f1b,2026-09-07T00:43:11+00:00,0xf69908ee1e10de259bc07d7af0d048d178e3c6f955e604fa63804cfb5d3170b7,0xf69908ee1e10de259bc07d7af0d048d178e3c6f955e604fa63804cfb5d3170b7,UNKNOWN_STATUS_NOT_EXTRACTED,25921649,173,PASS
DA-V3-00600,0xe255ba4b132ccd83797c77cebfc65f62476712cd,0x278d858f05b94576c1e6f73285886876ff6ef8d2,VASPCUST-S-0177,VASPCUST-B-0292,VERIFIED,VERIFIED,ETH,20.0,0x278d858f05b94576c1e6f73285886876ff6ef8d2,2026-01-01T00:00:00+00:00,2026-12-31T23:59:59+00:00,ETH,0.00011010972971764,0x278d858f05b94576c1e6f73285886876ff6ef8d2,2026-09-07T00:44:11+00:00,0x9be895d6b784a2878ec7318572fc26851c39f42f51a5064384e5cf263cdd6dae,0x9be895d6b784a2878ec7318572fc26851c39f42f51a5064384e5cf263cdd6dae,UNKNOWN_STATUS_NOT_EXTRACTED,25921649,216,PASS
DA-V3-00601,0x96fd3a940fa91563451841eec20ec5e02c2e40dd,0x6ad13ecfc8bc8d9ebf7eb7282a6bd6f38115e19a,VASPCUST-S-0178,VASPCUST-B-0293,PENDING,VERIFIED,ETH,0.05,0x6ad13ecfc8bc8d9ebf7eb7282a6bd6f38115e19a,2026-01-01T00:00:00+00:00,2026-12-31T23:59:59+00:00,ETH,3.21e-06,0x6ad13ecfc8bc8d9ebf7eb7282a6bd6f38115e19a,2026-09-07T00:45:11+00:00,0x2ac3cdfc85470cdc290ee2dc9acda5e45cdb6280ba9231594f4c4a5ccef630ad,0x2ac3cdfc85470cdc290ee2dc9acda5e45cdb6280ba9231594f4c4a5ccef630ad,UNKNOWN_STATUS_NOT_EXTRACTED,25921649,259,REVIEW
DA-V3-00602,0x000000000062b66705d912df5940ffacbbec6a82,0xcbc6ec2db48b469b6bd93816701bc5089da78bf2,VASPCUST-S-0179,VASPCUST-B-0294,VERIFIED,VERIFIED,ETH,0.25,0xcbc6ec2db48b469b6bd93816701bc5089da78bf2,2026-01-01T00:00:00+00:00,2026-12-31T23:59:59+00:00,ETH,0.06864195241784328,0xcbc6ec2db48b469b6bd93816701bc5089da78bf2,2026-09-07T00:45:59+00:00,0xcb6bdd06d35ea772c888d4eb2125a117fec23ba4789b403d006c3bc62ba39142,0xcb6bdd06d35ea772c888d4eb2125a117fec23ba4789b403d006c3bc62ba39142,UNKNOWN_STATUS_NOT_EXTRACTED,25921648,41,PASS
DA-V3-00603,0x567a3db93ef494246dd3435275558312e049b5da,0x9e32b13ce7f2e80a01932b42553652e053d6ed8e,VASPCUST-S-0180,VASPCUST-B-0295,VERIFIED,VERIFIED,ETH,1.0,0x9e32b13ce7f2e80a01932b42553652e053d6ed8e,2026-01-01T00:00:00+00:00,2026-12-31T23:59:59+00:00,ETH,0.040000980477673,0x9e32b13ce7f2e80a01932b42553652e053d6ed8e,2026-09-07T00:46:59+00:00,0x281790358c4bfdf36f6c56c28b19dc701d6f4a94b6fd4e4268b6bc029a36623f,0x281790358c4bfdf36f6c56c28b19dc701d6f4a94b6fd4e4268b6bc029a36623f,UNKNOWN_STATUS_NOT_EXTRACTED,25921648,84,PASS
DA-V3-00604,0x25a62de4b3886dca2244bccee7cf3ce5823a5f92,0xd4fc6fc79b44b5f13641fcbad718c794d4f177c9,VASPCUST-S-0181,VASPCUST-B-0296,VERIFIED,VERIFIED,ETH,5.0,0xd4fc6fc79b44b5f13641fcbad718c794d4f177c9,2026-01-01T00:00:00+00:00,2026-12-31T23:59:59+00:00,ETH,3.175003912e-06,0xd4fc6fc79b44b5f13641fcbad718c794d4f177c9,2026-09-07T00:47:59+00:00,0x2643528236b6e3ef5bf69512ffd76051f24a6380f48b7ac0cc50fe2153e4f6bc,0x2643528236b6e3ef5bf69512ffd76051f24a6380f48b7ac0cc50fe2153e4f6bc,UNKNOWN_STATUS_NOT_EXTRACTED,25921648,127,PASS
DA-V3-00605,0x686dfd8111ef0353e561b3183b5bfacd3be1737c,0x84a76eb7250108f0e464dcd9b9241fa55d87d002,VASPCUST-S-0182,VASPCUST-B-0297,VERIFIED,VERIFIED,ETH,20.0,0x84a76eb7250108f0e464dcd9b9241fa55d87d002,2026-01-01T00:00:00+00:00,2026-12-31T23:59:59+00:00,ETH,0.02043373,0x84a76eb7250108f0e464dcd9b9241fa55d87d002,2026-09-07T00:48:59+00:00,0x336857712982ab8661069c642a9e21a6fe52425e3ddf523a1f16dfe5731439aa,0x336857712982ab8661069c642a9e21a6fe52425e3ddf523a1f16dfe5731439aa,UNKNOWN_STATUS_NOT_EXTRACTED,25921648,170,PASS
DA-V3-00606,0x4976a4a02f38326660d17bf34b431dc6e2eb2327,0x8cc5c24a1666d3214340050315b82b2b6b0d9027,VASPCUST-S-0183,VASPCUST-B-0298,VERIFIED,UNKNOWN,ETH,0.05,0x8cc5c24a1666d3214340050315b82b2b6b0d9027,2026-01-01T00:00:00+00:00,2026-12-31T23:59:59+00:00,ETH,1e-09,0x8cc5c24a1666d3214340050315b82b2b6b0d9027,2026-09-07T00:49:47+00:00,0x2277fe9a50721f1151fa590a9749a3d2b66f67b69e0ee42e720b844c85381ae7,0x2277fe9a50721f1151fa590a9749a3d2b66f67b69e0ee42e720b844c85381ae7,UNKNOWN_STATUS_NOT_EXTRACTED,25921648,213,REVIEW
DA-V3-00607,0x64c44c0a95ba2d2a711fdb3722fd11845fb53904,0x171fc96c69ae99555507adf90bad9c91bce91574,VASPCUST-S-0184,VASPCUST-B-0299,VERIFIED,VERIFIED,ETH,0.25,0x171fc96c69ae99555507adf90bad9c91bce91574,2026-01-01T00:00:00+00:00,2026-12-31T23:59:59+00:00,ETH,1.342e-14,0x171fc96c69ae99555507adf90bad9c91bce91574,2026-09-07T00:50:47+00:00,0x77addb4590cd26fc29df047586b07bddf4f5fbe23ff306bc23000ccc75110937,0x77addb4590cd26fc29df047586b07bddf4f5fbe23ff306bc23000ccc75110937,UNKNOWN_STATUS_NOT_EXTRACTED,25921648,256,PASS
DA-V3-00608,0x358f4e38b690d6c0a50593bba7516529f9fecb53,0x3e7f8d60e9d7315bbf592ba35705d3d9caa8a6d7,VASPCUST-S-0185,VASPCUST-B-0300,VERIFIED,VERIFIED,ETH,1.0,0x3e7f8d60e9d7315bbf592ba35705d3d9caa8a6d7,2026-01-01T00:00:00+00:00,2026-12-31T23:59:59+00:00,ETH,0.0394904,0x3e7f8d60e9d7315bbf592ba35705d3d9caa8a6d7,2026-09-07T00:51:47+00:00,0x4d34bb006837503ffb3f26e6865c0ecaf0ac3e25bba7d38680712877d822390d,0x4d34bb006837503ffb3f26e6865c0ecaf0ac3e25bba7d38680712877d822390d,UNKNOWN_STATUS_NOT_EXTRACTED,25921648,299,PASS
DA-V3-00609,0x1b8eaec27d352939bbd5c061757feab6230a3d1a,0x43edb88c4b80fdd2adff2412a7bebf9df42cb40e,VASPCUST-S-0186,VASPCUST-B-0301,FAILED,VERIFIED,ETH,5.0,0x43edb88c4b80fdd2adff2412a7bebf9df42cb40e,2026-01-01T00:00:00+00:00,2026-12-31T23:59:59+00:00,ETH,0.004779448372000398,0x000000000000000000000000000000000000dEaD,2026-09-07T00:52:47+00:00,0x2c3850cdd6a6a54bcfddadadedd6e0a82504ba3783e188d90bd8e4992dd345fe,0x2c3850cdd6a6a54bcfddadadedd6e0a82504ba3783e188d90bd8e4992dd345fe,UNKNOWN_STATUS_NOT_EXTRACTED,25921648,342,REVIEW
DA-V3-00610,0x47b9b3abe477fbe152b470a5ec2027ac84cb22c7,0x8cc5c24a1666d3214340050315b82b2b6b0d9027,VASPCUST-S-0187,VASPCUST-B-0302,VERIFIED,VERIFIED,ETH,20.0,0x8cc5c24a1666d3214340050315b82b2b6b0d9027,2026-01-01T00:00:00+00:00,2026-12-31T23:59:59+00:00,ETH,0.047646375410066,0x8cc5c24a1666d3214340050315b82b2b6b0d9027,2026-09-07T00:53:47+00:00,0xbe66cfae4062c4255f9744c2dfdbe8b7660406c5faeed8ddd9691f325db23a09,0xbe66cfae4062c4255f9744c2dfdbe8b7660406c5faeed8ddd9691f325db23a09,UNKNOWN_STATUS_NOT_EXTRACTED,25921648,385,PASS
DA-V3-00611,0x2fab8e58748f18814b37b86d6ec9bb237118027b,0x0439e60f02a8900a951603950d8d4527f400c3f1,VASPCUST-S-0188,VASPCUST-B-0303,VERIFIED,VERIFIED,ETH,0.05,0x0439e60f02a8900a951603950d8d4527f400c3f1,2026-01-01T00:00:00+00:00,2026-12-31T23:59:59+00:00,ETH,0.002726886372685619,0x0439e60f02a8900a951603950d8d4527f400c3f1,2026-09-07T00:54:47+00:00,0x6718c91b4a2e72395a0a4f54ed87765b29143255b986a1e432d81582d365ab68,0x6718c91b4a2e72395a0a4f54ed87765b29143255b986a1e432d81582d365ab68,UNKNOWN_STATUS_NOT_EXTRACTED,25921648,428,PASS
DA-V3-00612,0xb80c0d24860988f67752c2c3ffcaf47df1f3b9d7,0xdac17f958d2ee523a2206206994597c13d831ec7,VASPCUST-S-0189,VASPCUST-B-0304,VERIFIED,VERIFIED,ETH,0.25,0xdac17f958d2ee523a2206206994597c13d831ec7,2026-01-01T00:00:00+00:00,2026-12-31T23:59:59+00:00,ETH,2.1299020688e-06,0xdac17f958d2ee523a2206206994597c13d831ec7,2026-09-07T00:55:47+00:00,0x226daeb3726763796a436900d7d584f9761b6c93b4ac3931d45cc0bbdc7225ad,0x226daeb3726763796a436900d7d584f9761b6c93b4ac3931d45cc0bbdc7225ad,UNKNOWN_STATUS_NOT_EXTRACTED,25921647,8,PASS
DA-V3-00613,0x4337003fcd2f56de3977ccb806383e9161628d0e,0xa0b86991c6218b36c1d19d4a2e9eb0ce3606eb48,VASPCUST-S-0190,VASPCUST-B-0305,VERIFIED,VERIFIED,ETH,1.0,0xa0b86991c6218b36c1d19d4a2e9eb0ce3606eb48,2026-01-01T00:00:00+00:00,2026-12-31T23:59:59+00:00,UNAPPROVED_TOKEN,8.3e-16,0xa0b86991c6218b36c1d19d4a2e9eb0ce3606eb48,2026-09-07T00:56:47+00:00,0xa24ce0ec46247175e5fcef06fa840bf627b4166c08aef425c32ea0b1589ccf67,0xa24ce0ec46247175e5fcef06fa840bf627b4166c08aef425c32ea0b1589ccf67,UNKNOWN_STATUS_NOT_EXTRACTED,25921647,51,BLOCK
DA-V3-00614,0xd95dadf7bce59c7da2122e22fc03184ecf375935,0x3c4d7fdab5b08a00240b47eaa1bf5b9e5cee9a00,VASPCUST-S-0191,VASPCUST-B-0306,VERIFIED,VERIFIED,ETH,5.0,0x3c4d7fdab5b08a00240b47eaa1bf5b9e5cee9a00,2026-01-01T00:00:00+00:00,2026-12-31T23:59:59+00:00,ETH,0.4899966044083138,0x3c4d7fdab5b08a00240b47eaa1bf5b9e5cee9a00,2026-09-07T00:57:35+00:00,0x654a46fc6e0d7ff8b89533c7e9a36d41e294b0c2c87dc22bd4c016428effb90d,0x654a46fc6e0d7ff8b89533c7e9a36d41e294b0c2c87dc22bd4c016428effb90d,UNKNOWN_STATUS_NOT_EXTRACTED,25921647,94,PASS
DA-V3-00615,0x9736603a31cf71efcb62631cc28f60bcbd31d565,0x68f7dfde33fd3077e118bdaefbe9d6daf1e8fc99,VASPCUST-S-0192,VASPCUST-B-0000,VERIFIED,VERIFIED,ETH,20.0,0x68f7dfde33fd3077e118bdaefbe9d6daf1e8fc99,2026-01-01T00:00:00+00:00,2026-12-31T23:59:59+00:00,ETH,1.11444e-07,0x68f7dfde33fd3077e118bdaefbe9d6daf1e8fc99,2026-09-07T00:58:35+00:00,0x5a6b46b2345b487e6adcfd43e7ea2d29323a76ee2b6063085fdbf510d26777be,0x5a6b46b2345b487e6adcfd43e7ea2d29323a76ee2b6063085fdbf510d26777be,UNKNOWN_STATUS_NOT_EXTRACTED,25921647,137,PASS
DA-V3-00616,0x62702b0b1b0aaccccb80ca07a1cdbd5ff0b40d3a,0x11be18370b2937e011fd5c853f5b9aeea797fd54,VASPCUST-S-0193,VASPCUST-B-0001,VERIFIED,VERIFIED,ETH,0.05,0x11be18370b2937e011fd5c853f5b9aeea797fd54,2026-01-01T00:00:00+00:00,2026-12-31T23:59:59+00:00,ETH,0.13924974156264905,0x11be18370b2937e011fd5c853f5b9aeea797fd54,2026-09-07T00:59:35+00:00,0x7e2c39f4c1af195f7fbf2735c228c456d861a68dd1e00675b967019cd34dc848,0x7e2c39f4c1af195f7fbf2735c228c456d861a68dd1e00675b967019cd34dc848,UNKNOWN_STATUS_NOT_EXTRACTED,25921646,34,BLOCK
DA-V3-00617,0x86a067030a9668c13ff2a8c4d5415afc776d4c63,0x8e2c3d976b4b82c7e81aac5bebea94e4bc8de856,VASPCUST-S-0194,VASPCUST-B-0002,PENDING,UNKNOWN,ETH,0.25,0x8e2c3d976b4b82c7e81aac5bebea94e4bc8de856,2026-01-01T00:00:00+00:00,2026-12-31T23:59:59+00:00,ETH,0.008673083612952314,0x8e2c3d976b4b82c7e81aac5bebea94e4bc8de856,2026-09-07T01:00:35+00:00,0xeabe9884b136c5331041abee09da70211605506c03e04055562626e0a029f840,0xeabe9884b136c5331041abee09da70211605506c03e04055562626e0a029f840,UNKNOWN_STATUS_NOT_EXTRACTED,25921646,77,REVIEW
DA-V3-00618,0x03690368c1aa4ab7260311af4cb50471f5dfca0e,0xdac17f958d2ee523a2206206994597c13d831ec7,VASPCUST-S-0195,VASPCUST-B-0003,VERIFIED,VERIFIED,ETH,1.0,0xdac17f958d2ee523a2206206994597c13d831ec7,2026-01-01T00:00:00+00:00,2026-12-31T23:59:59+00:00,ETH,0.001904894189035233,0xdac17f958d2ee523a2206206994597c13d831ec7,2026-09-07T01:01:35+00:00,0xc0b34117cb1744c0de4d6cb70da830e4e663fb223e08f2667911de236bf27c06,0xc0b34117cb1744c0de4d6cb70da830e4e663fb223e08f2667911de236bf27c06,UNKNOWN_STATUS_NOT_EXTRACTED,25921645,38,PASS
DA-V3-00619,0x66514aad16abdccac5bbaa360e9beb00c548fe1d,0xa0b86991c6218b36c1d19d4a2e9eb0ce3606eb48,VASPCUST-S-0196,VASPCUST-B-0004,VERIFIED,VERIFIED,ETH,5.0,0xa0b86991c6218b36c1d19d4a2e9eb0ce3606eb48,2026-01-01T00:00:00+00:00,2026-12-31T23:59:59+00:00,ETH,0.01,0xa0b86991c6218b36c1d19d4a2e9eb0ce3606eb48,2026-09-07T01:02:35+00:00,0xe80bd3ef14f377463b23d5cd561b61de7d52e811aff99e5ae64579d43b196d45,0xe80bd3ef14f377463b23d5cd561b61de7d52e811aff99e5ae64579d43b196d45,UNKNOWN_STATUS_NOT_EXTRACTED,25921645,81,PASS
DA-V3-00620,0x8ad9a9bdbc595bba94e5dbf7aac1820b9aba4362,0xca11bde05977b3631167028862be2a173976ca11,VASPCUST-S-0197,VASPCUST-B-0005,VERIFIED,VERIFIED,ETH,20.0,0xca11bde05977b3631167028862be2a173976ca11,2026-01-01T00:00:00+00:00,2026-12-31T23:59:59+00:00,ETH,0.0001,0xca11bde05977b3631167028862be2a173976ca11,2026-09-07T01:03:35+00:00,0x4162bae66036e3ff22b94dea03e7c6006fc8de602152427f4d7823b83790d695,0x4162bae66036e3ff22b94dea03e7c6006fc8de602152427f4d7823b83790d695,UNKNOWN_STATUS_NOT_EXTRACTED,25921645,124,PASS
DA-V3-00621,0x1d40718423f96f69bab57cec75ee5056366c1653,0xa0b86991c6218b36c1d19d4a2e9eb0ce3606eb48,VASPCUST-S-0198,VASPCUST-B-0006,VERIFIED,VERIFIED,ETH,0.05,0xa0b86991c6218b36c1d19d4a2e9eb0ce3606eb48,2026-01-01T00:00:00+00:00,2026-12-31T23:59:59+00:00,ETH,9.4198875082572e-05,0xa0b86991c6218b36c1d19d4a2e9eb0ce3606eb48,2026-09-07T01:04:35+00:00,0x485fb75610bdee9efcc4a81057122b67863f256d44c19e37228066b63ea725a7,0x485fb75610bdee9efcc4a81057122b67863f256d44c19e37228066b63ea725a7,UNKNOWN_STATUS_NOT_EXTRACTED,25921645,167,PASS
DA-V3-00622,0x03ba85eb3fb36e329ce0437897b998d27072a436,0xbc0e585b64f80c506cd1aaae0dfb69953accc108,VASPCUST-S-0199,VASPCUST-B-0007,VERIFIED,VERIFIED,ETH,0.25,0xbc0e585b64f80c506cd1aaae0dfb69953accc108,2026-01-01T00:00:00+00:00,2026-01-15T23:59:59+00:00,ETH,0.01,0xbc0e585b64f80c506cd1aaae0dfb69953accc108,2026-09-07T01:05:35+00:00,0x444c3a4e110648e13cb3b6f4c4160c8fd8964bcf45de7ddc184e84c71ea1f93b,0x444c3a4e110648e13cb3b6f4c4160c8fd8964bcf45de7ddc184e84c71ea1f93b,UNKNOWN_STATUS_NOT_EXTRACTED,25921644,8,PASS
DA-V3-00623,0x8d0521c7748e47369794cd346fb61ad31b0a2b03,0xa0b86991c6218b36c1d19d4a2e9eb0ce3606eb48,VASPCUST-S-0200,VASPCUST-B-0008,VERIFIED,VERIFIED,ETH,1.0,0xa0b86991c6218b36c1d19d4a2e9eb0ce3606eb48,2026-01-01T00:00:00+00:00,2026-12-31T23:59:59+00:00,ETH,0.003209670408281809,0xa0b86991c6218b36c1d19d4a2e9eb0ce3606eb48,2026-09-07T01:06:35+00:00,0x722a05edf137f222b9891eb1013d0c0d585ef46c77d2afd129d70adefe17cab2,0x722a05edf137f222b9891eb1013d0c0d585ef46c77d2afd129d70adefe17cab2,UNKNOWN_STATUS_NOT_EXTRACTED,25921644,51,PASS
DA-V3-00624,0xaf0e7932774e0722921c0a0a60a1c212379aa595,0xa0b86991c6218b36c1d19d4a2e9eb0ce3606eb48,VASPCUST-S-0201,VASPCUST-B-0009,VERIFIED,VERIFIED,ETH,5.0,0xa0b86991c6218b36c1d19d4a2e9eb0ce3606eb48,2026-01-01T00:00:00+00:00,2026-12-31T23:59:59+00:00,ETH,0.02789503580775531,0xa0b86991c6218b36c1d19d4a2e9eb0ce3606eb48,2026-09-07T01:07:23+00:00,0x7ff249c7ef8d58cc8c787eb612f150f10c5a1ef0b541180a0b41df492d3c7259,0x7ff249c7ef8d58cc8c787eb612f150f10c5a1ef0b541180a0b41df492d3c7259,UNKNOWN_STATUS_NOT_EXTRACTED,25921644,94,PASS
DA-V3-00625,0x6d006e795b55ea5730e808bf634715e2dfabd40e,0xc02aaa39b223fe8d0a0e5c4f27ead9083c756cc2,VASPCUST-S-0202,VASPCUST-B-0010,FAILED,VERIFIED,ETH,20.0,0xc02aaa39b223fe8d0a0e5c4f27ead9083c756cc2,2026-01-01T00:00:00+00:00,2026-12-31T23:59:59+00:00,ETH,1.788738431e-09,0xc02aaa39b223fe8d0a0e5c4f27ead9083c756cc2,2026-09-07T01:08:23+00:00,0x0d98781160b7e9c9513d02b0bae1068df5eab2de83aae3a700afb150e84ac6fe,0x0d98781160b7e9c9513d02b0bae1068df5eab2de83aae3a700afb150e84ac6fe,UNKNOWN_STATUS_NOT_EXTRACTED,25921644,137,REVIEW
DA-V3-00626,0xa0e97d7790127997f8a9cc84b13d385d56b052f3,0x1af9cb1fd2cd17f3e017aecc6fef2240e553c0f0,VASPCUST-S-0203,VASPCUST-B-0011,VERIFIED,VERIFIED,ETH,0.05,0x1af9cb1fd2cd17f3e017aecc6fef2240e553c0f0,2026-01-01T00:00:00+00:00,2026-12-31T23:59:59+00:00,ETH,0.01191818,0x1af9cb1fd2cd17f3e017aecc6fef2240e553c0f0,2026-09-07T01:09:23+00:00,0x9dfbc1f382eb0e205b2386f41b42fb65cef825d1973cb0a8d32294a937900d98,0x9dfbc1f382eb0e205b2386f41b42fb65cef825d1973cb0a8d32294a937900d98,UNKNOWN_STATUS_NOT_EXTRACTED,25921644,180,PASS
DA-V3-00627,0x62b128e4e6f8e66d8ba56f422b4b89d8494e90be,0xe73d53e3a982ab2750a0b76f9012e18b256cc243,VASPCUST-S-0204,VASPCUST-B-0012,VERIFIED,VERIFIED,ETH,0.25,0xe73d53e3a982ab2750a0b76f9012e18b256cc243,2026-01-01T00:00:00+00:00,2026-12-31T23:59:59+00:00,ETH,3.723177574e-09,0xe73d53e3a982ab2750a0b76f9012e18b256cc243,2026-09-07T01:10:23+00:00,0xe41e41a358c3312667b22e68c3da64be80d437e9825cf414b1547070115ac98e,0xe41e41a358c3312667b22e68c3da64be80d437e9825cf414b1547070115ac98e,UNKNOWN_STATUS_NOT_EXTRACTED,25921644,223,PASS
DA-V3-00628,0x7d25ad13772d30cb83c0d55f5dd4ded01e396ec0,0xdac17f958d2ee523a2206206994597c13d831ec7,VASPCUST-S-0205,VASPCUST-B-0013,VERIFIED,UNKNOWN,ETH,1.0,0xdac17f958d2ee523a2206206994597c13d831ec7,2026-01-01T00:00:00+00:00,2026-12-31T23:59:59+00:00,ETH,2.7516507862435e-05,0x000000000000000000000000000000000000dEaD,2026-09-07T01:11:23+00:00,0x98a13d237f15dd06f4a4c5814b9430eabd053a2a1d63d0c7d7d4b005ee90efdf,0x98a13d237f15dd06f4a4c5814b9430eabd053a2a1d63d0c7d7d4b005ee90efdf,UNKNOWN_STATUS_NOT_EXTRACTED,25921643,24,REVIEW
DA-V3-00629,0x7dade69e980a0dbc24da215d159e3b9c08477105,0xba572b88d1f2d8d54b0c2945aea39381665f35e9,VASPCUST-S-0206,VASPCUST-B-0014,VERIFIED,VERIFIED,ETH,5.0,0xba572b88d1f2d8d54b0c2945aea39381665f35e9,2026-01-01T00:00:00+00:00,2026-12-31T23:59:59+00:00,ETH,0.00183056790788528,0xba572b88d1f2d8d54b0c2945aea39381665f35e9,2026-09-07T01:12:23+00:00,0x7d86c5a8cd2ecdb2edefdf9651c34c0736946bb8f3cb85feeecaa1c152733851,0x7d86c5a8cd2ecdb2edefdf9651c34c0736946bb8f3cb85feeecaa1c152733851,UNKNOWN_STATUS_NOT_EXTRACTED,25921643,67,PASS
DA-V3-00630,0xcf78a3a51dcb014033fec6470596f2425a916e23,0x2ef982be573a28380c959e2d9db5a070278a5768,VASPCUST-S-0207,VASPCUST-B-0015,VERIFIED,VERIFIED,ETH,20.0,0x2ef982be573a28380c959e2d9db5a070278a5768,2026-01-01T00:00:00+00:00,2026-12-31T23:59:59+00:00,UNAPPROVED_TOKEN,0.083653905948389,0x2ef982be573a28380c959e2d9db5a070278a5768,2026-09-07T01:13:23+00:00,0x396245aef4bade3118cbcb5875e848ed03c576ce46eb19cb1e4f364a89628a93,0x396245aef4bade3118cbcb5875e848ed03c576ce46eb19cb1e4f364a89628a93,UNKNOWN_STATUS_NOT_EXTRACTED,25921643,110,BLOCK
DA-V3-00631,0x8e1fbf884ecd52a246d0c1c1ff3f84809b094437,0xa9d1e08c7793af67e9d92fe308d5697fb81d3e43,VASPCUST-S-0208,VASPCUST-B-0016,VERIFIED,VERIFIED,ETH,0.05,0xa9d1e08c7793af67e9d92fe308d5697fb81d3e43,2026-01-01T00:00:00+00:00,2026-12-31T23:59:59+00:00,ETH,0.001985,0xa9d1e08c7793af67e9d92fe308d5697fb81d3e43,2026-09-06T23:44:11+00:00,0x7bd6632a7c4976d7ec4293bade55085d3a6f9e6dd184a9e639b3ff96c7c4ff7c,0x7bd6632a7c4976d7ec4293bade55085d3a6f9e6dd184a9e639b3ff96c7c4ff7c,UNKNOWN_STATUS_NOT_EXTRACTED,25921643,153,PASS
DA-V3-00632,0x347ae95240fab2c6a107c9cc93f6ebb91df67652,0xdac17f958d2ee523a2206206994597c13d831ec7,VASPCUST-S-0209,VASPCUST-B-0017,VERIFIED,VERIFIED,ETH,0.25,0xdac17f958d2ee523a2206206994597c13d831ec7,2026-01-01T00:00:00+00:00,2026-12-31T23:59:59+00:00,ETH,0.0337,0xdac17f958d2ee523a2206206994597c13d831ec7,2026-09-06T23:45:11+00:00,0x3e2d3013630bbddbb334c08365f231ebfc99c956e230899183b0f0683527311e,0x3e2d3013630bbddbb334c08365f231ebfc99c956e230899183b0f0683527311e,UNKNOWN_STATUS_NOT_EXTRACTED,25921642,3,PASS
DA-V3-00633,0x01aaed800f30ad92b9d3b8bae8df22d3ac8a6b9e,0xdac17f958d2ee523a2206206994597c13d831ec7,VASPCUST-S-0210,VASPCUST-B-0018,PENDING,VERIFIED,ETH,1.0,0xdac17f958d2ee523a2206206994597c13d831ec7,2026-01-01T00:00:00+00:00,2026-12-31T23:59:59+00:00,ETH,0.04302165657513745,0xdac17f958d2ee523a2206206994597c13d831ec7,2026-09-06T23:46:11+00:00,0x57945c1d0cf020ff5999de2f2ece1a75eabc1d2c3ee31ae335c1f53cc24148f9,0x57945c1d0cf020ff5999de2f2ece1a75eabc1d2c3ee31ae335c1f53cc24148f9,UNKNOWN_STATUS_NOT_EXTRACTED,25921642,46,REVIEW
DA-V3-00634,0x936b70d795ac19600e297c96b4000cb6092aea51,0xdac17f958d2ee523a2206206994597c13d831ec7,VASPCUST-S-0000,VASPCUST-B-0019,VERIFIED,VERIFIED,ETH,5.0,0xdac17f958d2ee523a2206206994597c13d831ec7,2026-01-01T00:00:00+00:00,2026-12-31T23:59:59+00:00,ETH,0.112816386926101,0xdac17f958d2ee523a2206206994597c13d831ec7,2026-09-06T23:47:11+00:00,0xee3726f3e4df1ccec4efa880416c8492344942e8e834a497ef02b1b6eb3e0b4d,0xee3726f3e4df1ccec4efa880416c8492344942e8e834a497ef02b1b6eb3e0b4d,UNKNOWN_STATUS_NOT_EXTRACTED,25921642,89,PASS
DA-V3-00635,0x74b0275a268958ac4eed54df34ed7fefef28e434,0x25914fd60b9626d6453dffefd41edbfd0afb1ab7,VASPCUST-S-0001,VASPCUST-B-0020,VERIFIED,VERIFIED,ETH,20.0,0x25914fd60b9626d6453dffefd41edbfd0afb1ab7,2026-01-01T00:00:00+00:00,2026-12-31T23:59:59+00:00,ETH,2.1580651854e-06,0x25914fd60b9626d6453dffefd41edbfd0afb1ab7,2026-09-06T23:48:11+00:00,0xa59b3153309ef4c826be4aa79984f65caa5608890adcb98d1ed332e61ec7ad2a,0xa59b3153309ef4c826be4aa79984f65caa5608890adcb98d1ed332e61ec7ad2a,UNKNOWN_STATUS_NOT_EXTRACTED,25921642,132,PASS
DA-V3-00636,0xa38fc9b698b5f503ba6ca7f7bffd27097b7f6e78,0x5c7bcd6e7de5423a257d81b442095a1a6ced35c5,VASPCUST-S-0002,VASPCUST-B-0021,VERIFIED,VERIFIED,ETH,0.05,0x5c7bcd6e7de5423a257d81b442095a1a6ced35c5,2026-01-01T00:00:00+00:00,2026-12-31T23:59:59+00:00,ETH,7.0239803712533e-05,0x5c7bcd6e7de5423a257d81b442095a1a6ced35c5,2026-09-06T23:49:11+00:00,0xbff20474c73cc2df0126910984f41804f3c2a7ebd73c114b8aacd0cb80f44189,0xbff20474c73cc2df0126910984f41804f3c2a7ebd73c114b8aacd0cb80f44189,UNKNOWN_STATUS_NOT_EXTRACTED,25921642,175,PASS
DA-V3-00637,0x77f99a9f680676ff155e3d4f529710016c0f3e1b,0xa0b86991c6218b36c1d19d4a2e9eb0ce3606eb48,VASPCUST-S-0003,VASPCUST-B-0022,VERIFIED,VERIFIED,ETH,0.25,0xa0b86991c6218b36c1d19d4a2e9eb0ce3606eb48,2026-01-01T00:00:00+00:00,2026-12-31T23:59:59+00:00,ETH,1e-09,0xa0b86991c6218b36c1d19d4a2e9eb0ce3606eb48,2026-09-06T23:50:11+00:00,0x00e43e0330d368372526522807593ee9a03e5198d983dae56e39357de3364353,0x00e43e0330d368372526522807593ee9a03e5198d983dae56e39357de3364353,UNKNOWN_STATUS_NOT_EXTRACTED,25921642,218,PASS
DA-V3-00638,0x2b2e51b2550a8953615b87db1612a0129a302d78,0xd226997439ecfbeff8e110c8c78c8a7eefd19f89,VASPCUST-S-0004,VASPCUST-B-0023,VERIFIED,VERIFIED,ETH,1.0,0xd226997439ecfbeff8e110c8c78c8a7eefd19f89,2026-01-01T00:00:00+00:00,2026-12-31T23:59:59+00:00,ETH,1.79e-16,0xd226997439ecfbeff8e110c8c78c8a7eefd19f89,2026-09-06T23:50:59+00:00,0xabdf98fb22f134b8ddd471f48876d49b5e608e483c042be74d397487aa8336ad,0xabdf98fb22f134b8ddd471f48876d49b5e608e483c042be74d397487aa8336ad,UNKNOWN_STATUS_NOT_EXTRACTED,25921642,261,PASS
DA-V3-00639,0xe8832a868c091263ed190a9f4be304a03895dd91,0xa0b86991c6218b36c1d19d4a2e9eb0ce3606eb48,VASPCUST-S-0005,VASPCUST-B-0024,VERIFIED,UNKNOWN,ETH,5.0,0xa0b86991c6218b36c1d19d4a2e9eb0ce3606eb48,2026-01-01T00:00:00+00:00,2026-12-31T23:59:59+00:00,ETH,6.4238034252e-05,0xa0b86991c6218b36c1d19d4a2e9eb0ce3606eb48,2026-09-06T23:51:59+00:00,0xe074c50fa38cf5ad98a9f3b867a19651382b079914a8aa4b077dfaa5effd3180,0xe074c50fa38cf5ad98a9f3b867a19651382b079914a8aa4b077dfaa5effd3180,UNKNOWN_STATUS_NOT_EXTRACTED,25921641,41,REVIEW
DA-V3-00640,0x5e2a3daaf86cede3392f77616cede2de0d3bd3a0,0xdac17f958d2ee523a2206206994597c13d831ec7,VASPCUST-S-0006,VASPCUST-B-0025,VERIFIED,VERIFIED,ETH,20.0,0xdac17f958d2ee523a2206206994597c13d831ec7,2026-01-01T00:00:00+00:00,2026-12-31T23:59:59+00:00,ETH,2.592167e-11,0xdac17f958d2ee523a2206206994597c13d831ec7,2026-09-06T23:52:59+00:00,0x669b02628051dc3f8be4854f2e1955056674bcd834ac5a2dbfb1af94036a4c22,0x669b02628051dc3f8be4854f2e1955056674bcd834ac5a2dbfb1af94036a4c22,UNKNOWN_STATUS_NOT_EXTRACTED,25921640,9,PASS
DA-V3-00641,0x46f7793e0ffae46da85218af26004e43c171012c,0x0000000000001ff3684f28c67538d4d072c22734,VASPCUST-S-0007,VASPCUST-B-0026,FAILED,VERIFIED,ETH,0.05,0x0000000000001ff3684f28c67538d4d072c22734,2026-01-01T00:00:00+00:00,2026-12-31T23:59:59+00:00,ETH,0.860431691978917,0x0000000000001ff3684f28c67538d4d072c22734,2026-09-06T23:53:59+00:00,0xfd94765f4f06f0b6fee6199f7e80d80f1d2c2ebaf0e189f71aecaeb6ea4708c5,0xfd94765f4f06f0b6fee6199f7e80d80f1d2c2ebaf0e189f71aecaeb6ea4708c5,UNKNOWN_STATUS_NOT_EXTRACTED,25921640,52,REVIEW
DA-V3-00642,0xcf1e64ad6639e7f77b39a78786476249a1b409f9,0xb075aa4cfbaaf02f5bd7c54f86a33639ba0fa4b6,VASPCUST-S-0008,VASPCUST-B-0027,VERIFIED,VERIFIED,ETH,0.25,0xb075aa4cfbaaf02f5bd7c54f86a33639ba0fa4b6,2026-01-01T00:00:00+00:00,2026-12-31T23:59:59+00:00,ETH,8.3e-16,0xb075aa4cfbaaf02f5bd7c54f86a33639ba0fa4b6,2026-09-06T23:54:59+00:00,0xcd24b0450ff2e73d6793337bccee22d76f8bfec847d6531a4f95f0674e13c155,0xcd24b0450ff2e73d6793337bccee22d76f8bfec847d6531a4f95f0674e13c155,UNKNOWN_STATUS_NOT_EXTRACTED,25921640,95,PASS
DA-V3-00643,0x69797731508079240ef42b6f3235656fb3e6e119,0xfeeeeee44046c3f61a8cc081e0918ef0de0a7ffc,VASPCUST-S-0009,VASPCUST-B-0028,VERIFIED,VERIFIED,ETH,1.0,0xfeeeeee44046c3f61a8cc081e0918ef0de0a7ffc,2026-01-01T00:00:00+00:00,2026-12-31T23:59:59+00:00,ETH,0.001438589415863253,0xfeeeeee44046c3f61a8cc081e0918ef0de0a7ffc,2026-09-06T23:55:59+00:00,0xe6a91ff4cf32a8bd67ba7fc11155a1c656bcc69db60ba1f95e42393c82fb8fb5,0xe6a91ff4cf32a8bd67ba7fc11155a1c656bcc69db60ba1f95e42393c82fb8fb5,UNKNOWN_STATUS_NOT_EXTRACTED,25921640,138,PASS
DA-V3-00644,0x7a3a0f67ea743a159bc1a8023aeeaec26f301122,0x99c7d190cc6035ce2ad8dcd3a7b68827219dd851,VASPCUST-S-0010,VASPCUST-B-0029,VERIFIED,VERIFIED,ETH,5.0,0x99c7d190cc6035ce2ad8dcd3a7b68827219dd851,2026-01-01T00:00:00+00:00,2026-12-31T23:59:59+00:00,ETH,0.099757921773028,0x99c7d190cc6035ce2ad8dcd3a7b68827219dd851,2026-09-06T23:56:59+00:00,0xab0f525680c3d7c67a3f3588f798ad326278e449828224b0c7a3a0e4a1eabe18,0xab0f525680c3d7c67a3f3588f798ad326278e449828224b0c7a3a0e4a1eabe18,UNKNOWN_STATUS_NOT_EXTRACTED,25921640,181,PASS
DA-V3-00645,0xf31d34308b0849c0b8878c5c7c8b79f4949bb4ad,0x514910771af9ca656af840dff83e8264ecf986ca,VASPCUST-S-0011,VASPCUST-B-0030,VERIFIED,VERIFIED,ETH,20.0,0x514910771af9ca656af840dff83e8264ecf986ca,2026-01-01T00:00:00+00:00,2026-01-15T23:59:59+00:00,ETH,0.001,0x514910771af9ca656af840dff83e8264ecf986ca,2026-09-06T23:57:59+00:00,0x1231c8c6b1f33a60392f5fcc2bd3dfdb512fb941c90773c31f9df0281b2111de,0x1231c8c6b1f33a60392f5fcc2bd3dfdb512fb941c90773c31f9df0281b2111de,UNKNOWN_STATUS_NOT_EXTRACTED,25921640,224,PASS
DA-V3-00646,0x177d8e4d20ef13428d09bea0ee949a4d61e7aeb2,0xa0b86991c6218b36c1d19d4a2e9eb0ce3606eb48,VASPCUST-S-0012,VASPCUST-B-0031,VERIFIED,VERIFIED,ETH,0.05,0xa0b86991c6218b36c1d19d4a2e9eb0ce3606eb48,2026-01-01T00:00:00+00:00,2026-12-31T23:59:59+00:00,ETH,2.5921664e-11,0xa0b86991c6218b36c1d19d4a2e9eb0ce3606eb48,2026-09-06T23:58:59+00:00,0x0ef0c8d11a38165c1e615769ed4ada8a18ea20c18d48f043936ec43e8b9c4d86,0x0ef0c8d11a38165c1e615769ed4ada8a18ea20c18d48f043936ec43e8b9c4d86,UNKNOWN_STATUS_NOT_EXTRACTED,25921639,7,PASS
DA-V3-00647,0xd7e1236c08731c3632519dcd1a581bfe6876a3b2,0xdac17f958d2ee523a2206206994597c13d831ec7,VASPCUST-S-0013,VASPCUST-B-0032,VERIFIED,VERIFIED,ETH,0.25,0xdac17f958d2ee523a2206206994597c13d831ec7,2026-01-01T00:00:00+00:00,2026-12-31T23:59:59+00:00,UNAPPROVED_TOKEN,0.0001,0x000000000000000000000000000000000000dEaD,2026-09-06T23:59:59+00:00,0x8383b0b019a2c3afa60261ad3b52bf5f8228fe4e524383bd41648e36926f68e1,0x8383b0b019a2c3afa60261ad3b52bf5f8228fe4e524383bd41648e36926f68e1,UNKNOWN_STATUS_NOT_EXTRACTED,25921639,50,BLOCK
DA-V3-00648,0xed2dea1bc092de5890c0ffa2b969aa28eb30364a,0xa0b86991c6218b36c1d19d4a2e9eb0ce3606eb48,VASPCUST-S-0014,VASPCUST-B-0033,VERIFIED,VERIFIED,ETH,1.0,0xa0b86991c6218b36c1d19d4a2e9eb0ce3606eb48,2026-01-01T00:00:00+00:00,2026-12-31T23:59:59+00:00,ETH,0.003,0xa0b86991c6218b36c1d19d4a2e9eb0ce3606eb48,2026-09-07T00:00:59+00:00,0x8bff3a90d85f6b573b2c44c2813341d95d78a9e407f3e7934a63db38d5cee620,0x8bff3a90d85f6b573b2c44c2813341d95d78a9e407f3e7934a63db38d5cee620,UNKNOWN_STATUS_NOT_EXTRACTED,25921639,93,PASS
DA-V3-00649,0x6887246668a3b87f54deb3b94ba47a6f63f32985,0x4cd00e387622c35bddb9b4c962c136462338bc31,VASPCUST-S-0015,VASPCUST-B-0034,PENDING,VERIFIED,ETH,5.0,0x4cd00e387622c35bddb9b4c962c136462338bc31,2026-01-01T00:00:00+00:00,2026-12-31T23:59:59+00:00,ETH,0.010313878330131,0x4cd00e387622c35bddb9b4c962c136462338bc31,2026-09-07T00:01:59+00:00,0x80842dde9cd5e3d88dfe71529054f5fd3587af25751187dea1d1dd7bedbea08d,0x80842dde9cd5e3d88dfe71529054f5fd3587af25751187dea1d1dd7bedbea08d,UNKNOWN_STATUS_NOT_EXTRACTED,25921639,136,REVIEW
DA-V3-00650,0x079c2c8275191ddc9605aa70e1ddab8eefb17ec2,0x4cf7c5130f9da68d6b8c9a48261f80559c12bbe7,VASPCUST-S-0016,VASPCUST-B-0035,VERIFIED,UNKNOWN,ETH,20.0,0x4cf7c5130f9da68d6b8c9a48261f80559c12bbe7,2026-01-01T00:00:00+00:00,2026-12-31T23:59:59+00:00,ETH,2.7975447164966e-05,0x4cf7c5130f9da68d6b8c9a48261f80559c12bbe7,2026-09-07T00:02:47+00:00,0x4aa9adfb18d60540948171899ea76f8284ae4fd386b311e9141ea3764db63d40,0x4aa9adfb18d60540948171899ea76f8284ae4fd386b311e9141ea3764db63d40,UNKNOWN_STATUS_NOT_EXTRACTED,25921639,179,REVIEW
DA-V3-00651,0xf09873a48d2fa3344adcbc68361b71c7f6e544d0,0x95ad61b0a150d79219dcf64e1e6cc01f0b64c4ce,VASPCUST-S-0017,VASPCUST-B-0036,VERIFIED,VERIFIED,ETH,0.05,0x95ad61b0a150d79219dcf64e1e6cc01f0b64c4ce,2026-01-01T00:00:00+00:00,2026-12-31T23:59:59+00:00,ETH,0.0232152870577566,0x95ad61b0a150d79219dcf64e1e6cc01f0b64c4ce,2026-09-07T00:03:47+00:00,0x2c14eb1be8833db0e313d820337d0698d50ce9601cf366672aca8afb47eef9c6,0x2c14eb1be8833db0e313d820337d0698d50ce9601cf366672aca8afb47eef9c6,UNKNOWN_STATUS_NOT_EXTRACTED,25921639,222,PASS
DA-V3-00652,0xc77e09c6c6db526262b569a3fced00dfda7b4543,0xdac17f958d2ee523a2206206994597c13d831ec7,VASPCUST-S-0018,VASPCUST-B-0037,VERIFIED,VERIFIED,ETH,0.25,0xdac17f958d2ee523a2206206994597c13d831ec7,2026-01-01T00:00:00+00:00,2026-12-31T23:59:59+00:00,ETH,0.0158239,0xdac17f958d2ee523a2206206994597c13d831ec7,2026-09-07T00:04:47+00:00,0xadeb12eb059a9f2d927c8d68ed1759ae126d767fe835428088187316a3f56b52,0xadeb12eb059a9f2d927c8d68ed1759ae126d767fe835428088187316a3f56b52,UNKNOWN_STATUS_NOT_EXTRACTED,25921638,8,PASS
DA-V3-00653,0x01f7a74145f541ac0fa07007417395bb8bcddfc3,0xdac17f958d2ee523a2206206994597c13d831ec7,VASPCUST-S-0019,VASPCUST-B-0038,VERIFIED,VERIFIED,ETH,1.0,0xdac17f958d2ee523a2206206994597c13d831ec7,2026-01-01T00:00:00+00:00,2026-12-31T23:59:59+00:00,ETH,0.015,0xdac17f958d2ee523a2206206994597c13d831ec7,2026-09-07T00:05:47+00:00,0x299155892a027a971818f2e35d7ec8cf66033329d7b54a02ae8ddab26d368b39,0x299155892a027a971818f2e35d7ec8cf66033329d7b54a02ae8ddab26d368b39,UNKNOWN_STATUS_NOT_EXTRACTED,25921638,51,PASS
DA-V3-00654,0x74b0275a268958ac4eed54df34ed7fefef28e434,0x81355d26ab56940898bfab3745b2edabe2e89e7d,VASPCUST-S-0020,VASPCUST-B-0039,VERIFIED,VERIFIED,ETH,5.0,0x81355d26ab56940898bfab3745b2edabe2e89e7d,2026-01-01T00:00:00+00:00,2026-12-31T23:59:59+00:00,ETH,4.8e-17,0x81355d26ab56940898bfab3745b2edabe2e89e7d,2026-09-07T00:06:47+00:00,0x34a56681d522141ee3e91eb4fe4c02dcf0d9cbc46137b50fd88ad35125e457ed,0x34a56681d522141ee3e91eb4fe4c02dcf0d9cbc46137b50fd88ad35125e457ed,UNKNOWN_STATUS_NOT_EXTRACTED,25921638,94,PASS
DA-V3-00655,0x3f3ee0a9cac2d01db44001eca3e8382fbe40207b,0x14ec6e640878f08108869fb380e76afad67b9e3a,VASPCUST-S-0021,VASPCUST-B-0040,VERIFIED,VERIFIED,ETH,20.0,0x14ec6e640878f08108869fb380e76afad67b9e3a,2026-01-01T00:00:00+00:00,2026-12-31T23:59:59+00:00,ETH,0.04,0x14ec6e640878f08108869fb380e76afad67b9e3a,2026-09-07T00:07:47+00:00,0x12229a2090ad40c2796691b849cd3ea1ce95795eb346fb65512b21c6d6773be2,0x12229a2090ad40c2796691b849cd3ea1ce95795eb346fb65512b21c6d6773be2,UNKNOWN_STATUS_NOT_EXTRACTED,25921638,137,PASS
DA-V3-00656,0x5a210aa8ce06570a7a97646368343c1fa7484b72,0x881d40237659c251811cec9c364ef91dc08d300c,VASPCUST-S-0022,VASPCUST-B-0041,VERIFIED,VERIFIED,ETH,0.05,0x881d40237659c251811cec9c364ef91dc08d300c,2026-01-01T00:00:00+00:00,2026-12-31T23:59:59+00:00,ETH,0.009999788657722,0x881d40237659c251811cec9c364ef91dc08d300c,2026-09-07T00:08:47+00:00,0xaf8b27f0590da27861fb2afbdba2beda64752fb07d41614c2ffa6bcf26b8fae2,0xaf8b27f0590da27861fb2afbdba2beda64752fb07d41614c2ffa6bcf26b8fae2,UNKNOWN_STATUS_NOT_EXTRACTED,25921637,3,PASS
DA-V3-00657,0xff921d80d60d6ddd4d643d26f1998a36d01a118a,0xa0b86991c6218b36c1d19d4a2e9eb0ce3606eb48,VASPCUST-S-0023,VASPCUST-B-0042,FAILED,VERIFIED,ETH,0.25,0xa0b86991c6218b36c1d19d4a2e9eb0ce3606eb48,2026-01-01T00:00:00+00:00,2026-12-31T23:59:59+00:00,ETH,0.000289633118158409,0xa0b86991c6218b36c1d19d4a2e9eb0ce3606eb48,2026-09-07T00:09:47+00:00,0xbdaf8a4ea5df1282c47cb47e396ac713b914599992b1f95170df258b86abf981,0xbdaf8a4ea5df1282c47cb47e396ac713b914599992b1f95170df258b86abf981,UNKNOWN_STATUS_NOT_EXTRACTED,25921637,46,REVIEW
DA-V3-00658,0x2a31c7c2c45bc8f5e9113ba4c9e3cb6b7fedcfa9,0x51c72848c68a965f66fa7a88855f9f7784502a7f,VASPCUST-S-0024,VASPCUST-B-0043,VERIFIED,VERIFIED,ETH,1.0,0x51c72848c68a965f66fa7a88855f9f7784502a7f,2026-01-01T00:00:00+00:00,2026-12-31T23:59:59+00:00,ETH,1.1335519195e-05,0x51c72848c68a965f66fa7a88855f9f7784502a7f,2026-09-07T00:10:47+00:00,0xe5be23e0e63c97da4b6fa8ccd9ce762a847b3e2cbb628ce52931fb5a617cfdfa,0xe5be23e0e63c97da4b6fa8ccd9ce762a847b3e2cbb628ce52931fb5a617cfdfa,UNKNOWN_STATUS_NOT_EXTRACTED,25921637,89,PASS
DA-V3-00659,0x72213caa240c455e4b6fd4c20a0eb3e9c723a788,0xac1eb5441ee4d27f2ad2e3915774f543aa5c6a45,VASPCUST-S-0025,VASPCUST-B-0044,VERIFIED,VERIFIED,ETH,5.0,0xac1eb5441ee4d27f2ad2e3915774f543aa5c6a45,2026-01-01T00:00:00+00:00,2026-12-31T23:59:59+00:00,ETH,0.30985232,0xac1eb5441ee4d27f2ad2e3915774f543aa5c6a45,2026-09-07T00:11:47+00:00,0xe5af0e8b218aebaa65134729c09d4f66d4bc4c9cf14f452d7c4722b265be3b19,0xe5af0e8b218aebaa65134729c09d4f66d4bc4c9cf14f452d7c4722b265be3b19,UNKNOWN_STATUS_NOT_EXTRACTED,25921637,132,PASS
DA-V3-00660,0x35d86b912d7e0c3bcf42941a0c9db4d2da79a243,0x307576dd4f73f91bb8c4a2edb762938e8e067d31,VASPCUST-S-0026,VASPCUST-B-0045,VERIFIED,VERIFIED,ETH,20.0,0x307576dd4f73f91bb8c4a2edb762938e8e067d31,2026-01-01T00:00:00+00:00,2026-12-31T23:59:59+00:00,ETH,2.1778806,0x307576dd4f73f91bb8c4a2edb762938e8e067d31,2026-09-07T00:12:35+00:00,0xee1dc749e419eee6c8c2f0cfdfc4cf6a42c589640f52ccd4a4810c4c927f2f90,0xee1dc749e419eee6c8c2f0cfdfc4cf6a42c589640f52ccd4a4810c4c927f2f90,UNKNOWN_STATUS_NOT_EXTRACTED,25921637,175,PASS
DA-V3-00661,0xa860822821040b42802fef33376adff6038636cc,0x7d9f4ca54131e588fc1fe577973b55fb11231e76,VASPCUST-S-0027,VASPCUST-B-0046,VERIFIED,UNKNOWN,ETH,0.05,0x7d9f4ca54131e588fc1fe577973b55fb11231e76,2026-01-01T00:00:00+00:00,2026-12-31T23:59:59+00:00,ETH,0.0138814,0x7d9f4ca54131e588fc1fe577973b55fb11231e76,2026-09-07T00:13:35+00:00,0x17a3cc8587ad85912f98c5624f712c48d621eda046ccddb111f6489892dc016d,0x17a3cc8587ad85912f98c5624f712c48d621eda046ccddb111f6489892dc016d,UNKNOWN_STATUS_NOT_EXTRACTED,25921637,218,REVIEW
DA-V3-00662,0x78e4d31c1263b0dd1715df5c765647607e149ac5,0x307576dd4f73f91bb8c4a2edb762938e8e067d31,VASPCUST-S-0028,VASPCUST-B-0047,VERIFIED,VERIFIED,ETH,0.25,0x307576dd4f73f91bb8c4a2edb762938e8e067d31,2026-01-01T00:00:00+00:00,2026-12-31T23:59:59+00:00,ETH,0.01370945,0x307576dd4f73f91bb8c4a2edb762938e8e067d31,2026-09-07T00:14:35+00:00,0xd309553aa078e485622e21834bb4e7c49c8654c155a94face15804cdfd74a251,0xd309553aa078e485622e21834bb4e7c49c8654c155a94face15804cdfd74a251,UNKNOWN_STATUS_NOT_EXTRACTED,25921637,261,PASS
DA-V3-00663,0x2e5ef37ade8afb712b8be858fec7389fe32857e2,0xc36442b4a4522e871399cd717abdd847ab11fe88,VASPCUST-S-0029,VASPCUST-B-0048,VERIFIED,VERIFIED,ETH,1.0,0xc36442b4a4522e871399cd717abdd847ab11fe88,2026-01-01T00:00:00+00:00,2026-12-31T23:59:59+00:00,ETH,0.055,0xc36442b4a4522e871399cd717abdd847ab11fe88,2026-09-07T00:15:35+00:00,0xce62576e24a4e16efe3781dbe5dad7cdc06893e29212fcb45a4ea64d3ef25582,0xce62576e24a4e16efe3781dbe5dad7cdc06893e29212fcb45a4ea64d3ef25582,UNKNOWN_STATUS_NOT_EXTRACTED,25921637,304,PASS
DA-V3-00664,0x1a222f9b072aed5e9e815849de5a11b0fe3958ab,0x61e24ce4efe61eb2efd6ac804445df65f8032955,VASPCUST-S-0030,VASPCUST-B-0049,VERIFIED,VERIFIED,ETH,5.0,0x61e24ce4efe61eb2efd6ac804445df65f8032955,2026-01-01T00:00:00+00:00,2026-12-31T23:59:59+00:00,UNAPPROVED_TOKEN,7.352515e-05,0x61e24ce4efe61eb2efd6ac804445df65f8032955,2026-09-07T00:16:35+00:00,0x9578a5eb50b3ceb426a01d2e53b3ef019317f110877ba28375af80137995617f,0x9578a5eb50b3ceb426a01d2e53b3ef019317f110877ba28375af80137995617f,UNKNOWN_STATUS_NOT_EXTRACTED,25921637,347,BLOCK
DA-V3-00665,0xdd91cfe11e4cb00b3a44e9e272d8d216a3ab832b,0xd47a1bdc6872ad2fd16e50149baa9924c653e624,VASPCUST-S-0031,VASPCUST-B-0050,PENDING,VERIFIED,ETH,20.0,0xd47a1bdc6872ad2fd16e50149baa9924c653e624,2026-01-01T00:00:00+00:00,2026-12-31T23:59:59+00:00,ETH,7.7182054152e-08,0xd47a1bdc6872ad2fd16e50149baa9924c653e624,2026-09-07T00:17:35+00:00,0x23672c0a49a4338aeb6c02080e0a2ce1236722d76add6232d13fc235ea822b51,0x23672c0a49a4338aeb6c02080e0a2ce1236722d76add6232d13fc235ea822b51,UNKNOWN_STATUS_NOT_EXTRACTED,25921637,390,REVIEW
DA-V3-00666,0x8e5412b9ed4895cdcb5abe9424493fbbd247510f,0x4313c378cc91ea583c91387b9216e2c03096b27f,VASPCUST-S-0032,VASPCUST-B-0051,VERIFIED,VERIFIED,ETH,0.05,0x4313c378cc91ea583c91387b9216e2c03096b27f,2026-01-01T00:00:00+00:00,2026-12-31T23:59:59+00:00,ETH,0.04506092,0x000000000000000000000000000000000000dEaD,2026-09-07T00:18:23+00:00,0x34a69a04b4fa0e146f529a36e18c68f11cce374fd5636f4979dfc00e85e4734a,0x34a69a04b4fa0e146f529a36e18c68f11cce374fd5636f4979dfc00e85e4734a,UNKNOWN_STATUS_NOT_EXTRACTED,25921637,433,BLOCK
DA-V3-00667,0xf6c8820a55e85881ea2e62c97f17613483e96254,0xa0b86991c6218b36c1d19d4a2e9eb0ce3606eb48,VASPCUST-S-0033,VASPCUST-B-0052,VERIFIED,VERIFIED,ETH,0.25,0xa0b86991c6218b36c1d19d4a2e9eb0ce3606eb48,2026-01-01T00:00:00+00:00,2026-12-31T23:59:59+00:00,ETH,0.00013699,0xa0b86991c6218b36c1d19d4a2e9eb0ce3606eb48,2026-09-07T00:19:23+00:00,0xb2308b554ec17ea71cde1dcf783a67d2151bdf84c945d2d21e8b8d94638b82e2,0xb2308b554ec17ea71cde1dcf783a67d2151bdf84c945d2d21e8b8d94638b82e2,UNKNOWN_STATUS_NOT_EXTRACTED,25921636,34,PASS
DA-V3-00668,0xd1fb86a082e299cc021e13026aea5014e3226985,0x26e3c9965ce6f437ddde755640de35e9f2f3df22,VASPCUST-S-0034,VASPCUST-B-0053,VERIFIED,VERIFIED,ETH,1.0,0x26e3c9965ce6f437ddde755640de35e9f2f3df22,2026-01-01T00:00:00+00:00,2026-01-15T23:59:59+00:00,ETH,7.157624292e-07,0x26e3c9965ce6f437ddde755640de35e9f2f3df22,2026-09-07T00:20:23+00:00,0x6832817815983cb9afe59b92390e377d93b8ea2559d363274d13a697b7b0fecd,0x6832817815983cb9afe59b92390e377d93b8ea2559d363274d13a697b7b0fecd,UNKNOWN_STATUS_NOT_EXTRACTED,25921636,77,PASS
DA-V3-00669,0x9e6fa879980a743774fcef3cf361fb462054b2f8,0x6872b6630a3afcd3117191a8403c2002e13df7de,VASPCUST-S-0035,VASPCUST-B-0054,VERIFIED,VERIFIED,ETH,5.0,0x6872b6630a3afcd3117191a8403c2002e13df7de,2026-01-01T00:00:00+00:00,2026-12-31T23:59:59+00:00,ETH,168.0,0x6872b6630a3afcd3117191a8403c2002e13df7de,2026-09-07T00:21:23+00:00,0x66c986df40e074ecc390a021661c66a648af89043610bc445a3b3f33b94a2cb3,0x66c986df40e074ecc390a021661c66a648af89043610bc445a3b3f33b94a2cb3,UNKNOWN_STATUS_NOT_EXTRACTED,25921636,120,BLOCK
DA-V3-00670,0xcf78a3a51dcb014033fec6470596f2425a916e23,0x4337084d9e255ff0702461cf8895ce9e3b5ff108,VASPCUST-S-0036,VASPCUST-B-0055,VERIFIED,VERIFIED,ETH,20.0,0x4337084d9e255ff0702461cf8895ce9e3b5ff108,2026-01-01T00:00:00+00:00,2026-12-31T23:59:59+00:00,ETH,1.0,0x4337084d9e255ff0702461cf8895ce9e3b5ff108,2026-09-07T00:22:23+00:00,0x6a896df9e167e3a0f2de69f774dc124273211d27da608a38af87435c37258853,0x6a896df9e167e3a0f2de69f774dc124273211d27da608a38af87435c37258853,UNKNOWN_STATUS_NOT_EXTRACTED,25921636,163,PASS
DA-V3-00671,0xdb527448ff6dd19045066540ba65d5274c343502,0xdac17f958d2ee523a2206206994597c13d831ec7,VASPCUST-S-0037,VASPCUST-B-0056,VERIFIED,VERIFIED,ETH,0.05,0xdac17f958d2ee523a2206206994597c13d831ec7,2026-01-01T00:00:00+00:00,2026-12-31T23:59:59+00:00,ETH,0.0230910619117552,0xdac17f958d2ee523a2206206994597c13d831ec7,2026-09-07T00:23:23+00:00,0x1dd3e6db706476e8a107b28327b38cc8f380ce4f9591fda1e616f08a360a38aa,0x1dd3e6db706476e8a107b28327b38cc8f380ce4f9591fda1e616f08a360a38aa,UNKNOWN_STATUS_NOT_EXTRACTED,25921636,206,PASS
DA-V3-00672,0xcd211569a108fdac74d729ba7358a743a3c2e08d,0x00005ea00ac477b1030ce78506496e8c2de24bf5,VASPCUST-S-0038,VASPCUST-B-0057,VERIFIED,UNKNOWN,ETH,0.25,0x00005ea00ac477b1030ce78506496e8c2de24bf5,2026-01-01T00:00:00+00:00,2026-12-31T23:59:59+00:00,ETH,0.01,0x00005ea00ac477b1030ce78506496e8c2de24bf5,2026-09-07T00:24:23+00:00,0xbc741ea48477766e7be90aa00cba7f3e93b6cfe3f764e296edc721bf1055edbe,0xbc741ea48477766e7be90aa00cba7f3e93b6cfe3f764e296edc721bf1055edbe,UNKNOWN_STATUS_NOT_EXTRACTED,25921636,249,REVIEW
DA-V3-00673,0xfce0a2bc58a37aabec271fe78aaca7a6523072b4,0x00c83aecc790e8a4453e5dd3b0b4b3680501a7a7,VASPCUST-S-0039,VASPCUST-B-0058,FAILED,VERIFIED,ETH,1.0,0x00c83aecc790e8a4453e5dd3b0b4b3680501a7a7,2026-01-01T00:00:00+00:00,2026-12-31T23:59:59+00:00,ETH,0.368939866580277,0x00c83aecc790e8a4453e5dd3b0b4b3680501a7a7,2026-09-07T00:25:23+00:00,0xd283588538eac03f96edc2a01a2ebd1c4d307818ee0a510b91c87ca8978a8239,0xd283588538eac03f96edc2a01a2ebd1c4d307818ee0a510b91c87ca8978a8239,UNKNOWN_STATUS_NOT_EXTRACTED,25921635,0,REVIEW
DA-V3-00674,0x5d4602262a059999b7bfd55761ee86f39021ce09,0xdac17f958d2ee523a2206206994597c13d831ec7,VASPCUST-S-0040,VASPCUST-B-0059,VERIFIED,VERIFIED,ETH,5.0,0xdac17f958d2ee523a2206206994597c13d831ec7,2026-01-01T00:00:00+00:00,2026-12-31T23:59:59+00:00,ETH,1.1576555188e-05,0xdac17f958d2ee523a2206206994597c13d831ec7,2026-09-07T00:26:23+00:00,0x0a7d787701ccc4279a7eec9dd0b2da12b247c5125f8c411e393dbeb9a99e1f39,0x0a7d787701ccc4279a7eec9dd0b2da12b247c5125f8c411e393dbeb9a99e1f39,UNKNOWN_STATUS_NOT_EXTRACTED,25921635,43,PASS
DA-V3-00675,0x163ed6364392eca4c8b47ed3f734a4f18a7499d2,0x4cd00e387622c35bddb9b4c962c136462338bc31,VASPCUST-S-0041,VASPCUST-B-0060,VERIFIED,VERIFIED,ETH,20.0,0x4cd00e387622c35bddb9b4c962c136462338bc31,2026-01-01T00:00:00+00:00,2026-12-31T23:59:59+00:00,ETH,0.000397285891286661,0x4cd00e387622c35bddb9b4c962c136462338bc31,2026-09-07T00:27:23+00:00,0xee3cb88fe71e84d658c6a0186e9228580de2529bb77290b2bd1e4f444985c478,0xee3cb88fe71e84d658c6a0186e9228580de2529bb77290b2bd1e4f444985c478,UNKNOWN_STATUS_NOT_EXTRACTED,25921634,15,PASS
DA-V3-00676,0x018cea0b05aed0b4d9a625e53f3639e4759cd7a9,0x09fc9b7545020f6a51d113e495e0a451597969d3,VASPCUST-S-0042,VASPCUST-B-0061,VERIFIED,VERIFIED,ETH,0.05,0x09fc9b7545020f6a51d113e495e0a451597969d3,2026-01-01T00:00:00+00:00,2026-12-31T23:59:59+00:00,ETH,0.03105112,0x09fc9b7545020f6a51d113e495e0a451597969d3,2026-09-07T00:28:23+00:00,0xc4aa804b91a6a0b7986853e9437fe6f56759c21c3fdd30c02cdc10833691667b,0xc4aa804b91a6a0b7986853e9437fe6f56759c21c3fdd30c02cdc10833691667b,UNKNOWN_STATUS_NOT_EXTRACTED,25921634,58,PASS
DA-V3-00677,0x77886fb309519bbabbeab1bd1e8ac4bc6369d5af,0xf7e46f192da99deaa9e52424b0abebcc0465d423,VASPCUST-S-0043,VASPCUST-B-0062,VERIFIED,VERIFIED,ETH,0.25,0xf7e46f192da99deaa9e52424b0abebcc0465d423,2026-01-01T00:00:00+00:00,2026-12-31T23:59:59+00:00,ETH,0.004179280413641599,0xf7e46f192da99deaa9e52424b0abebcc0465d423,2026-09-07T00:29:23+00:00,0xcdc791a790b8c8016805894c64f653ec0fb2dfcf72496c6099105816d1a77659,0xcdc791a790b8c8016805894c64f653ec0fb2dfcf72496c6099105816d1a77659,UNKNOWN_STATUS_NOT_EXTRACTED,25921633,11,PASS
DA-V3-00678,0x69da2439a1847fbeebf9e8bb98e43ffb61e02abd,0x00005ea00ac477b1030ce78506496e8c2de24bf5,VASPCUST-S-0044,VASPCUST-B-0063,VERIFIED,VERIFIED,ETH,1.0,0x00005ea00ac477b1030ce78506496e8c2de24bf5,2026-01-01T00:00:00+00:00,2026-12-31T23:59:59+00:00,ETH,6.722e-05,0x00005ea00ac477b1030ce78506496e8c2de24bf5,2026-09-07T00:30:23+00:00,0x6617c544aad97b23430529de2580f6fabe4861c4a2c42e49ff2dd5549bc2850d,0x6617c544aad97b23430529de2580f6fabe4861c4a2c42e49ff2dd5549bc2850d,UNKNOWN_STATUS_NOT_EXTRACTED,25921633,54,PASS
DA-V3-00679,0xe97d40d83c6857b30dd1a2619343519c76dbc81e,0x0abbc482fbd91dbf413e3d6cc5622e03552ac13a,VASPCUST-S-0045,VASPCUST-B-0064,VERIFIED,VERIFIED,ETH,5.0,0x0abbc482fbd91dbf413e3d6cc5622e03552ac13a,2026-01-01T00:00:00+00:00,2026-12-31T23:59:59+00:00,ETH,0.04,0x0abbc482fbd91dbf413e3d6cc5622e03552ac13a,2026-09-07T00:31:23+00:00,0xccbaad99f8c6e2e4d01fae6193a7878aee7e4c651306829adb1180c03a65285e,0xccbaad99f8c6e2e4d01fae6193a7878aee7e4c651306829adb1180c03a65285e,UNKNOWN_STATUS_NOT_EXTRACTED,25921633,97,PASS
DA-V3-00680,0x1c97e21ec35a6c0d0f4bacf8fedaea728d0e907c,0x5ed51cbc8f3b17a4362abe3f9da62f8434c41ae8,VASPCUST-S-0046,VASPCUST-B-0065,VERIFIED,VERIFIED,ETH,20.0,0x5ed51cbc8f3b17a4362abe3f9da62f8434c41ae8,2026-01-01T00:00:00+00:00,2026-12-31T23:59:59+00:00,ETH,0.003077904390825725,0x5ed51cbc8f3b17a4362abe3f9da62f8434c41ae8,2026-09-07T00:32:23+00:00,0x265564fc80182d08a81f15b6636ae49c19fb0877855d82e1b4da9c6a99cc2cac,0x265564fc80182d08a81f15b6636ae49c19fb0877855d82e1b4da9c6a99cc2cac,UNKNOWN_STATUS_NOT_EXTRACTED,25921633,140,PASS
DA-V3-00681,0xbaa67174531f0c031f91a373f6788c7e821af2c5,0x7858e3965dd084a64487f40355c7185827de68da,VASPCUST-S-0047,VASPCUST-B-0066,PENDING,VERIFIED,ETH,0.05,0x7858e3965dd084a64487f40355c7185827de68da,2026-01-01T00:00:00+00:00,2026-12-31T23:59:59+00:00,UNAPPROVED_TOKEN,0.11899804,0x7858e3965dd084a64487f40355c7185827de68da,2026-09-07T00:33:23+00:00,0xcdd2dfc820ffbcc8348549f8b40e3861f1a5c791977bbb2af1bdc4005de873b0,0xcdd2dfc820ffbcc8348549f8b40e3861f1a5c791977bbb2af1bdc4005de873b0,UNKNOWN_STATUS_NOT_EXTRACTED,25921633,183,REVIEW
DA-V3-00682,0x373dfc63eb5f1c29861fc26f91854744b00e68d1,0x6872b6630a3afcd3117191a8403c2002e13df7de,VASPCUST-S-0048,VASPCUST-B-0067,VERIFIED,VERIFIED,ETH,0.25,0x6872b6630a3afcd3117191a8403c2002e13df7de,2026-01-01T00:00:00+00:00,2026-12-31T23:59:59+00:00,ETH,0.022091129027437,0x6872b6630a3afcd3117191a8403c2002e13df7de,2026-09-07T00:34:23+00:00,0x7125a49c1d8b8b9da862387196e52433237347d04ef6ea6fe21df3dfddf1e697,0x7125a49c1d8b8b9da862387196e52433237347d04ef6ea6fe21df3dfddf1e697,UNKNOWN_STATUS_NOT_EXTRACTED,25921633,226,PASS
DA-V3-00683,0x0b58e38ae433f5f94256bb6d5ceb2ee2745b3c4c,0xe77884cddf148dd5f0e9191b33d8dbaddb16dfb5,VASPCUST-S-0049,VASPCUST-B-0068,VERIFIED,UNKNOWN,ETH,1.0,0xe77884cddf148dd5f0e9191b33d8dbaddb16dfb5,2026-01-01T00:00:00+00:00,2026-12-31T23:59:59+00:00,ETH,0.1,0xe77884cddf148dd5f0e9191b33d8dbaddb16dfb5,2026-09-07T00:35:11+00:00,0xfe0be5d60556b9c1a1f61aceb264b1177f0da1b6bb131bfc212a1f69f08edac9,0xfe0be5d60556b9c1a1f61aceb264b1177f0da1b6bb131bfc212a1f69f08edac9,UNKNOWN_STATUS_NOT_EXTRACTED,25921632,21,REVIEW
DA-V3-00684,0x62592a9c22a3c34c4546b9f535806131496d0782,0xd242f7c9e67acbafffe7e19cb344b1dcf6413b88,VASPCUST-S-0050,VASPCUST-B-0069,VERIFIED,VERIFIED,ETH,5.0,0xd242f7c9e67acbafffe7e19cb344b1dcf6413b88,2026-01-01T00:00:00+00:00,2026-12-31T23:59:59+00:00,ETH,0.00223019508754885,0xd242f7c9e67acbafffe7e19cb344b1dcf6413b88,2026-09-07T00:36:11+00:00,0x0b2bc71f75df2fb06806ec45751df6a3790858f3cc9cf3c6b3e5dbbbe703e8da,0x0b2bc71f75df2fb06806ec45751df6a3790858f3cc9cf3c6b3e5dbbbe703e8da,UNKNOWN_STATUS_NOT_EXTRACTED,25921632,64,PASS
DA-V3-00685,0x200000000c4d244bc2f02fd0564c59f8db0753fd,0x4d1c297d39c5c1277964d0e3f8aa901493664530,VASPCUST-S-0051,VASPCUST-B-0070,VERIFIED,VERIFIED,ETH,20.0,0x4d1c297d39c5c1277964d0e3f8aa901493664530,2026-01-01T00:00:00+00:00,2026-12-31T23:59:59+00:00,ETH,1e-09,0x000000000000000000000000000000000000dEaD,2026-09-07T00:37:11+00:00,0xdfd60668d2c75d4cc947c40ec8576464a88656e2f3729769d628ae07bdd56081,0xdfd60668d2c75d4cc947c40ec8576464a88656e2f3729769d628ae07bdd56081,UNKNOWN_STATUS_NOT_EXTRACTED,25921632,107,BLOCK
DA-V3-00686,0xc5774f01787d8edfac0d4db675b409436954c672,0xeb53ced2ee9179a145f25e15f371766d13f52222,VASPCUST-S-0052,VASPCUST-B-0071,VERIFIED,VERIFIED,ETH,0.05,0xeb53ced2ee9179a145f25e15f371766d13f52222,2026-01-01T00:00:00+00:00,2026-12-31T23:59:59+00:00,ETH,0.001,0xeb53ced2ee9179a145f25e15f371766d13f52222,2026-09-07T00:38:11+00:00,0x89655d5e57adf7bfe015fde2fa13a1bec8c79d9a6f078259441589f937545bd5,0x89655d5e57adf7bfe015fde2fa13a1bec8c79d9a6f078259441589f937545bd5,UNKNOWN_STATUS_NOT_EXTRACTED,25921632,150,PASS
DA-V3-00687,0x0e0052a184fd59c6b7e1e99d739802ecb3aec0e4,0xa0b86991c6218b36c1d19d4a2e9eb0ce3606eb48,VASPCUST-S-0053,VASPCUST-B-0072,VERIFIED,VERIFIED,ETH,0.25,0xa0b86991c6218b36c1d19d4a2e9eb0ce3606eb48,2026-01-01T00:00:00+00:00,2026-12-31T23:59:59+00:00,ETH,0.001031187676193565,0xa0b86991c6218b36c1d19d4a2e9eb0ce3606eb48,2026-09-07T00:38:59+00:00,0x4dec50cd09a5c8a8a6ad8e6f20a9d51f501e27d4a32337683db92548c9b5fd82,0x4dec50cd09a5c8a8a6ad8e6f20a9d51f501e27d4a32337683db92548c9b5fd82,UNKNOWN_STATUS_NOT_EXTRACTED,25921632,193,PASS
DA-V3-00688,0xd166e79f9ed2ea485da2ad5de5553db74dfc0f85,0x68b3465833fb72a70ecdf485e0e4c7bd8665fc45,VASPCUST-S-0054,VASPCUST-B-0073,VERIFIED,VERIFIED,ETH,1.0,0x68b3465833fb72a70ecdf485e0e4c7bd8665fc45,2026-01-01T00:00:00+00:00,2026-12-31T23:59:59+00:00,ETH,0.000153386217075,0x68b3465833fb72a70ecdf485e0e4c7bd8665fc45,2026-09-07T00:39:59+00:00,0x9d0ac8a9190ddc9602f95a0a7afd451c410575144e59e62b8a50d49489199d86,0x9d0ac8a9190ddc9602f95a0a7afd451c410575144e59e62b8a50d49489199d86,UNKNOWN_STATUS_NOT_EXTRACTED,25921632,236,PASS
DA-V3-00689,0xe8832a868c091263ed190a9f4be304a03895dd91,0x337685fdab40d39bd02028545a4ffa7d287cc3e2,VASPCUST-S-0055,VASPCUST-B-0074,FAILED,VERIFIED,ETH,5.0,0x337685fdab40d39bd02028545a4ffa7d287cc3e2,2026-01-01T00:00:00+00:00,2026-12-31T23:59:59+00:00,ETH,0.104,0x337685fdab40d39bd02028545a4ffa7d287cc3e2,2026-09-07T00:40:59+00:00,0x6a21432e17e1bc067949392502df3f7c1182af4265522ca632a03819945b92fa,0x6a21432e17e1bc067949392502df3f7c1182af4265522ca632a03819945b92fa,UNKNOWN_STATUS_NOT_EXTRACTED,25921631,2,REVIEW
DA-V3-00690,0xc1da33e8d60daf4f93a52357a57a076f44c45759,0x278d858f05b94576c1e6f73285886876ff6ef8d2,VASPCUST-S-0056,VASPCUST-B-0075,VERIFIED,VERIFIED,ETH,20.0,0x278d858f05b94576c1e6f73285886876ff6ef8d2,2026-01-01T00:00:00+00:00,2026-12-31T23:59:59+00:00,ETH,0.001160157615865244,0x278d858f05b94576c1e6f73285886876ff6ef8d2,2026-09-07T00:41:59+00:00,0xab2eceb1673e6886cce6c5cb01a63fbc6549c7fe071ad4b5ab899f36eeacee1b,0xab2eceb1673e6886cce6c5cb01a63fbc6549c7fe071ad4b5ab899f36eeacee1b,UNKNOWN_STATUS_NOT_EXTRACTED,25921631,45,PASS
DA-V3-00691,0x50bf934781f63028c5c8ef49c4affe19a86d99b6,0xa9d1e08c7793af67e9d92fe308d5697fb81d3e43,VASPCUST-S-0057,VASPCUST-B-0076,VERIFIED,VERIFIED,ETH,0.05,0xa9d1e08c7793af67e9d92fe308d5697fb81d3e43,2026-01-01T00:00:00+00:00,2026-01-15T23:59:59+00:00,ETH,7.651157928e-06,0xa9d1e08c7793af67e9d92fe308d5697fb81d3e43,2026-09-07T00:42:59+00:00,0x77357ae1bdf043606c9c0197f0e6023407a0ac97a9507b3073e7e45b5208a0c9,0x77357ae1bdf043606c9c0197f0e6023407a0ac97a9507b3073e7e45b5208a0c9,UNKNOWN_STATUS_NOT_EXTRACTED,25921631,88,PASS
DA-V3-00692,0x06d655b2477e069eb29445be25944ebc4819a079,0x8ac4ae65b3656e26dc4e0e69108b392283350f55,VASPCUST-S-0058,VASPCUST-B-0077,VERIFIED,VERIFIED,ETH,0.25,0x8ac4ae65b3656e26dc4e0e69108b392283350f55,2026-01-01T00:00:00+00:00,2026-12-31T23:59:59+00:00,ETH,0.012,0x8ac4ae65b3656e26dc4e0e69108b392283350f55,2026-09-07T00:43:59+00:00,0x90d97b73ce0a7ab1b06878356dbc2ac2ab25d288cb269ed56d00c30469f351da,0x90d97b73ce0a7ab1b06878356dbc2ac2ab25d288cb269ed56d00c30469f351da,UNKNOWN_STATUS_NOT_EXTRACTED,25921631,131,PASS
DA-V3-00693,0xc1cd55d8ecb7d881fe770fcbdac68a3489dacc81,0x95ec0051bd1f6ce5184970669c10116e47949dd3,VASPCUST-S-0059,VASPCUST-B-0078,VERIFIED,VERIFIED,ETH,1.0,0x95ec0051bd1f6ce5184970669c10116e47949dd3,2026-01-01T00:00:00+00:00,2026-12-31T23:59:59+00:00,ETH,0.022763254122969426,0x95ec0051bd1f6ce5184970669c10116e47949dd3,2026-09-07T00:44:59+00:00,0x32d3ff9b6b58dfd8903a800842257e377e89bb8cb7a601ded582511f2e34910c,0x32d3ff9b6b58dfd8903a800842257e377e89bb8cb7a601ded582511f2e34910c,UNKNOWN_STATUS_NOT_EXTRACTED,25921631,174,PASS
DA-V3-00694,0x4e5b2e1dc63f6b91cb6cd759936495434c7e972f,0x2260fac5e5542a773aa44fbcfedf7c193bc2c599,VASPCUST-S-0060,VASPCUST-B-0079,VERIFIED,UNKNOWN,ETH,5.0,0x2260fac5e5542a773aa44fbcfedf7c193bc2c599,2026-01-01T00:00:00+00:00,2026-12-31T23:59:59+00:00,ETH,0.044119289625335,0x2260fac5e5542a773aa44fbcfedf7c193bc2c599,2026-09-07T00:45:59+00:00,0xa903e6cbfc1ebf47792efe0705960ac1b59d8cacbe51e83a01c917c6fbb10053,0xa903e6cbfc1ebf47792efe0705960ac1b59d8cacbe51e83a01c917c6fbb10053,UNKNOWN_STATUS_NOT_EXTRACTED,25921631,217,REVIEW
DA-V3-00695,0x620ee0fe91d2e148434dd74ec8afc768edfc6675,0xca413226969cf6dba7763381c99f443c3e427ebd,VASPCUST-S-0061,VASPCUST-B-0080,VERIFIED,VERIFIED,ETH,20.0,0xca413226969cf6dba7763381c99f443c3e427ebd,2026-01-01T00:00:00+00:00,2026-12-31T23:59:59+00:00,ETH,0.04,0xca413226969cf6dba7763381c99f443c3e427ebd,2026-09-07T00:46:47+00:00,0x87132ac6a98c3b76ed92fbdbf34cdbc751a9e31e4958b3652c37be634e3cbfcc,0x87132ac6a98c3b76ed92fbdbf34cdbc751a9e31e4958b3652c37be634e3cbfcc,UNKNOWN_STATUS_NOT_EXTRACTED,25921631,260,PASS
DA-V3-00696,0xbc8ca1e34e19e1bef69fca06ed15698d0efb28b1,0xbe0eac83c3a3845f757f5a963beb316b66ce1976,VASPCUST-S-0062,VASPCUST-B-0081,VERIFIED,VERIFIED,ETH,0.05,0xbe0eac83c3a3845f757f5a963beb316b66ce1976,2026-01-01T00:00:00+00:00,2026-12-31T23:59:59+00:00,ETH,0.06107051,0xbe0eac83c3a3845f757f5a963beb316b66ce1976,2026-09-07T00:47:47+00:00,0xbb598f1f62bb10a59cce3c1608c7892b18de6197c9627b6f1318f5b779b51d2c,0xbb598f1f62bb10a59cce3c1608c7892b18de6197c9627b6f1318f5b779b51d2c,UNKNOWN_STATUS_NOT_EXTRACTED,25921630,26,BLOCK
DA-V3-00697,0xe8832a868c091263ed190a9f4be304a03895dd91,0x0ca8e8d976df3321f6ff0a8cca96536a51565c81,VASPCUST-S-0063,VASPCUST-B-0082,PENDING,VERIFIED,ETH,0.25,0x0ca8e8d976df3321f6ff0a8cca96536a51565c81,2026-01-01T00:00:00+00:00,2026-12-31T23:59:59+00:00,ETH,0.0421,0x0ca8e8d976df3321f6ff0a8cca96536a51565c81,2026-09-07T00:48:47+00:00,0x8abb39f393b530ea49742879185aaf26175149b5d183343a62f8485277b99412,0x8abb39f393b530ea49742879185aaf26175149b5d183343a62f8485277b99412,UNKNOWN_STATUS_NOT_EXTRACTED,25921630,69,REVIEW
DA-V3-00698,0xf9b1844e38593d3584557da31a2832c14d4d4fb8,0xa0b86991c6218b36c1d19d4a2e9eb0ce3606eb48,VASPCUST-S-0064,VASPCUST-B-0083,VERIFIED,VERIFIED,ETH,1.0,0xa0b86991c6218b36c1d19d4a2e9eb0ce3606eb48,2026-01-01T00:00:00+00:00,2026-12-31T23:59:59+00:00,UNAPPROVED_TOKEN,0.000979385512213394,0xa0b86991c6218b36c1d19d4a2e9eb0ce3606eb48,2026-09-07T00:49:47+00:00,0x2f966ecf899843aecbc256fdf56f43f8d5681de6e57b7bbf42d439eceaaf7d36,0x2f966ecf899843aecbc256fdf56f43f8d5681de6e57b7bbf42d439eceaaf7d36,UNKNOWN_STATUS_NOT_EXTRACTED,25921630,112,BLOCK
DA-V3-00699,0x3cb269a4b9f8e69baa614ace858d1b815d630b1b,0x7a250d5630b4cf539739df2c5dacb4c659f2488d,VASPCUST-S-0065,VASPCUST-B-0084,VERIFIED,VERIFIED,ETH,5.0,0x7a250d5630b4cf539739df2c5dacb4c659f2488d,2026-01-01T00:00:00+00:00,2026-12-31T23:59:59+00:00,ETH,3.59e-05,0x7a250d5630b4cf539739df2c5dacb4c659f2488d,2026-09-07T00:50:47+00:00,0x8fb3ebecdd6698ad652b5ac3b95afea52ed8125e2dd275ddd64d0668b5489ae8,0x8fb3ebecdd6698ad652b5ac3b95afea52ed8125e2dd275ddd64d0668b5489ae8,UNKNOWN_STATUS_NOT_EXTRACTED,25921630,155,PASS
DA-V3-00700,0x4337006f33e2940fcbebd899bf2396117e65df9b,0xde1270f52fb3fa24e15358391efdb913b2b3c119,VASPCUST-S-0066,VASPCUST-B-0085,VERIFIED,VERIFIED,ETH,20.0,0xde1270f52fb3fa24e15358391efdb913b2b3c119,2026-01-01T00:00:00+00:00,2026-12-31T23:59:59+00:00,ETH,1.499993330992242,0xde1270f52fb3fa24e15358391efdb913b2b3c119,2026-09-07T00:51:47+00:00,0x717363075ea5ffd35e78d750a785a221c1757c1396740db661be30e3568a973d,0x717363075ea5ffd35e78d750a785a221c1757c1396740db661be30e3568a973d,UNKNOWN_STATUS_NOT_EXTRACTED,25921629,14,PASS
DA-V3-00701,0xb00439e6f77af558c79005ee9d158df547490e88,0xa0b86991c6218b36c1d19d4a2e9eb0ce3606eb48,VASPCUST-S-0067,VASPCUST-B-0086,VERIFIED,VERIFIED,ETH,0.05,0xa0b86991c6218b36c1d19d4a2e9eb0ce3606eb48,2026-01-01T00:00:00+00:00,2026-12-31T23:59:59+00:00,ETH,8.32e-16,0xa0b86991c6218b36c1d19d4a2e9eb0ce3606eb48,2026-09-07T00:52:35+00:00,0x569c0c06bbaee899803e29d2da833251e2a3e5f92b9e073144cd56ae04a424cd,0x569c0c06bbaee899803e29d2da833251e2a3e5f92b9e073144cd56ae04a424cd,UNKNOWN_STATUS_NOT_EXTRACTED,25921628,19,PASS
DA-V3-00702,0x77e386b9b1ceabedf8177c6cb90db386833a416b,0x4b3175f0f33daa19611f8091d858c810bcb2e820,VASPCUST-S-0068,VASPCUST-B-0087,VERIFIED,VERIFIED,ETH,0.25,0x4b3175f0f33daa19611f8091d858c810bcb2e820,2026-01-01T00:00:00+00:00,2026-12-31T23:59:59+00:00,ETH,2.0994e-06,0x4b3175f0f33daa19611f8091d858c810bcb2e820,2026-09-07T00:53:35+00:00,0xc2fe734ca9cd44887096dfb718b55508dd96fb891aa7adc78568d42f43d09f4f,0xc2fe734ca9cd44887096dfb718b55508dd96fb891aa7adc78568d42f43d09f4f,UNKNOWN_STATUS_NOT_EXTRACTED,25921628,62,PASS
DA-V3-00703,0xdd2a66c4cc8ec1956305c876ff429afe5eeae23c,0x01c697f19e2e0a69c4189738e73f653342949a06,VASPCUST-S-0069,VASPCUST-B-0088,VERIFIED,VERIFIED,ETH,1.0,0x01c697f19e2e0a69c4189738e73f653342949a06,2026-01-01T00:00:00+00:00,2026-12-31T23:59:59+00:00,ETH,0.06835824,0x01c697f19e2e0a69c4189738e73f653342949a06,2026-09-07T00:54:35+00:00,0xd9e457a583ee3680a092955791e770621082cca2f73e78b49242211825005fad,0xd9e457a583ee3680a092955791e770621082cca2f73e78b49242211825005fad,UNKNOWN_STATUS_NOT_EXTRACTED,25921628,105,PASS
DA-V3-00704,0xa860822821040b42802fef33376adff6038636cc,0x47168df3c60759baac5054fdc034003f010062b4,VASPCUST-S-0070,VASPCUST-B-0089,VERIFIED,VERIFIED,ETH,5.0,0x47168df3c60759baac5054fdc034003f010062b4,2026-01-01T00:00:00+00:00,2026-12-31T23:59:59+00:00,ETH,7.403724274174e-06,0x000000000000000000000000000000000000dEaD,2026-09-07T00:55:35+00:00,0x59ed1f62279259705d9d161fc1d3dc2e84c3d8d53778bf0b37f9e81f8be4db94,0x59ed1f62279259705d9d161fc1d3dc2e84c3d8d53778bf0b37f9e81f8be4db94,UNKNOWN_STATUS_NOT_EXTRACTED,25921628,148,BLOCK
DA-V3-00705,0x559432e18b281731c054cd703d4b49872be4ed53,0x64b4d29dc3a179ece28084d54f4a759970a32689,VASPCUST-S-0071,VASPCUST-B-0090,FAILED,UNKNOWN,ETH,20.0,0x64b4d29dc3a179ece28084d54f4a759970a32689,2026-01-01T00:00:00+00:00,2026-12-31T23:59:59+00:00,ETH,0.005648868024375605,0x64b4d29dc3a179ece28084d54f4a759970a32689,2026-09-07T00:56:35+00:00,0xe25017459724d4226a38d36aec51d0114d9aeacf8c04dfc069697a2f41bb7076,0xe25017459724d4226a38d36aec51d0114d9aeacf8c04dfc069697a2f41bb7076,UNKNOWN_STATUS_NOT_EXTRACTED,25921628,191,REVIEW
DA-V3-00706,0xedb548034f00781d6a20a1cb778c2099edbf92e9,0xdf39355e24e6e92ca9d00180e687dd131b6b7ee5,VASPCUST-S-0072,VASPCUST-B-0091,VERIFIED,VERIFIED,ETH,0.05,0xdf39355e24e6e92ca9d00180e687dd131b6b7ee5,2026-01-01T00:00:00+00:00,2026-12-31T23:59:59+00:00,ETH,0.04,0xdf39355e24e6e92ca9d00180e687dd131b6b7ee5,2026-09-07T00:57:35+00:00,0xa53313063caa42ab3cf1b3e96b601a22555962ee0169951af0e055814dd7ff34,0xa53313063caa42ab3cf1b3e96b601a22555962ee0169951af0e055814dd7ff34,UNKNOWN_STATUS_NOT_EXTRACTED,25921628,234,PASS
DA-V3-00707,0x578145e51845e88ba829d5e933a7aeb57df1ca30,0x486952f0c812070b75c7aa655ecef6fd6888d1f6,VASPCUST-S-0073,VASPCUST-B-0092,VERIFIED,VERIFIED,ETH,0.25,0x486952f0c812070b75c7aa655ecef6fd6888d1f6,2026-01-01T00:00:00+00:00,2026-12-31T23:59:59+00:00,ETH,0.0948385,0x486952f0c812070b75c7aa655ecef6fd6888d1f6,2026-09-07T00:58:35+00:00,0x3aae4e9838494da67f5eb696f82c65c985175dc29185596489d553a1e92159a4,0x3aae4e9838494da67f5eb696f82c65c985175dc29185596489d553a1e92159a4,UNKNOWN_STATUS_NOT_EXTRACTED,25921628,277,PASS
DA-V3-00708,0x6cdb7776f6a20b9ed4441b791e9541a6fc04e313,0xdac17f958d2ee523a2206206994597c13d831ec7,VASPCUST-S-0074,VASPCUST-B-0093,VERIFIED,VERIFIED,ETH,1.0,0xdac17f958d2ee523a2206206994597c13d831ec7,2026-01-01T00:00:00+00:00,2026-12-31T23:59:59+00:00,ETH,1e-09,0xdac17f958d2ee523a2206206994597c13d831ec7,2026-09-07T00:59:35+00:00,0x58c94d1cb4297c165c35e8d4921f3b818889e30bff5a9fd6776ee93fa4852687,0x58c94d1cb4297c165c35e8d4921f3b818889e30bff5a9fd6776ee93fa4852687,UNKNOWN_STATUS_NOT_EXTRACTED,25921628,320,PASS
DA-V3-00709,0xe8832a868c091263ed190a9f4be304a03895dd91,0xdac17f958d2ee523a2206206994597c13d831ec7,VASPCUST-S-0075,VASPCUST-B-0094,VERIFIED,VERIFIED,ETH,5.0,0xdac17f958d2ee523a2206206994597c13d831ec7,2026-01-01T00:00:00+00:00,2026-12-31T23:59:59+00:00,ETH,0.35,0xdac17f958d2ee523a2206206994597c13d831ec7,2026-09-07T01:00:35+00:00,0xabdecafcd54292f6ae6f745acf43afd2b8647e4f2feff60d6e00d981d2b057e5,0xabdecafcd54292f6ae6f745acf43afd2b8647e4f2feff60d6e00d981d2b057e5,UNKNOWN_STATUS_NOT_EXTRACTED,25921628,363,PASS
DA-V3-00710,0xe463e91b5ac588e24ac810d403795f08f86822d9,0xee39678386f5bfc68df2c65656ec8e23f60063b5,VASPCUST-S-0076,VASPCUST-B-0095,VERIFIED,VERIFIED,ETH,20.0,0xee39678386f5bfc68df2c65656ec8e23f60063b5,2026-01-01T00:00:00+00:00,2026-12-31T23:59:59+00:00,ETH,0.001,0xee39678386f5bfc68df2c65656ec8e23f60063b5,2026-09-07T01:01:35+00:00,0x920ad60ed3c10630f1c19efc137571ec15e61e6b395fa45de61454bdde03b54b,0x920ad60ed3c10630f1c19efc137571ec15e61e6b395fa45de61454bdde03b54b,UNKNOWN_STATUS_NOT_EXTRACTED,25921628,406,PASS
DA-V3-00711,0xa5a5491bca93dd4c076e4906e79e7673f4a5a142,0xdac17f958d2ee523a2206206994597c13d831ec7,VASPCUST-S-0077,VASPCUST-B-0096,VERIFIED,VERIFIED,ETH,0.05,0xdac17f958d2ee523a2206206994597c13d831ec7,2026-01-01T00:00:00+00:00,2026-12-31T23:59:59+00:00,ETH,0.081905,0xdac17f958d2ee523a2206206994597c13d831ec7,2026-09-07T01:02:23+00:00,0x28c6d02206a9da118f2527346272793f1235ff6a62432b6a1ae53850c800f67c,0x28c6d02206a9da118f2527346272793f1235ff6a62432b6a1ae53850c800f67c,UNKNOWN_STATUS_NOT_EXTRACTED,25921628,449,BLOCK
DA-V3-00712,0x31e5184ab51f51d9e5509b6b771a30886038beb0,0xdac17f958d2ee523a2206206994597c13d831ec7,VASPCUST-S-0078,VASPCUST-B-0097,VERIFIED,VERIFIED,ETH,0.25,0xdac17f958d2ee523a2206206994597c13d831ec7,2026-01-01T00:00:00+00:00,2026-12-31T23:59:59+00:00,ETH,0.001,0xdac17f958d2ee523a2206206994597c13d831ec7,2026-09-07T01:03:23+00:00,0x0ecfc228f1593ba48dfc61fa5e8e90c4e3d794dd0ad33a151cb963a0d0ed3671,0x0ecfc228f1593ba48dfc61fa5e8e90c4e3d794dd0ad33a151cb963a0d0ed3671,UNKNOWN_STATUS_NOT_EXTRACTED,25921627,29,PASS
DA-V3-00713,0x8f0d024e780b7e2fd633a4d6d43631a96e8cb059,0xa0b86991c6218b36c1d19d4a2e9eb0ce3606eb48,VASPCUST-S-0079,VASPCUST-B-0098,PENDING,VERIFIED,ETH,1.0,0xa0b86991c6218b36c1d19d4a2e9eb0ce3606eb48,2026-01-01T00:00:00+00:00,2026-12-31T23:59:59+00:00,ETH,0.002503585152555949,0xa0b86991c6218b36c1d19d4a2e9eb0ce3606eb48,2026-09-07T01:04:23+00:00,0x593b936fa93c2fe2a44b96a482dc9e63a5a9fed3039b15aac88835785a737615,0x593b936fa93c2fe2a44b96a482dc9e63a5a9fed3039b15aac88835785a737615,UNKNOWN_STATUS_NOT_EXTRACTED,25921627,72,REVIEW
DA-V3-00714,0xa84c9022b726e595ab6c6f6da4530bbd4bc695bc,0x5ff137d4b0fdcd49dca30c7cf57e578a026d2789,VASPCUST-S-0080,VASPCUST-B-0099,VERIFIED,VERIFIED,ETH,5.0,0x5ff137d4b0fdcd49dca30c7cf57e578a026d2789,2026-01-01T00:00:00+00:00,2026-01-15T23:59:59+00:00,ETH,0.0004152108744,0x5ff137d4b0fdcd49dca30c7cf57e578a026d2789,2026-09-07T01:05:23+00:00,0x66637c8060eefba986ea0b966cabedd2d3366bae1b07d75fd106699101ed373f,0x66637c8060eefba986ea0b966cabedd2d3366bae1b07d75fd106699101ed373f,UNKNOWN_STATUS_NOT_EXTRACTED,25921627,115,PASS
DA-V3-00715,0x56c262027e0de4aea31d2489529cb25d23e58a8b,0xdac17f958d2ee523a2206206994597c13d831ec7,VASPCUST-S-0081,VASPCUST-B-0100,VERIFIED,VERIFIED,ETH,20.0,0xdac17f958d2ee523a2206206994597c13d831ec7,2026-01-01T00:00:00+00:00,2026-12-31T23:59:59+00:00,UNAPPROVED_TOKEN,0.04,0xdac17f958d2ee523a2206206994597c13d831ec7,2026-09-07T01:06:23+00:00,0x818c7aed00eb97188dd9ac8fb1ef1a341230803ad148c8ae80eb13263ee27ea8,0x818c7aed00eb97188dd9ac8fb1ef1a341230803ad148c8ae80eb13263ee27ea8,UNKNOWN_STATUS_NOT_EXTRACTED,25921626,25,BLOCK
DA-V3-00716,0x54fb47235974491aa47a757b4b6ce6289259085d,0x140022b7000081000001094700609300d2187dab,VASPCUST-S-0082,VASPCUST-B-0101,VERIFIED,UNKNOWN,ETH,0.05,0x140022b7000081000001094700609300d2187dab,2026-01-01T00:00:00+00:00,2026-12-31T23:59:59+00:00,ETH,4.561458271e-06,0x140022b7000081000001094700609300d2187dab,2026-09-07T01:07:23+00:00,0xd8583db19c1c00e5d2038244d8b0bb9e255ea2226fd9dcc4f49339e73c718a47,0xd8583db19c1c00e5d2038244d8b0bb9e255ea2226fd9dcc4f49339e73c718a47,UNKNOWN_STATUS_NOT_EXTRACTED,25921626,68,REVIEW
DA-V3-00717,0x352faa5794125e4e44b0bcfe38cb53d67e1f4cd1,0x555ce236c0220695b68341bc48c68d52210cc35b,VASPCUST-S-0083,VASPCUST-B-0102,VERIFIED,VERIFIED,ETH,0.25,0x555ce236c0220695b68341bc48c68d52210cc35b,2026-01-01T00:00:00+00:00,2026-12-31T23:59:59+00:00,ETH,0.04,0x555ce236c0220695b68341bc48c68d52210cc35b,2026-09-07T01:08:23+00:00,0xe93a0519534becba45f2981e87b1b27600c2f65b7f654b160babafeb1a53a2ac,0xe93a0519534becba45f2981e87b1b27600c2f65b7f654b160babafeb1a53a2ac,UNKNOWN_STATUS_NOT_EXTRACTED,25921626,111,PASS
DA-V3-00718,0x414ac7645dc849984a1fbc2962ce4b5480061a78,0xa0b86991c6218b36c1d19d4a2e9eb0ce3606eb48,VASPCUST-S-0084,VASPCUST-B-0103,VERIFIED,VERIFIED,ETH,1.0,0xa0b86991c6218b36c1d19d4a2e9eb0ce3606eb48,2026-01-01T00:00:00+00:00,2026-12-31T23:59:59+00:00,ETH,0.01498735,0xa0b86991c6218b36c1d19d4a2e9eb0ce3606eb48,2026-09-07T01:09:23+00:00,0x64a85ab376c1c2cce7ee3c3b2dc773dd34e8418935a6749aab4975108bb21b2d,0x64a85ab376c1c2cce7ee3c3b2dc773dd34e8418935a6749aab4975108bb21b2d,UNKNOWN_STATUS_NOT_EXTRACTED,25921626,154,PASS
DA-V3-00719,0xae38b2153413f1f8438340963f298e39e3b25e04,0x81edf7761c443353f22c2425fcf87f3162194990,VASPCUST-S-0085,VASPCUST-B-0104,VERIFIED,VERIFIED,ETH,5.0,0x81edf7761c443353f22c2425fcf87f3162194990,2026-01-01T00:00:00+00:00,2026-12-31T23:59:59+00:00,ETH,64.778071,0x81edf7761c443353f22c2425fcf87f3162194990,2026-09-07T01:10:23+00:00,0xa59b3151cbd890afa9b8069b5cb1bf12b8719aaf990c193889ad6b72ae3e2075,0xa59b3151cbd890afa9b8069b5cb1bf12b8719aaf990c193889ad6b72ae3e2075,UNKNOWN_STATUS_NOT_EXTRACTED,25921625,22,BLOCK
DA-V3-00720,0xa9277283873f3dc1d2f2e176bf9c03a45ecebb58,0xff00000000000000000000000000000000042069,VASPCUST-S-0086,VASPCUST-B-0105,VERIFIED,VERIFIED,ETH,20.0,0xff00000000000000000000000000000000042069,2026-01-01T00:00:00+00:00,2026-12-31T23:59:59+00:00,ETH,0.04,0xff00000000000000000000000000000000042069,2026-09-07T01:11:23+00:00,0x6cf0e64ce2c59c72fa3008afafb6433ef20c52becc6a97550fd2a888c0972048,0x6cf0e64ce2c59c72fa3008afafb6433ef20c52becc6a97550fd2a888c0972048,UNKNOWN_STATUS_NOT_EXTRACTED,25921625,65,PASS
